start_index,stop_index,signal_class
221,4635,N
635,5045,N
1045,5447,N
1447,5893,N
1893,6269,N
2269,6649,N
2649,7132,N
3132,7543,N
3543,7959,N
3959,8386,N
4386,8775,N
4775,9171,N
5171,9605,N
5605,10151,N
6151,10663,N
6663,11017,V
7017,11465,N
12099,16453,N
12453,16857,N
12857,17309,N
13309,17781,N
13781,18407,N
14407,18827,N
14827,19243,N
15243,19725,N
15725,20199,N
16199,20617,N
16617,20947,N
16947,21437,N
17437,22009,N
18009,22663,N
18663,23337,N
19337,23791,N
19791,24229,N
20229,24721,N
20721,25195,N
21195,25596,N
21596,26099,N
22099,26529,N
22529,26901,N
22901,27257,N
23257,27813,N
23813,28567,N
24567,29077,N
25077,29581,N
25581,30323,N
26323,30905,N
26905,31297,N
27297,31673,N
27673,32045,N
28045,32439,N
28439,33001,N
29001,33437,N
29437,33819,N
29819,34383,N
30383,34864,N
30864,35621,N
31621,36277,N
32277,37277,N
33277,37673,A
33673,38169,N
34169,38573,N
34573,39003,N
35003,39485,N
35485,39909,N
35909,40361,N
36361,41171,N
37171,41627,N
37627,42054,N
38054,42557,N
38557,43021,N
39021,43389,N
39389,43705,N
39705,44133,N
40133,44481,N
40481,44905,N
40905,45273,N
41273,45699,N
41699,46335,N
42335,46787,N
42787,47269,N
43269,47630,A
43630,47961,A
43961,49273,N
45273,49829,N
45829,50279,A
46279,50977,N
46977,51473,V
47473,52241,N
48241,52737,N
48737,53171,V
49171,53925,N
49925,54301,N
50301,54644,A
50644,55165,A
51165,56296,N
52296,56639,A
52639,56997,A
52997,57377,N
53377,57903,N
53903,58423,N
54423,59118,N
55118,59559,N
55559,59969,N
55969,60434,N
56434,60877,N
56877,61325,N
57325,61721,N
57721,62123,A
58123,62709,N
58709,63667,N
59667,64145,N
60145,64579,A
60579,65097,N
61097,65937,N
61937,66351,N
62351,66779,N
62779,67179,N
63179,67540,N
63540,67921,N
63921,68306,N
64306,68671,N
64671,69023,N
65023,69368,N
65368,69815,N
65815,70651,N
66651,71021,A
67021,71427,A
67427,72085,N
68085,72509,V
68509,73191,N
69191,73617,V
69617,74315,N
70315,74855,N
70855,75265,N
71265,75649,N
71649,76175,N
72175,76572,N
72572,76937,N
72937,77425,N
73425,78035,N
74035,78437,V
74437,79743,N
75743,80303,N
76303,80709,A
76709,81117,N
77117,81576,N
77576,82111,N
78111,82733,N
78733,83211,N
79211,83729,N
79729,84219,N
80219,84623,N
80623,85166,N
81166,85555,N
81555,85885,N
81885,86221,N
82221,86549,N
82549,86979,N
82979,87331,N
83331,87853,N
83853,88273,V
84273,88998,N
84998,89419,N
85419,89815,N
85815,90198,N
86198,90535,N
86535,90901,N
86901,91518,N
87518,91875,V
87875,92435,N
88435,92935,N
88935,93425,N
89425,93797,N
89797,94183,N
90183,94702,N
90702,95353,N
91353,96496,N
92496,96887,A
92887,97287,A
93287,97679,N
93679,98037,N
94037,98724,N
94724,99177,N
95177,99610,N
95610,100179,N
96179,100589,N
96589,100981,A
96981,101343,A
97343,102137,N
98137,102713,N
98713,103221,N
99221,103633,N
99633,104197,N
100197,104567,V
100567,105045,N
101045,105457,N
101457,105856,N
101856,106507,N
102507,107093,N
103093,107489,N
103489,107955,N
103955,108327,V
104327,108993,N
104993,109407,N
105407,109829,N
105829,110343,N
106343,110923,N
106923,111310,V
107310,111909,N
107909,112549,N
108549,112931,N
108931,113301,N
109301,113679,N
109679,114099,N
110099,114459,N
110459,114825,N
110825,115291,N
111291,116137,N
112137,116495,A
112495,116863,A
112863,117455,N
113455,117875,N
113875,118257,N
114257,118657,N
114657,119231,N
115231,119707,N
115707,120225,N
116225,120919,N
116919,121407,N
117407,121981,N
117981,122411,N
118411,122811,V
118811,123455,N
119455,123852,N
119852,124196,N
120196,124587,N
120587,125057,N
121057,125625,N
121625,126275,N
122275,126715,N
122715,127179,N
123179,127679,N
123679,128271,N
124271,128741,N
124741,129234,N
125234,129637,N
125637,130173,N
126173,130541,N
126541,130871,N
126871,131248,N
127248,131609,N
127609,131987,N
127987,132437,N
128437,132871,N
128871,133549,N
129549,133953,V
129953,134319,V
130319,135091,N
131091,135527,N
131527,135974,N
131974,136557,N
132557,136980,N
132980,137391,N
133391,137753,N
133753,138070,N
134070,138467,N
134467,138969,N
134969,139433,N
135433,139987,N
135987,140373,N
136373,140673,N
136673,140985,A
136985,141337,A
137337,142275,N
138275,142815,N
138815,143303,N
139303,143729,N
139729,144086,N
140086,144607,N
140607,145117,N
141117,145533,V
141533,146149,N
142149,146511,V
142511,147115,N
143115,147813,N
143813,148376,N
144376,148783,N
144783,149121,N
145121,149573,N
145573,149991,N
145991,150601,N
146601,151075,N
147075,151689,N
147689,152147,N
148147,152586,N
148586,153017,N
149017,153499,N
149499,153897,N
149897,154265,N
150265,154613,N
150613,154989,N
150989,155495,N
151495,156093,N
152093,156473,N
152473,156963,N
152963,157401,N
153401,157865,N
153865,158379,N
154379,158759,V
154759,159555,N
155555,159943,V
155943,160531,N
156531,160981,N
156981,161475,N
157475,161912,N
157912,162339,N
158339,162910,N
158910,163307,N
159307,163680,N
159680,164057,N
160057,164435,N
160435,164913,N
160913,165483,N
161483,165931,N
161931,166301,N
162301,166805,N
162805,167250,N
163250,167721,N
163721,168173,N
164173,168603,N
164603,168979,N
164979,169551,N
165551,170157,N
166157,170551,V
166551,171193,N
167193,171581,N
167581,172082,N
168082,172535,N
168535,173005,N
169005,173463,N
169463,174103,N
170103,174521,N
170521,175037,N
171037,175821,N
171821,176309,N
172309,176719,N
172719,177067,N
173067,177459,N
173459,178001,N
174001,178411,N
174411,178775,N
174775,179241,N
175241,179657,V
175657,180601,N
176601,180987,N
176987,181333,A
177333,181685,N
177685,182215,N
178215,183069,N
179069,183457,A
179457,183797,V
179797,184417,N
180417,184911,N
180911,185435,N
181435,186031,N
182031,186397,N
182397,186729,N
182729,187115,N
183115,187717,N
183717,188189,N
184189,188735,N
184735,189225,N
185225,189631,N
185631,190147,N
186147,190635,N
186635,191123,N
187123,191911,N
187911,192319,N
188319,192715,A
188715,193059,N
189059,193589,N
189589,194335,N
190335,194759,N
190759,195193,N
191193,195671,N
191671,196051,N
192051,196421,N
192421,196863,A
192863,197305,A
193305,198808,N
194808,199315,A
195315,199825,A
195825,200295,N
196295,200701,V
196701,201457,N
197457,201845,N
197845,202219,A
198219,202861,N
198861,203403,N
199403,204067,N
200067,204635,N
200635,205251,N
201251,205673,N
201673,206155,N
202155,206619,N
202619,207351,N
203351,207831,N
203831,208203,V
204203,208891,N
204891,209579,N
205579,210393,N
206393,210858,N
212295,216779,N
212779,217343,N
213343,217813,N
213813,218149,V
214149,218589,N
214589,218977,N
214977,219449,N
215449,220133,N
216133,220587,N
216587,220955,N
216955,221323,N
217323,221741,N
217741,222169,N
218169,222485,V
218485,222931,N
218931,223283,N
219283,223597,V
219597,224099,N
220099,224427,N
220427,224727,N
220727,225042,N
221042,225433,N
221433,225855,N
221855,226233,N
222233,226517,V
222517,226945,N
222945,227265,N
223265,227661,N
223661,228129,N
224129,228509,N
224509,228879,N
224879,229249,N
225249,229555,N
225555,229867,N
225867,230258,N
226258,230553,N
226553,230950,N
226950,231383,N
227383,231752,N
227752,232089,N
228089,232435,N
228435,232833,N
228833,233277,N
229277,233647,N
229647,233966,N
229966,234287,N
230287,234659,N
230659,235153,N
231153,235525,N
231525,235907,N
231907,236409,N
232409,236923,N
232923,237349,N
233349,237823,N
233823,238297,N
234297,238719,N
234719,239136,N
235136,239500,N
235500,239845,N
235845,240149,N
236149,240607,N
240787,245079,V
241079,245513,N
241513,246217,N
242217,246515,N
242515,246852,N
242852,247185,N
243185,247537,N
243537,247953,N
243953,248309,N
244309,248689,N
250715,255169,N
251169,255541,N
251541,255859,N
251859,256259,N
252259,256715,N
252715,257313,N
253313,257737,N
253737,258083,N
254083,258522,N
254522,258839,V
254839,259139,V
255139,259677,N
255677,260021,N
256021,260397,N
256397,260793,N
256793,261245,N
257245,261701,N
257701,262117,N
258117,262611,N
258611,262949,N
258949,263323,N
259323,263713,N
259713,264273,N
260273,264701,N
260701,265099,N
261099,265411,V
261411,265821,N
261821,266229,N
262229,266693,N
262693,267133,N
263133,267548,N
263548,268117,N
264117,268557,N
264557,268968,N
264968,269441,N
265441,269805,N
265805,270237,N
266237,270587,N
266587,271116,N
267116,271581,N
267581,272023,N
268023,272453,N
268453,272885,N
268885,273437,N
269437,273839,N
269839,274179,V
270179,274559,N
270559,275111,N
271111,275732,N
279482,283978,N
279978,284371,N
280371,284715,N
280715,285085,N
281085,285473,N
281473,285907,N
281907,286340,N
282340,286751,N
282751,287167,N
283167,287517,V
283517,288287,N
284287,288811,N
284811,289229,N
285229,289585,N
285585,289957,N
285957,290327,N
286327,290665,N
286665,290958,N
286958,291401,N
287401,292143,N
288143,292559,N
288559,292971,N
288971,293358,N
289358,293714,N
289714,294181,N
290181,294746,N
290746,295207,N
291207,295625,N
291625,296171,N
292171,296543,N
292543,296989,N
292989,297519,N
293519,298077,N
294077,298601,N
294601,299335,N
295335,299737,N
295737,300049,N
296049,300399,N
296399,300817,N
296817,301257,N
297257,301717,N
297717,302177,N
298177,302509,V
303331,307758,N
303758,308185,N
304185,308677,N
304677,309121,N
305121,309525,V
305525,310419,N
306419,310799,N
306799,311147,A
307147,311579,N
307579,311971,N
307971,312517,N
308517,312943,N
308943,313401,N
309401,313793,N
309793,314086,V
310086,314803,N
310803,315141,V
311141,315625,N
311625,316077,N
312077,316687,N
312687,317255,N
313255,317747,N
313747,318235,N
314235,318589,N
314589,318991,N
314991,319367,N
315367,319811,N
315811,320269,N
316269,320757,N
316757,321105,N
317105,321425,N
317425,321729,N
317729,322115,N
318115,322573,N
318573,322967,N
318967,323535,N
319535,323863,V
319863,324301,N
320301,324803,N
320803,325197,N
321197,325716,N
321716,326113,N
322113,326511,N
322511,327061,N
323061,327473,N
323473,327871,N
323871,328369,N
329452,333881,N
329881,334261,N
330261,334679,N
330679,335283,N
331283,335795,N
331795,336212,N
332212,336567,N
332567,337021,N
333021,337443,N
333443,337873,N
333873,338439,N
334439,338831,N
334831,339239,N
335239,339825,N
335825,340299,N
336299,340666,V
336666,341061,N
337061,341653,N
337653,342091,N
338091,342533,N
338533,343003,N
339003,343546,N
339546,344033,N
340033,344499,N
340499,344951,N
340951,345311,V
341311,345829,N
341829,346279,N
342279,346945,N
342945,347349,N
343349,347684,N
343684,348037,N
344037,348548,N
344548,348983,N
344983,349341,V
345341,349689,N
345689,350299,N
346299,350749,N
346749,351195,N
347195,351591,N
347591,352103,N
348103,352581,N
348581,352997,N
348997,353365,N
357795,362219,N
358219,362573,N
358573,362945,N
358945,363277,N
359277,363610,N
359610,364073,N
360073,364444,N
360444,364765,V
360765,365273,N
361273,365641,N
361641,365959,N
361959,366262,N
362262,366731,N
362731,367195,N
363195,367549,N
363549,367941,N
363941,368329,N
364329,368657,N
364657,369007,N
365007,369353,N
365353,369770,N
365770,370119,N
366119,370447,N
366447,370801,N
366801,371286,N
371718,376135,N
372135,376585,N
372585,377015,N
373015,377385,N
373385,377747,N
373747,378219,N
374219,378682,N
374682,379253,N
375253,379583,N
375583,379905,N
375905,380249,N
376249,380587,N
376587,381045,N
377045,381507,N
377507,381925,N
377925,382251,N
378251,382531,N
378531,382843,N
378843,383219,N
379219,383727,N
379727,384091,N
380091,384369,V
380369,384775,N
380775,385251,N
381251,385763,N
381763,386161,N
382161,386467,N
382467,386752,N
382752,387169,N
383169,387578,N
383578,388019,N
384019,388424,N
384424,388887,N
384887,389179,V
385179,389617,N
385617,390049,N
386049,390351,N
386351,390683,N
386683,391035,N
387035,391369,N
387369,391753,N
387753,392181,N
388181,392585,N
388585,393039,N
389039,393319,V
389319,393721,N
389721,394020,V
390020,394559,N
390559,394871,N
390871,395191,N
391191,395569,N
391569,396053,N
392053,396475,N
392475,396867,N
392867,397263,N
393263,397757,N
398821,403205,N
399205,403547,N
399547,403993,N
399993,404464,N
400464,404891,N
400891,405347,N
401347,405689,N
401689,405989,N
401989,406357,N
402357,406677,N
402677,407123,N
403123,407456,N
403456,407745,V
403745,408209,N
404209,408535,N
404535,408900,N
404900,409359,N
405359,409693,V
405693,410177,N
406177,410559,N
406559,411015,N
407015,411321,N
407321,411607,N
407607,412041,N
408041,412529,N
408529,412909,N
408909,413399,N
409399,413855,N
409855,414243,N
410243,414722,N
410722,415037,N
411037,415325,N
411325,415621,N
411621,415949,N
411949,416371,N
412371,416732,N
412732,417093,N
413093,417533,N
413533,417843,N
413843,418173,N
414173,418495,N
414495,418953,N
414953,419399,N
415399,419706,V
415706,420035,N
416035,420545,N
416545,420949,N
416949,421315,N
417315,421793,N
417793,422137,N
418137,422461,N
418461,422785,N
418785,423085,N
419085,423513,N
419513,423871,N
419871,424280,N
420280,424661,N
420661,425109,N
421109,425475,N
421475,425809,N
421809,426305,N
422305,426705,N
422705,427027,N
423027,427297,N
423297,427667,N
423667,428153,N
424153,428569,N
424569,429014,N
425014,429303,N
425303,429603,N
425603,429967,N
425967,430445,N
426445,430871,N
436168,440461,N
436461,440831,N
436831,441157,N
437157,441495,N
437495,441803,N
437803,442285,N
438285,442645,N
438645,443021,N
439021,443461,N
439461,443899,N
439899,444303,N
440303,444705,N
440705,445185,N
441185,445607,N
441607,446017,N
442017,446370,N
442370,446763,N
442763,447061,N
443061,447405,N
443405,447759,N
443759,448047,N
444047,448313,N
444313,448639,N
444639,449019,N
445019,449299,N
455039,459342,N
455342,459637,N
455637,459971,N
455971,460315,N
456315,460711,N
456711,461043,N
457043,461427,N
457427,461795,N
457795,462129,N
458129,462543,N
458543,462859,N
458859,463153,N
459153,463539,N
459539,463997,N
459997,464388,N
460388,464793,N
460793,465173,N
461173,465493,N
461493,465927,N
461927,466295,N
462295,466751,N
462751,467185,N
463185,467589,N
463589,467891,N
463891,468229,N
464229,468663,N
464663,468973,V
464973,469365,N
465365,469790,N
470673,475205,N
471205,475571,N
471571,475998,N
471998,476425,N
472425,476800,N
472800,477235,N
473235,477727,N
473727,478063,N
474063,478399,N
474399,478761,N
474761,479173,N
475173,479507,N
475507,479941,N
475941,480353,N
476353,480739,N
476739,481097,N
477097,481573,N
477573,481985,N
477985,482405,N
478405,482881,N
478881,483241,N
479241,483553,N
479553,483917,N
479917,484323,N
480323,484755,N
480755,485164,N
481164,485455,N
481455,485737,N
481737,486023,N
482023,486407,N
482407,486729,N
482729,487047,N
483047,487387,N
483387,487751,N
483751,488201,N
484201,488709,N
484709,489065,N
485065,489509,N
485509,489889,N
485889,490293,N
486293,490713,N
486713,491023,V
487023,491399,N
487399,491917,N
487917,492253,N
488253,492643,N
488643,493015,N
489015,493279,N
494485,498987,N
494987,499419,N
495419,499743,V
500629,505053,N
501053,505468,N
501468,505793,N
501793,506129,N
502129,506407,N
502407,506809,N
502809,507217,N
503217,507697,N
503697,508049,N
504049,508417,N
504417,508887,N
504887,509383,N
505383,509823,N
505823,510288,N
506288,510587,V
506587,510857,V
506857,511413,N
507413,511843,N
507843,512293,N
508293,512791,N
508791,513253,N
509253,513647,N
509647,514033,N
515237,519529,N
515529,519915,N
515915,520249,N
516249,520639,N
516639,521025,N
517025,521431,N
517431,521836,N
517836,522187,V
518187,522771,N
518771,523133,N
519133,523511,N
519511,523851,N
519851,524235,N
520235,524682,N
520682,525009,N
521009,525297,N
521297,525669,N
521669,526011,N
522011,526555,N
522555,526983,N
522983,527444,N
523444,527744,V
523744,528095,N
524095,528541,N
524541,528975,N
524975,529371,N
525371,529667,V
525667,530013,N
526013,530451,N
526451,530975,N
526975,531289,N
527289,531643,N
527643,531979,N
527979,532520,N
528520,532955,N
528955,533245,N
529245,533539,N
529539,533938,N
529938,534387,N
530387,534947,N
530947,535283,N
531283,535575,N
531575,535870,N
531870,536198,N
532198,536503,N
532503,536797,N
532797,537193,N
533193,537633,N
533633,537972,V
533972,538445,N
534445,538891,N
534891,539215,V
535215,539665,N
535665,540007,N
536007,540327,V
536327,540861,N
536861,541167,N
537167,541485,N
537485,541815,N
537815,542183,N
538183,542577,N
538577,542913,N
538913,543223,N
539223,543505,N
544091,548451,N
544451,548799,N
544799,549203,N
545203,549525,N
545525,549865,N
545865,550309,N
546309,550777,N
546777,551245,N
547245,551739,N
547739,552135,N
548135,552547,N
548547,552883,V
548883,553419,N
549419,553812,N
549812,554299,N
550299,554761,N
550761,555089,N
551089,555479,N
551479,555903,N
551903,556461,N
552461,556803,N
552803,557167,N
553167,557583,N
553583,557915,N
553915,558289,N
554289,558653,N
554653,559145,N
555145,559591,N
555591,559975,N
555975,560255,N
556255,560555,N
556555,560891,N
556891,561333,N
557333,561659,N
557659,562011,N
558011,562509,N
558509,562889,N
558889,563249,N
559249,563557,N
559557,563879,N
559879,564271,N
560271,564827,N
560827,565363,N
567157,571633,N
567633,572055,N
568055,572471,N
568471,572813,N
568813,573149,N
569149,573559,N
569559,573945,N
569945,574274,N
570274,574625,N
570625,575002,N
571002,575475,N
571475,575875,N
579947,584259,N
580259,584581,N
580581,584925,N
580925,585351,N
581351,585689,N
581689,586037,N
582037,586440,N
582440,586871,N
582871,587435,N
583435,587787,N
583787,588143,N
584143,588473,N
584473,588969,N
584969,589377,N
585377,589765,N
585765,590077,N
586077,590389,N
586389,590677,N
586677,591031,N
587031,591501,N
596277,600627,A
596627,600981,A
596981,601935,N
597935,602266,A
598266,603054,N
599054,603425,N
599425,603855,N
599855,604355,N
600355,604693,N
600693,605051,N
601051,605501,N
601501,606011,N
602011,606385,N
602385,606841,N
602841,607241,N
603241,607579,N
603579,607995,N
603995,608510,N
604510,609029,N
605029,609469,N
605469,609845,N
605845,610171,N
606171,610591,N
606591,611041,N
607041,611421,N
607421,611895,N
607895,612321,N
608321,612711,N
608711,613196,N
609196,613555,N
609555,613877,N
609877,614231,N
610231,614573,N
610573,615025,N
611025,615595,N
611595,616111,N
612111,616495,N
612495,616869,N
612869,617307,N
613307,617746,N
613746,618229,N
614229,618607,N
614607,618953,V
614953,619681,N
615681,620057,V
616057,620583,N
616583,620949,N
616949,621285,N
617285,621667,N
617667,622171,N
618171,622589,N
618589,623073,N
619073,623587,N
619587,623963,V
619963,624461,N
620461,625193,N
621193,625537,N
621537,625916,N
621916,626296,N
622296,626722,N
622722,627074,N
623074,627453,N
623453,628129,N
624129,628653,N
624653,629439,N
625439,629795,A
625795,630165,A
626165,630690,N
626690,631156,N
627156,631661,N
627661,632122,N
632869,637261,N
633261,637603,N
633603,638061,N
634061,638661,N
634661,639007,N
635007,639399,N
635399,639795,N
635795,640413,N
636413,640849,N
636849,641273,N
637273,641709,N
637709,642185,N
638185,642529,V
638529,642985,N
638985,643403,N
639403,643773,N
639773,644175,N
640175,644499,N
640499,644877,N
640877,645309,N
641309,645810,N
641810,646399,N
642399,646797,N
642797,647263,N
643263,647701,N
643701,648130,N
644130,648623,N
644623,649045,N
645045,649495,N
645495,649797,V
645797,650181,N
646181,650572,N
646572,650947,N
654067,658399,N
654399,658771,N
654771,659215,N
655215,659641,N
655641,660026,N
656026,660455,N
656455,660951,N
656951,661357,N
657357,661747,N
657747,662327,N
658327,662875,N
658875,663241,V
659241,663809,N
659809,664139,V
660139,664601,N
660601,664957,V
660957,665659,N
661659,666131,N
662131,666685,N
662685,667086,N
663086,667473,N
663473,667939,N
663939,668493,N
664493,668849,N
664849,669185,N
665185,669737,N
665737,670175,N
666175,670507,N
666507,670869,N
666869,671347,N
667347,671823,N
667823,672345,N
668345,672725,N
668725,673079,N
669079,673455,N
669455,673879,N
669879,674629,N
670629,675085,N
671085,675549,N
671549,676019,N
672019,676509,N
672509,677015,N
680177,684591,N
680591,684952,N
680952,685290,N
681290,685733,N
681733,686131,N
682131,686449,N
682449,686841,N
682841,687157,N
683157,687487,N
683487,687879,N
683879,688338,N
684338,688693,N
684693,689092,N
685092,689633,N
685633,690075,N
686075,690501,N
686501,690827,N
686827,691189,N
687189,691509,N
687509,691835,A
687835,692531,N
688531,692887,N
688887,693275,N
689275,693731,N
689731,694211,N
690211,694521,N
690521,694895,N
690895,695263,N
691263,695649,N
691649,696117,N
692117,696419,V
692419,696905,N
692905,697550,N
693550,697952,N
693952,698315,N
694315,698753,N
694753,699079,N
695079,699377,N
695377,699693,N
695693,700038,N
696038,700393,N
696393,700753,N
696753,701157,N
697157,701661,N
697661,702115,N
698115,702620,N
698620,703013,N
699013,703457,N
699457,703847,N
699847,704277,N
700277,704661,N
700661,704970,V
700970,705383,N
701383,705799,N
701799,706215,N
702215,706577,N
702577,707003,N
703003,707399,N
703399,707895,N
703895,708329,N
704329,708753,N
704753,709145,N
711401,715694,N
711694,716151,N
712151,716697,N
712697,717109,N
713109,717623,N
713623,717941,N
713941,718273,N
714273,718675,N
714675,719165,N
715165,719685,N
715685,720038,N
716038,720459,N
716459,720781,N
716781,721331,N
717331,722087,N
718087,722521,N
718521,722817,V
718817,723197,N
719197,723685,N
719685,724149,N
720149,724597,N
720597,724915,V
720915,725231,A
721231,725969,N
721969,726369,N
722369,726854,N
722854,727323,N
723323,727775,A
723775,728697,N
724697,729119,N
725119,729535,N
725535,729864,N
725864,730171,N
726171,730545,N
726545,730943,N
726943,731415,N
727415,731810,N
727810,732185,N
728185,732585,N
728585,732991,N
728991,733382,N
729382,733833,N
729833,734383,N
730383,734811,N
730811,735269,N
731269,735713,N
731713,736555,N
732555,737137,N
733137,737611,N
733611,737963,V
733963,738459,N
734459,738849,V
734849,739815,N
735815,740219,A
736219,740635,A
736635,741231,N
737231,741700,V
737700,742631,N
744115,748475,N
744475,748860,N
746469,750865,N
746865,751219,N
747219,751671,N
747671,752453,N
748453,752821,N
748821,753156,A
749156,753521,N
749521,754013,N
750013,754415,N
750415,754842,N
750842,755249,V
751249,756033,N
752033,756411,N
752411,756839,N
752839,757282,N
753282,757663,N
753663,757989,N
753989,758295,N
754295,758581,N
754581,758983,N
754983,759329,N
755329,759680,N
755680,760101,N
756101,760449,N
756449,760897,N
756897,761235,N
757235,761557,N
757557,762083,N
758083,762515,N
758515,763263,N
759263,763731,N
759731,764175,N
760175,764617,N
760617,765031,N
765720,769989,N
765989,770365,N
766365,770679,N
766679,771009,N
767009,771335,N
767335,771661,A
767661,772509,N
768509,772837,A
768837,773265,A
769265,773855,N
769855,774215,N
770215,774645,N
770645,775003,N
771003,775369,N
771369,775680,N
771680,775973,N
771973,776293,N
772293,776597,N
772597,776901,N
772901,777245,N
773245,777629,N
773629,777969,N
773969,778293,N
774293,778605,A
774605,779361,N
775361,779877,N
775877,780245,N
776245,780621,N
776621,781099,N
777099,781461,N
777461,781955,N
777955,782269,V
778269,782744,N
778744,783079,N
779079,783427,N
779427,783753,N
779753,784291,N
780291,784681,N
780681,785076,A
781076,785813,N
781813,786279,N
782279,786841,N
782841,787193,N
783193,787565,N
783565,787935,N
783935,788275,N
789555,793917,A
789917,794671,N
790671,795189,N
791189,795531,V
791531,795931,N
791931,796535,N
792535,796953,N
792953,797391,N
793391,797779,N
793779,798193,N
794193,798515,N
794515,798847,N
794847,799150,N
795150,799567,N
795567,799911,N
795911,800226,N
796226,800553,N
796553,800899,N
796899,801285,N
797285,801737,N
797737,802153,N
798153,802541,N
798541,802997,N
798997,803445,N
799445,803903,A
804735,809211,N
805211,809726,N
805726,810145,V
806145,810751,N
806751,811125,A
807125,811475,A
807475,812633,N
808633,813009,A
809009,813428,A
809428,813837,N
809837,814245,N
810245,814649,N
810649,815061,N
811061,815515,N
811515,816051,N
812051,816495,N
812495,816897,N
812897,817361,N
819329,823749,N
819749,824193,N
820193,824611,N
820611,825165,N
821165,825513,N
821513,825915,N
821915,826251,N
822251,826673,N
822673,827012,N
823012,827541,N
823541,827993,N
823993,828517,N
824517,828865,N
824865,829199,N
825199,829513,N
825513,829877,N
825877,830491,N
826491,830825,V
831141,835643,N
831643,836006,A
832006,836349,N
832349,836795,N
832795,837134,N
833134,837491,N
833491,837847,N
833847,838179,N
834179,838505,N
834505,838941,N
834941,839441,N
835441,839894,N
835894,840309,N
836309,840903,N
836903,841257,N
837257,841633,N
837633,842021,N
838021,842459,N
838459,842895,N
838895,843367,N
839367,843727,N
839727,844081,N
840081,844511,N
840511,844895,N
840895,845231,N
841231,845557,V
841557,846251,N
842251,846649,N
842649,847001,N
843001,847347,N
843347,847680,N
843680,848057,N
844057,848422,N
844422,848837,N
844837,849273,N
845273,849703,N
845703,850119,N
846119,850548,N
846548,850998,N
852781,857080,N
853080,857505,N
853505,857865,N
853865,858171,N
854171,858463,N
854463,858991,N
854991,859349,V
855349,859897,N
855897,860325,N
856325,860713,V
864245,869011,N
865011,869387,A
870074,874415,N
870415,874751,N
870751,875043,N
871043,875383,N
871383,875771,N
871771,876597,N
872597,877057,N
873057,877465,N
873465,877833,N
873833,878259,N
874259,878593,V
874593,879065,N
875065,879454,N
875454,880109,N
876109,880589,N
876589,881013,N
877013,881409,N
877409,881893,N
877893,882529,N
878529,882939,N
878939,883413,N
879413,883831,N
879831,884281,N
880281,884667,N
880667,885167,N
881167,885495,V
881495,885889,A
881889,886933,N
882933,887301,A
883301,887869,N
883869,888387,N
884387,888759,N
884759,889089,N
885089,889445,N
885445,889781,N
885781,890245,N
886245,890837,N
886837,891287,V
887287,892128,N
888128,892623,N
888623,893125,N
893641,897957,N
900537,904982,N
900982,905425,N
901425,905823,N
901823,906129,V
902129,906571,N
902571,906917,N
902917,907263,N
903263,907667,N
903667,907939,V
903939,908433,N
904433,908953,N
904953,909273,V
905273,909708,N
905708,910011,V
906011,910503,N
906503,910873,N
906873,911381,N
907381,911835,N
907835,912277,N
908277,912677,N
908677,913121,N
909121,913505,N
909505,913859,N
909859,914165,N
910165,914473,N
910473,914766,N
910766,915211,N
911211,915593,N
911593,916059,N
912059,916477,N
912477,916945,N
912945,917275,V
913275,917671,N
913671,918069,N
914069,918407,N
914407,918731,N
914731,919107,N
915107,919491,N
915491,919849,N
915849,920241,N
916241,920688,N
916688,920978,V
916978,921445,N
917445,921843,N
917843,922247,N
918247,922805,N
918805,923136,V
919136,923625,N
919625,924059,N
920059,924513,N
920513,924925,N
920925,925393,N
921393,925905,N
921905,926244,V
922244,926653,N
922653,927196,N
923196,927547,V
923547,928348,N
924348,928819,N
924819,929225,N
925225,929761,N
925761,930095,V
926095,930503,N
926503,931052,N
927052,931473,N
935747,940109,A
936109,940632,N
936632,941140,N
937140,941605,N
937605,942029,N
938029,942467,N
938467,942903,N
946873,951237,N
947237,951559,N
947559,951873,N
947873,952179,N
948179,952537,N
948537,952927,N
948927,953243,N
949243,953544,N
949544,953877,N
949877,954358,N
950358,954813,N
950813,955241,N
951241,955559,N
951559,956147,N
952147,956913,N
952913,957251,A
953251,957561,V
953561,958237,N
954237,958541,V
954541,958959,N
954959,959509,N
955509,959813,V
955813,960211,N
956211,960711,N
956711,961057,N
957057,961415,N
957415,961766,N
957766,962101,N
958101,962539,N
958539,962962,N
958962,963358,N
959358,963667,N
959667,963967,N
959967,964277,N
960277,964715,N
960715,965183,N
961183,965565,N
961565,965981,N
961981,966373,N
962373,966805,N
962805,967170,N
963170,967700,N
963700,968095,N
964095,968485,N
964485,968939,N
964939,969270,N
965270,969671,N
965671,970181,N
966181,970719,N
966719,971345,N
967345,971812,N
967812,972259,N
968259,972779,N
968779,973157,V
969157,974049,N
970049,974437,A
970437,974919,N
970919,975343,N
971343,975855,N
971855,976197,V
972197,976657,N
972657,976989,N
972989,977405,N
973405,977909,N
973909,978215,V
974215,978683,N
974683,979041,N
975041,979444,N
975444,979975,N
975975,980494,N
985669,990129,N
986129,990523,N
986523,990923,N
986923,991397,N
987397,992203,N
988203,992653,V
988653,993513,N
989513,993887,N
989887,994227,A
990227,994651,N
990651,995109,N
991109,995477,N
991477,995916,N
991916,996327,N
992327,996775,N
992775,997219,N
993219,997652,N
993652,998082,N
998441,1002971,N
998971,1003322,N
999322,1003724,N
999724,1004084,N
1000084,1004427,N
1000427,1004855,N
1000855,1005195,N
1001195,1005543,N
1001543,1006019,N
1002019,1006457,N
1002457,1006782,N
1002782,1007093,N
1003093,1007433,N
1003433,1007784,N
1003784,1008185,N
1004185,1008622,N
1004622,1009385,N
1005385,1009781,V
1005781,1010325,N
1006325,1010841,N
1006841,1011397,N
1007397,1011849,N
1007849,1012240,V
1008240,1012906,N
1008906,1013361,V
1009361,1014121,N
1010121,1014560,A
1010560,1015151,N
1011151,1016087,N
1012087,1016555,N
1012555,1016959,A
1012959,1017373,N
1013373,1017809,N
1013809,1018259,N
1014259,1018573,V
1014573,1019271,N
1015271,1019697,N
1015697,1020025,V
1016025,1020440,A
1016440,1020940,A
1016940,1021999,N
1017999,1022535,N
1018535,1022995,A
1018995,1023555,N
1019555,1023995,N
1019995,1024491,N
1020491,1024823,V
1020823,1025364,N
1021364,1025697,V
1021697,1026123,N
1022123,1026583,N
1022583,1027051,N
1023051,1027369,V
1023369,1027656,V
1023656,1028373,N
1024373,1028732,N
1024732,1029148,N
1025148,1029471,N
1025471,1029775,N
1025775,1030184,N
1026184,1030655,N
1026655,1031235,N
1027235,1031913,N
1027913,1032253,A
1028253,1032621,A
1028621,1033807,N
1029807,1034237,A
1030237,1034681,A
1030681,1035165,N
1031165,1035487,V
1031487,1036075,N
1032075,1036453,V
1032453,1037361,N
1033361,1037675,A
1033675,1038001,A
1034001,1038457,N
1034457,1038919,N
1034919,1039251,V
1035251,1039663,N
1035663,1040090,N
1036090,1040729,N
1036729,1041157,N
1037157,1041529,N
1037529,1041885,N
1037885,1042279,N
1038279,1042719,N
1038719,1043247,N
1039247,1043661,N
1039661,1043985,N
1039985,1044340,N
1040340,1044813,N
1040813,1045185,V
1041185,1045825,N
1041825,1046247,N
1042247,1046699,N
1042699,1047029,V
1043029,1047449,A
1043449,1048295,N
1044295,1048685,N
1044685,1049035,A
1045035,1049467,N
1045467,1049903,N
1045903,1050315,N
1046315,1050653,N
1046653,1051059,N
1047059,1051513,N
1047513,1051975,N
1047975,1052340,N
1048340,1052717,N
1048717,1053063,N
1049063,1053423,N
1049423,1053791,N
1049791,1054223,N
1050223,1054684,N
1050684,1055257,N
1051257,1055673,V
1051673,1056381,N
1052381,1056731,V
1052731,1057309,N
1053309,1057842,N
1053842,1058222,N
1054222,1058569,N
1054569,1059069,N
1055069,1059439,V
1055439,1060089,N
1056089,1060649,N
1061745,1066165,N
1062165,1066611,N
1062611,1067411,N
1063411,1067733,A
1063733,1068133,N
1064133,1068530,N
1064530,1068824,N
1064824,1069147,N
1065147,1069462,N
1065462,1070031,N
1066031,1070741,N
1066741,1071109,N
1067109,1071535,N
1067535,1071923,N
1067923,1072257,N
1068257,1072575,N
1068575,1072969,N
1068969,1073413,N
1069413,1073835,N
1069835,1074185,V
1070185,1074841,N
1070841,1075146,N
1071146,1075485,N
1071485,1075849,N
1071849,1076329,N
1072329,1076769,N
1072769,1077105,N
1073105,1077439,N
1073439,1077893,N
1073893,1078211,V
1074211,1079155,N
1075155,1079490,A
1075490,1079942,N
1075942,1080433,N
1076433,1080779,V
1076779,1081233,N
1077233,1081625,N
1077625,1082021,N
1078021,1082377,N
1078377,1082846,N
1078846,1083243,N
1079243,1083622,N
1079622,1084013,N
1080013,1084451,N
1080451,1084871,N
1080871,1085329,N
1081329,1085767,N
1081767,1086161,N
1082161,1086587,N
1082587,1086979,N
1082979,1087365,N
1083365,1087781,N
1083781,1088153,N
1084153,1088507,V
1084507,1089213,N
1085213,1089574,N
1085574,1089957,N
1085957,1090305,N
1086305,1090708,N
1086708,1091065,N
1087065,1091465,N
1087465,1091985,N
1087985,1092334,N
1088334,1092658,N
1088658,1093005,N
1089005,1093323,N
1089323,1093945,N
1089945,1094373,N
1090373,1094795,N
1090795,1095285,N
1091285,1095691,N
1091691,1096215,N
1092215,1096563,V
1092563,1096999,N
1092999,1097455,N
1093455,1098260,N
1094260,1098801,N
1094801,1099209,N
1095209,1099669,N
1095669,1100075,N
1096075,1100391,V
1096391,1101209,N
1097209,1101794,N
1097794,1102307,N
1098307,1102801,N
1098801,1103158,N
1099158,1103573,N
1099573,1103999,N
1099999,1104431,N
1100431,1104923,N
1100923,1105387,N
1101387,1105837,N
1101837,1106281,N
1102281,1106857,N
1102857,1107262,N
1103262,1107641,N
1103641,1107993,N
1103993,1108415,N
1104415,1108923,N
1104923,1109267,N
1105267,1109565,N
1105565,1109897,N
1105897,1110319,N
1106319,1110688,N
1106688,1111161,N
1107161,1111763,N
1107763,1112391,N
1108391,1112813,N
1108813,1113147,V
1122257,1126631,N
1122631,1127105,N
1127537,1132039,N
1128039,1132513,N
1128513,1132950,N
1128950,1133427,N
1129427,1133791,N
1129791,1134199,N
1130199,1134655,N
1130655,1135070,N
1131070,1135445,N
1131445,1135871,N
1131871,1136229,N
1132229,1136531,N
1132531,1136927,N
1132927,1137395,N
1133395,1137851,N
1133851,1138247,V
1134247,1139144,N
1139773,1144256,N
1140256,1144665,N
1140665,1145081,N
1141081,1145615,N
1141615,1146237,N
1142237,1147103,N
1143103,1147569,N
1143569,1148027,N
1144027,1148445,N
1144445,1148857,N
1144857,1149279,N
1145279,1149721,N
1145721,1150149,N
1146149,1150499,N
1146499,1150811,N
1146811,1151100,N
1147100,1151425,N
1147425,1151923,N
1147923,1152265,N
1148265,1152691,N
1148691,1153029,N
1149029,1153409,N
1149409,1153787,N
1149787,1154099,N
1150099,1154585,N
1150585,1155003,N
1151003,1155365,N
1151365,1155734,N
1151734,1156171,N
1152171,1156541,N
1152541,1156931,N
1152931,1157399,N
1153399,1157737,N
1153737,1158031,N
1154031,1158347,N
1154347,1158770,N
1154770,1159149,N
1159791,1164108,V
1160108,1164489,N
1160489,1164943,N
1160943,1165733,N
1161733,1166075,A
1162075,1166551,N
1162551,1166933,N
1162933,1167306,A
1163306,1167740,A
1163740,1168675,N
1164675,1169077,A
1165077,1169617,N
1165617,1170193,N
1166193,1170631,N
1167059,1171529,N
1167529,1171969,N
1167969,1172709,N
1168709,1173055,V
1173631,1178008,N
1174008,1178450,N
1174450,1178821,N
1174821,1179195,N
1175195,1179663,N
1175663,1180047,N
1176047,1180465,N
1176465,1180891,N
1176891,1181273,N
1177273,1181677,N
1177677,1182001,N
1178001,1182345,N
1178345,1182831,N
1178831,1183223,N
1179223,1183865,N
1179865,1184409,N
1180409,1184735,V
1180735,1185267,N
1181267,1185673,N
1181673,1186123,N
1182123,1186571,N
1182571,1186995,N
1182995,1187317,V
1183317,1187815,N
1183815,1188277,N
1184277,1188690,N
1189033,1193499,N
1189499,1193857,N
1189857,1194277,N
1201611,1206058,N
1202058,1206407,N
1202407,1206723,N
1202723,1207033,N
1203033,1207346,N
1203346,1207715,N
1203715,1208061,N
1204061,1208629,N
1204629,1209009,N
1205009,1209429,N
1205429,1209849,N
1205849,1210445,N
1206445,1211039,N
1207039,1211359,A
1207359,1211641,V
1207641,1212107,N
1208107,1212491,N
1208491,1212867,N
1209615,1213961,N
1209961,1214325,N
1210325,1214671,N
1210671,1215022,N
1211022,1215495,N
1211495,1215915,N
1211915,1216309,N
1212309,1216667,V
1212667,1217481,N
1213481,1217905,N
1213905,1218235,N
1214235,1218551,N
1214551,1218899,N
1214899,1219265,N
1215265,1219656,N
1215656,1219977,N
1215977,1220271,N
1216271,1220603,N
1216603,1221071,N
1217071,1221503,N
1217503,1221849,N
1217849,1222251,N
1218251,1222559,N
1218559,1222883,N
1223829,1228659,N
1224659,1229095,N
1225095,1229573,N
1225573,1230087,N
1226087,1230447,N
1226447,1230809,N
1226809,1231121,N
1227121,1231504,N
1227504,1232051,N
1228051,1232381,V
1228381,1232725,N
1228725,1233253,N
1229253,1233733,N
1229733,1234105,N
1230105,1234485,N
1230485,1234980,N
1230980,1235519,N
1231519,1235864,V
1231864,1236214,A
1232214,1237236,N
1233236,1237725,N
1233725,1238205,A
1234205,1238739,N
1234739,1239067,V
1235067,1239607,N
1235607,1240539,N
1236539,1241157,N
1237157,1241665,N
1237665,1242013,V
1238013,1242485,N
1238485,1242975,N
1238975,1243394,N
1239394,1243843,N
1239843,1244309,N
1240309,1244695,N
1240695,1245061,N
1247977,1252276,N
1248276,1252703,N
1248703,1253064,N
1249064,1253400,N
1249400,1253682,N
1249682,1253971,N
1249971,1254317,N
1250317,1255073,N
1257365,1261875,N
1257875,1262204,V
1258204,1262563,N
1258563,1263083,N
1259083,1263511,N
1264693,1269229,N
1265229,1269571,N
1265571,1269921,N
1265921,1270287,N
1266287,1270975,N
1266975,1271352,V
1267352,1271861,N
1267861,1272289,N
1268289,1272631,V
1268631,1272995,A
1268995,1273709,N
1269709,1274182,N
1270182,1274531,N
1270531,1274903,N
1270903,1275363,N
1271363,1275767,N
1271767,1276095,N
1272095,1276445,N
1272445,1276812,N
1272812,1277265,N
1273265,1277693,N
1273693,1278111,N
1274111,1278563,N
1274563,1278967,N
1274967,1279443,N
1275443,1279873,N
1275873,1280259,N
1276259,1280691,N
1276691,1281131,N
1277131,1281577,N
1277577,1281987,N
1277987,1282409,N
1278409,1282865,N
1278865,1283225,N
1279225,1283737,N
1279737,1284262,N
1280262,1284736,N
1280736,1285267,N
1281267,1285639,N
1281639,1286031,N
1282031,1286387,N
1282387,1286811,N
1282811,1287127,V
1283127,1287945,N
1283945,1288315,N
1284315,1288725,N
1284725,1289093,N
1285093,1289459,N
1285459,1289833,N
1285833,1290247,N
1286247,1290593,N
1286593,1290989,N
1286989,1291433,N
1287433,1291875,N
1287875,1292228,V
1288228,1292835,N
1288835,1293361,N
1289361,1293697,V
1289697,1294257,N
1301273,1305664,N
1301664,1305975,N
1301975,1306271,N
1302271,1306641,N
1302641,1307075,N
1303075,1307429,N
1303429,1307781,N
1303781,1308303,N
1304303,1308637,N
1304637,1308973,N
1304973,1309282,N
1305282,1309631,N
1305631,1310053,N
1306053,1310481,N
1306481,1311017,N
1307017,1311781,N
1307781,1312121,A
1308121,1312487,N
1308487,1312907,N
1308907,1313389,N
1309389,1314142,N
1310142,1314705,N
1310705,1315033,A
1311033,1315331,N
1311331,1315677,N
1311677,1316027,N
1312027,1316355,N
1312355,1316659,N
1312659,1317197,N
1313197,1317593,N
1313593,1318075,N
1314075,1318619,N
1314619,1318995,N
1314995,1319385,N
1315385,1319831,N
1315831,1320297,N
1316297,1320739,N
1316739,1321065,N
1317065,1321421,N
1317421,1321823,N
1317823,1322243,N
1318243,1322709,N
1318709,1323069,N
1319069,1323379,N
1319379,1323895,N
1319895,1324383,N
1320383,1324760,N
1320760,1325223,N
1321223,1325651,N
1321651,1326069,N
1322069,1326401,N
1322401,1326753,N
1322753,1327169,N
1323169,1327573,N
1323573,1327905,N
1323905,1328207,N
1324207,1328745,N
1324745,1329264,N
1325264,1329603,N
1325603,1329959,N
1325959,1330300,N
1326300,1330713,N
1326713,1331049,N
1327049,1331479,N
1327479,1331980,N
1327980,1332779,N
1328779,1333139,A
1329139,1333609,N
1329609,1334269,N
1339451,1343863,N
1339863,1344383,N
1340383,1344881,N
1340881,1345285,N
1341285,1345683,N
1341683,1346143,N
1352953,1357345,N
1353345,1357675,N
1353675,1357975,N
1353975,1358391,N
1354391,1358799,N
1354799,1359531,N
1355531,1359871,N
1355871,1360185,N
1356185,1360510,N
1356510,1360826,N
1356826,1361183,N
1357183,1361601,N
1357601,1361981,N
1357981,1362358,N
1358358,1362685,N
1358685,1362983,N
1358983,1363275,V
1359275,1363881,N
1359881,1364197,N
1360197,1364505,N
1360505,1364875,N
1360875,1365319,N
1361319,1365729,N
1361729,1366119,V
1362119,1366933,N
1362933,1367263,N
1363263,1367611,N
1363611,1368032,N
1364032,1368401,N
1364401,1368771,N
1364771,1369277,N
1365277,1369761,N
1365761,1370275,N
1366275,1370953,N
1366953,1371263,N
1367263,1371561,N
1367561,1371884,N
1367884,1372188,N
1368188,1372575,N
1368575,1373025,N
1369025,1373481,N
1369481,1373865,N
1369865,1374311,N
1370311,1375070,N
1371070,1375399,N
1371399,1375755,A
1371755,1376141,N
1372141,1376813,N
1372813,1377525,N
1373525,1377825,A
1373825,1378321,N
1374321,1378769,N
1374769,1379105,V
1375105,1379777,N
1375777,1380327,N
1376327,1380835,N
1376835,1381287,V
1377287,1382087,N
1378087,1382393,A
1378393,1382911,N
1378911,1383301,N
1379301,1383807,N
1379807,1384198,N
1380198,1384560,N
1380560,1385023,N
1381023,1385532,N
1381532,1385883,V
1381883,1386725,N
1382725,1387101,A
1383101,1387557,N
1400611,1405109,N
1401109,1405499,N
1401499,1405843,N
1401843,1406177,N
1402177,1406595,N
1402595,1407325,N
1403325,1407827,N
1403827,1408467,N
1404467,1408830,A
1404830,1409335,A
1405335,1410372,N
1406372,1410779,N
1406779,1411105,A
1407105,1411404,N
1407404,1411723,N
1407723,1412045,A
1412985,1417451,N
1413451,1417905,N
1413905,1418303,N
1414303,1418764,N
1414764,1419217,N
1415217,1419557,V
1415557,1420327,N
1416327,1420745,N
1416745,1421089,N
1417089,1421395,A
1417395,1421689,A
1417689,1422713,N
1418713,1423146,A
1419146,1424524,N
1420524,1424969,A
1420969,1425391,A
1421391,1425749,N
1421749,1426101,N
1422101,1426569,N
1422569,1427023,A
1423023,1427347,V
1428647,1432992,A
1428992,1433353,A
1429353,1433735,N
1429735,1434112,N
1430112,1434713,N
1430713,1435175,N
1431175,1435593,N
1431593,1436195,N
1432195,1436601,V
1432601,1436955,V
1432955,1437919,N
1433919,1438281,A
1434281,1438627,A
1434627,1439119,N
1435119,1439497,N
1435497,1439967,N
1435967,1440459,N
1436459,1440809,A
1436809,1441284,A
1437284,1442239,N
1438239,1442583,A
1438583,1443172,N
1439172,1443513,N
1439513,1443835,N
1439835,1444151,N
1440151,1444517,N
1440517,1444891,A
1440891,1445801,N
1441801,1446261,N
1451309,1455777,N
1451777,1456161,N
1452161,1456649,N
1452649,1457039,N
1453039,1457495,N
1453495,1457921,N
1453921,1458345,N
1462259,1466569,N
1462569,1466968,N
1471141,1475469,N
1471469,1475799,N
1471799,1476189,N
1472189,1476613,N
1472613,1477060,N
1473060,1477383,N
1473383,1477899,N
1473899,1478631,N
1474631,1478989,N
1474989,1479396,A
1475396,1479841,N
1475841,1480487,N
1476487,1480963,N
1476963,1481511,N
1477511,1481911,V
1477911,1482462,N
1478462,1482901,V
1478901,1483637,N
1479637,1484071,N
1480071,1484443,N
1480443,1484783,N
1480783,1485181,N
1481181,1485543,N
1481543,1485951,N
1481951,1486449,N
1482449,1486913,N
1482913,1487331,N
1483331,1487811,N
1483811,1488267,N
1484267,1488607,N
1484607,1488967,N
1484967,1489355,N
1485355,1489711,N
1485711,1490131,N
1486131,1490555,N
1486555,1490873,N
1486873,1491267,N
1487267,1491605,N
1487605,1492097,N
1488097,1492455,N
1488455,1492853,N
1488853,1493313,N
1489313,1493689,A
1489689,1494433,N
1490433,1495621,N
1491621,1496019,A
1492019,1496393,A
1492393,1496825,N
1492825,1497273,N
1493273,1497749,N
1493749,1498255,N
1494255,1498773,N
1494773,1499169,N
1495169,1499555,N
1495555,1499903,N
1495903,1500235,N
1496235,1500577,N
1496577,1500947,N
1496947,1501347,N
1497347,1501777,N
1497777,1502317,N
1498317,1502863,N
1498863,1503293,N
1499293,1503731,N
1499731,1504161,N
1500161,1504543,N
1500543,1505119,N
1501119,1505833,N
1501833,1506261,N
1502261,1506725,N
1502725,1507193,N
1503193,1507633,N
1503633,1508115,N
1504115,1508555,N
1504555,1508880,N
1504880,1509259,N
1505259,1509594,N
1505594,1509977,N
1505977,1510407,N
1506407,1510773,V
1506773,1511469,N
1507469,1511868,N
1507868,1512253,N
1508253,1512775,N
1508775,1513226,N
1509226,1513751,N
1509751,1514093,V
1510093,1514565,N
1510565,1515074,N
1511074,1515919,N
1511919,1516457,V
1512457,1517769,N
1513769,1518131,A
1514131,1518791,N
1514791,1519153,N
1515153,1519473,N
1515473,1519781,N
1515781,1520094,N
1516094,1520419,N
1516419,1520775,N
1516775,1521129,N
1517129,1521443,V
1522023,1526421,N
1522421,1526814,N
1522814,1527233,N
1523233,1527623,N
1523623,1527953,V
1523953,1528601,N
1524601,1528964,V
1524964,1529472,N
1525472,1529894,N
1525894,1530277,A
1526277,1530686,A
1526686,1531909,N
1527909,1532383,A
1528383,1532861,A
1528861,1533243,N
1529243,1533567,N
1529567,1533952,N
1529952,1534295,N
1530295,1534709,N
1530709,1535025,N
1531025,1535321,N
1531321,1535619,N
1531619,1535991,N
1531991,1536339,N
1532339,1536647,N
1532647,1536939,N
1532939,1537247,N
1533247,1537685,N
1533685,1538149,N
1534149,1538586,N
1534586,1539027,N
1535027,1539603,N
1535603,1539977,V
1535977,1540527,N
1536527,1540987,N
1536987,1541582,N
1537582,1542007,N
1538007,1542349,V
1538349,1542895,N
1538895,1543349,N
1539349,1543738,N
1539738,1544151,N
1540151,1544471,N
1540471,1544915,N
1540915,1545531,N
1541531,1545985,N
1541985,1546447,N
1542447,1546845,N
1542845,1547297,N
1543297,1547707,N
1543707,1548213,N
1544213,1548769,N
1544769,1549115,V
1545115,1549517,N
1545517,1550091,N
1546091,1550899,N
1546899,1551322,N
1547322,1551803,N
1547803,1552229,N
1548229,1552755,N
1548755,1553169,V
1549169,1554061,N
1550061,1554427,A
1550427,1554800,N
1550800,1555131,N
1551131,1555463,A
1551463,1556207,N
1552207,1556689,N
1552689,1557061,V
1553061,1557567,N
1553567,1558305,N
1554305,1558671,N
1554671,1559052,N
1555052,1559449,N
1555449,1559799,N
1555799,1560169,N
1556169,1560594,N
1556594,1561049,N
1557049,1561817,N
1557817,1562679,N
1558679,1563137,A
1559137,1563803,N
1559803,1564209,V
1560209,1564671,A
1560671,1565415,N
1561415,1565775,N
1561775,1566181,N
1562181,1566567,N
1562567,1566929,N
1562929,1567353,N
1563353,1567737,N
1563737,1568107,N
1564107,1568426,N
1564426,1568737,N
1564737,1569048,N
1565048,1569582,N
1565582,1570027,N
1566027,1570431,N
1566431,1570835,N
1566835,1571205,N
1567205,1571563,N
1567563,1571893,V
1567893,1572487,N
1568487,1572843,N
1568843,1573235,N
1569235,1573683,N
1569683,1574139,N
1570139,1574559,N
1570559,1574867,N
1570867,1575383,N
1571383,1576039,N
1572039,1576441,V
1572441,1577235,N
1573235,1577584,N
1573584,1577943,N
1573943,1578367,N
1574367,1578819,N
1574819,1579309,N
1575309,1579731,N
1575731,1580111,N
1576111,1580519,N
1576519,1580922,N
1576922,1581245,N
1577245,1581547,N
1577547,1581835,N
1577835,1582207,N
1578207,1582647,N
1578647,1582985,N
1578985,1583393,N
1579393,1583735,N
1579735,1584188,N
1580188,1584634,N
1580634,1584979,N
1585874,1590213,N
1586213,1590628,N
1586628,1591015,N
1587015,1591499,N
1587499,1591891,N
1587891,1592307,N
1588307,1592599,N
1588599,1592911,N
1588911,1593265,N
1589265,1593595,N
1589595,1594077,N
1590077,1594621,N
1590621,1594951,N
1590951,1595257,N
1591257,1595688,N
1591688,1596073,N
1592073,1596445,N
1592445,1596931,N
1592931,1597393,N
1593393,1597807,N
1593807,1598097,V
1598939,1603225,A
1599225,1603515,A
1599515,1603855,N
1599855,1604215,N
1600215,1604526,N
1600526,1604878,N
1600878,1605353,N
1601353,1605789,N
1601789,1606237,N
1602237,1606693,N
1602693,1607225,N
1603225,1607549,V
1603549,1608353,N
1604353,1608835,N
1604835,1609235,N
1605235,1609735,N
1605735,1610119,N
1606119,1610551,A
1606551,1611365,N
1607365,1611899,N
1607899,1612307,V
1608307,1612689,A
1608689,1613397,N
1609397,1614163,N
1610163,1614681,N
1610681,1615117,N
1611117,1615482,N
1611482,1615927,N
1611927,1616261,N
1612261,1616573,N
1612573,1616867,N
1612867,1617140,N
1613140,1617451,N
1613451,1617923,N
1613923,1618637,N
1614637,1618959,A
1614959,1619416,N
1615416,1619796,N
1615796,1620121,N
1616121,1620469,N
1616469,1620838,N
1616838,1621229,N
1617229,1621723,N
1617723,1622517,N
1618517,1622871,A
1618871,1623243,N
1619243,1623723,N
1619723,1624197,N
1620197,1624571,N
1620571,1625055,N
1621055,1625661,N
1621661,1626269,N
1622269,1627005,N
1623005,1627330,A
1623330,1627675,N
1623675,1628028,N
1624028,1628473,N
1624473,1628840,A
1624840,1629705,N
1625705,1630281,N
1626281,1630619,A
1634039,1638365,V
1634365,1638831,N
1634831,1639217,N
1635217,1639631,A
1635631,1640413,N
1636413,1640713,A
1636713,1641009,N
1637009,1641286,N
1637286,1641581,N
1637581,1641899,N
1637899,1642299,N
1638299,1642703,N
1638703,1643065,N
1639065,1643445,N
1639445,1643889,N
1639889,1644268,N
1640268,1644810,N
1640810,1645265,N
1641265,1645602,N
1641602,1645933,N
1641933,1646257,N
1642257,1646567,N
1642567,1646919,N
1642919,1647471,N
1643471,1647799,V
1643799,1648859,N
1644859,1649329,N
1645329,1649685,V
1645685,1650332,N
1646332,1650887,N
1646887,1651619,N
1647619,1652103,N
1648103,1652429,A
1648429,1652863,N
1648863,1653231,N
1649231,1653775,N
1649775,1654201,N
1650201,1654547,V
1650547,1655043,N
1651043,1655375,V
1651375,1655966,N
1651966,1656491,N
1652491,1657001,N
1653001,1657436,N
1653436,1657925,N
1653925,1658783,N
1654783,1659143,A
1655143,1659477,V
1655477,1660117,N
1656117,1660551,N
1656551,1660913,A
1656913,1661331,A
1657331,1662451,N
1658451,1663321,N
1659321,1664199,N
1660199,1664775,N
1660775,1665199,N
1661199,1665615,N
1661615,1666023,N
1662023,1666531,N
1662531,1667421,N
1663421,1667803,A
1663803,1668212,A
1664212,1668643,N
1664643,1669163,N
1665163,1669637,V
1665637,1670521,N
1666521,1670941,N
1666941,1671347,N
1667347,1671782,N
1667782,1672172,N
1668172,1672791,N
1668791,1673291,N
1669291,1673753,N
1669753,1674327,N
1670327,1674883,N
1670883,1675632,N
1671632,1676047,V
1672047,1676847,N
1672847,1677215,N
1673215,1677619,A
1673619,1678065,N
1674065,1678757,N
1674757,1679143,N
1675143,1679581,N
1675581,1679961,N
1675961,1680419,N
1676419,1680931,N
1676931,1681250,V
1677250,1681845,N
1677845,1682305,N
1678305,1682719,N
1678719,1683241,N
1679241,1683593,V
1679593,1684111,N
1680111,1684533,N
1680533,1684955,N
1680955,1685361,N
1681361,1685757,N
1681757,1686153,N
1682153,1686561,N
1682561,1687039,N
1683039,1687723,N
1683723,1688163,N
1684163,1688561,N
1684561,1688937,N
1684937,1689431,N
1685431,1689745,V
1685745,1690159,A
1686159,1690983,N
1686983,1691413,N
1693212,1697525,N
1693863,1698485,N
1695793,1700095,N
1696095,1700399,N
1696399,1700725,N
1696725,1701139,N
1697139,1701567,N
1697567,1701983,N
1697983,1702381,N
1698381,1702799,N
1698799,1703171,N
1699171,1703495,N
1699495,1703799,N
1699799,1704183,N
1700183,1704631,N
1700631,1705025,N
1701025,1705531,N
1701531,1706043,N
1702043,1706352,N
1702352,1706723,N
1702723,1707071,N
1703071,1707499,N
1703499,1707925,N
1703925,1708245,N
1704245,1708607,N
1704607,1708999,N
1704999,1709423,N
1705423,1709917,N
1705917,1710353,N
1706353,1710695,N
1706695,1711135,N
1707135,1711533,N
1707533,1712077,N
1708077,1712461,N
1708461,1712879,N
1708879,1713213,N
1709213,1713609,N
1709609,1714067,N
1710067,1714493,N
1710493,1714917,N
1710917,1715360,N
1711360,1715731,N
1711731,1716087,N
1712087,1716481,N
1712481,1716867,N
1712867,1717337,N
1713337,1717907,N
1713907,1718369,V
1714369,1719097,N
1715097,1719423,N
1715423,1719730,A
1715730,1720173,N
1716173,1720610,N
1716610,1721081,N
1717081,1721445,N
1717445,1721766,N
1717766,1722099,N
1718099,1722453,N
1718453,1723043,N
1719043,1723473,N
1719473,1723871,N
1719871,1724361,N
1720361,1724825,N
1720825,1725183,A
1721183,1725626,A
1721626,1726528,N
1722528,1726889,A
1722889,1727301,N
1723301,1727793,N
1723793,1728149,N
1724149,1728483,N
1724483,1728915,N
1724915,1729269,N
1725269,1729615,N
1725615,1729999,N
1725999,1730457,N
1726457,1730903,N
1726903,1731321,N
1727321,1731667,N
1727667,1732103,N
1728103,1732571,N
1728571,1732899,V
1728899,1733305,N
1729305,1733733,N
1729733,1734427,N
1730427,1734769,V
1730769,1735482,N
1731482,1735919,N
1731919,1736265,N
1732265,1736661,N
1732661,1737109,N
1733109,1737555,N
1733555,1738229,N
1734229,1738637,V
1734637,1739311,N
1735311,1739749,N
1735749,1740139,N
1736139,1740537,N
1736537,1740971,N
1736971,1741339,N
1737339,1741631,V
1737631,1741931,V
1737931,1742625,N
1738625,1742940,N
1738940,1743271,N
1739271,1743688,N
1739688,1744041,N
1740041,1744470,N
1740470,1744787,V
1740787,1745183,N
1741183,1745601,N
1741601,1746100,N
1742100,1746499,N
1742499,1746855,N
1742855,1747219,N
1743219,1747665,N
1743665,1748053,N
1744053,1748485,N
1744485,1749115,N
1745115,1749455,N
1745455,1749874,N
1745874,1750271,N
1746271,1750615,N
1746615,1750964,N
1746964,1751375,N
1747375,1751848,N
1747848,1752327,N
1748327,1752696,N
1748696,1753058,N
1749058,1753413,N
1749413,1753805,N
1749805,1754145,N
1750145,1754543,N
1750543,1754889,N
1750889,1755273,N
1759791,1764451,N
1760451,1764737,N
1760737,1765103,N
1761103,1765411,N
1761411,1765731,N
1766569,1771183,N
1767183,1771495,V
1767495,1771933,N
1767933,1772381,N
1768381,1772743,N
1768743,1773085,N
1769085,1773485,N
1769485,1773964,N
1769964,1774379,N
1770379,1774809,N
1770809,1775265,N
1771265,1775585,V
1771585,1776229,N
1772229,1776589,N
1772589,1776962,N
1772962,1777295,N
1773295,1777581,N
1773581,1777903,N
1773903,1778229,N
1774229,1778767,N
1774767,1779414,N
1775414,1779890,N
1775890,1780320,N
1776320,1780725,N
1780987,1785406,A
1781406,1785755,V
1781755,1786954,N
1782954,1787314,A
1783314,1787753,A
1783753,1788136,N
1784136,1788563,N
1784563,1788997,N
1784997,1789447,N
1785447,1789815,N
1785815,1790398,N
1786398,1790879,N
1786879,1791237,N
1787237,1791567,N
1787567,1791883,N
1787883,1792521,N
1788521,1792961,N
1788961,1793381,N
1789381,1793883,N
1789883,1794281,V
1790281,1795075,N
1791075,1795407,A
1791407,1795851,N
1791851,1796229,N
1792229,1796598,N
1792598,1796937,V
1792937,1797583,N
1793583,1797903,V
1793903,1798713,N
1794713,1799140,N
1795140,1799535,N
1795535,1799949,N
1795949,1800347,A
1796347,1801268,N
1797268,1801721,A
1797721,1802625,N
1798625,1803036,A
1799036,1803599,N
1799599,1803941,V
1799941,1804391,N
1800391,1804829,N
1800829,1805175,V
1801175,1805695,N
1801695,1806099,N
1802099,1806609,N
1802609,1807063,N
1803063,1807449,A
1803449,1808143,N
1804143,1809051,N
1805051,1809683,N
1805683,1810173,N
1806173,1810574,N
1806574,1810903,N
1806903,1811289,N
1807289,1811673,N
1807673,1812209,N
1808209,1812811,N
1808811,1813376,N
1809376,1813805,N
1809805,1814239,N
1810239,1814629,N
1810629,1815093,N
1811093,1815453,N
1811453,1815905,N
1811905,1816350,N
1812350,1816851,N
1812851,1817308,N
1813308,1817713,N
1813713,1818045,N
1814045,1818361,N
1814361,1818749,N
1814749,1819091,N
1815091,1819527,N
1815527,1820031,N
1816031,1820461,N
1816461,1820923,N
1816923,1821351,N
1817351,1821814,N
1817814,1822453,N
1818453,1822739,N
1818739,1823093,N
1819093,1823489,N
1819489,1823914,N
1819914,1824281,V
1820281,1824945,N
1820945,1825303,V
1821303,1825811,N
1821811,1826367,N
1822367,1826817,N
1822817,1827239,A
1823239,1827971,N
1823971,1828558,N
1824558,1828895,A
1824895,1829277,N
1825277,1829761,N
1825761,1830091,V
1826091,1830477,N
1826477,1830955,N
1826955,1831371,N
1827371,1831723,V
1827723,1832395,N
1828395,1832839,N
1828839,1833291,N
1829291,1833701,N
1829701,1834123,N
1830123,1834451,V
1830451,1834759,V
1830759,1835441,N
1831441,1835751,N
1831751,1836091,N
1832091,1836485,N
1832485,1836832,N
1832832,1837276,N
1833276,1837635,N
1833635,1838067,N
1834067,1838441,N
1834441,1838807,N
1834807,1839253,N
1835253,1839595,N
1835595,1840011,N
1836011,1840436,N
1836436,1840951,N
1836951,1841549,N
1837549,1841975,N
1837975,1842377,N
1838377,1842759,N
1838759,1843175,N
1839175,1843605,N
1839605,1844209,N
1840209,1844688,N
1840688,1845329,N
1841329,1845925,N
1841925,1846361,V
1842361,1847474,N
1843474,1847851,A
1843851,1848460,N
1844460,1848953,N
1844953,1849313,N
1845313,1849601,N
1845601,1849962,N
1845962,1850312,N
1846312,1850665,A
1846665,1851467,N
1847467,1851813,N
1847813,1852161,N
1848161,1852517,N
1848517,1852915,N
1848915,1853247,V
1849247,1853925,N
1849925,1854273,V
1850273,1854849,N
1850849,1855479,N
1851479,1855943,N
1851943,1856313,A
1852313,1856899,A
1852899,1858121,N
1854121,1858621,N
1854621,1859035,A
1855035,1859459,N
1855459,1859879,N
1855879,1860283,N
1856283,1860653,N
1856653,1861041,N
1869435,1873913,N
1869913,1874449,N
1870449,1874929,N
1870929,1875267,V
1871267,1875697,N
1871697,1876201,N
1872201,1876666,N
1872666,1877067,N
1873067,1877459,N
1873459,1877789,N
1873789,1878093,N
1874093,1878481,N
1874481,1879065,N
1875065,1879411,N
1875411,1879805,A
1875805,1880215,A
1876215,1881349,N
1877349,1881869,N
1877869,1882320,A
1878320,1882671,N
1878671,1883097,N
1879097,1883471,V
1879471,1884293,N
1880293,1884713,N
1880713,1885110,A
1881110,1885649,N
1881649,1886039,N
1882039,1886395,N
1882395,1886841,N
1882841,1887279,N
1883279,1887717,N
1883717,1888107,N
1884107,1888605,N
1884605,1889135,N
1885135,1889485,N
1885485,1889781,V
1885781,1890247,N
1886247,1890663,N
1898729,1903063,N
1899063,1903389,N
1899389,1903811,N
1899811,1904103,V
1900103,1904539,N
1900539,1904911,N
1900911,1905259,N
1901259,1905731,N
1901731,1906067,V
1902067,1906508,N
1902508,1906890,N
1902890,1907199,N
1903199,1907457,V
1903457,1907937,N
1903937,1908319,N
1904319,1908754,N
1904754,1909085,N
1905085,1909393,N
1905393,1909791,N
1905791,1910173,N
1906173,1910455,N
1906455,1910725,N
1906725,1911031,N
1907031,1911359,N
1907359,1911687,N
1907687,1912031,N
1908031,1912437,N
1912809,1917263,N
1913263,1917579,V
1913579,1917953,N
1913953,1918399,N
1914399,1918863,N
1914863,1919263,N
1915263,1919677,N
1915677,1920033,N
1916033,1920371,N
1916371,1920874,N
1916874,1921211,N
1917211,1921521,N
1917521,1921819,N
1917819,1922144,N
1918144,1922561,N
1918561,1922949,N
1918949,1923513,N
1919513,1923875,V
1919875,1924279,A
1920279,1925103,N
1921103,1925644,N
1921644,1926077,N
1922077,1926461,N
1922461,1926962,N
1922962,1927347,A
1923347,1927685,A
1923685,1928839,N
1924839,1929327,N
1925327,1929689,A
1925689,1930193,N
1926193,1930763,N
1926763,1931353,N
1927353,1931725,N
1927725,1932135,N
1928135,1932567,N
1928567,1933139,N
1929139,1933887,N
1929887,1934407,N
1930407,1934811,N
1930811,1935236,N
1931236,1935631,A
1931631,1936053,A
1932053,1937109,N
1933109,1937591,N
1933591,1938138,N
1934138,1938737,N
1934737,1939183,N
1947259,1951585,V
1947585,1952033,N
1948033,1952493,N
1948493,1952836,N
1948836,1953261,N
1949261,1953673,N
1949673,1954071,N
1950071,1954507,N
1950507,1954857,N
1950857,1955289,N
1955691,1960059,N
1956059,1960473,N
1956473,1960747,V
1956747,1961189,N
1957189,1961636,N
1957636,1962085,N
1958085,1962514,N
1958514,1962957,N
1958957,1963293,N
1959293,1963628,N
1959628,1964150,N
1960150,1964499,V
1960499,1964937,N
1960937,1965355,N
1961355,1965687,V
1961687,1966439,N
1962439,1966805,N
1962805,1967257,N
1963257,1967671,N
1963671,1968075,N
1964075,1968413,N
1964413,1968777,N
1964777,1969195,N
1965195,1969515,N
1965515,1969846,N
1965846,1970247,N
1966247,1970631,N
1966631,1971121,N
1967121,1971919,N
1967919,1972281,A
1968281,1972695,N
1968695,1973037,N
1969037,1973457,N
1969457,1973873,N
1969873,1974259,N
1970259,1974573,N
1970573,1974987,N
1970987,1975443,N
1971443,1976199,N
1972199,1976695,N
1972695,1977126,N
1973126,1977619,N
1973619,1977969,V
1973969,1978283,V
1974283,1979005,N
1975005,1979432,N
1975432,1979767,N
1975767,1980085,N
1976085,1980443,N
1976443,1980967,N
1976967,1981785,N
1977785,1982151,A
1978151,1982531,N
1978531,1982951,N
1978951,1983359,N
1979359,1983865,N
1979865,1984467,N
1980467,1984919,V
1980919,1985739,N
1981739,1986111,A
1982111,1986545,N
1982545,1986891,N
1982891,1987319,N
1983319,1987841,N
1983841,1988171,N
1984171,1988543,A
1984543,1988913,A
1984913,1990117,N
1986117,1990491,A
1986491,1990966,A
1986966,1991461,N
1994345,1998665,V
1998967,2003301,N
1999301,2003611,N
1999611,2003905,N
2004197,2008591,N
2004591,2008879,V
2004879,2009263,N
2010249,2014843,N
2010843,2015295,V
2011295,2016007,N
2012007,2016301,N
2012301,2016619,A
2012619,2016995,N
2012995,2017477,N
2013477,2017759,V
2013759,2018283,N
2014283,2018771,N
2014771,2019619,N
2015619,2020033,N
2016033,2020427,N
2016427,2020855,N
2016855,2021261,N
2017261,2021713,N
2017713,2022197,N
2018197,2022631,N
2018631,2023011,N
2019011,2023463,N
2019463,2023971,N
2019971,2024391,N
2020391,2024959,N
2020959,2025441,V
2021441,2026267,N
2022267,2026643,A
2022643,2027059,A
2023059,2027617,N
2023617,2027979,N
2023979,2028313,V
2024313,2028853,N
2024853,2029233,V
2025233,2030177,N
2026177,2030651,N
2026651,2030989,A
2026989,2031323,N
2027323,2031727,N
2027727,2032057,N
2028057,2032389,N
2028389,2032712,N
2028712,2033075,N
2029075,2033535,N
2029535,2034257,N
2036425,2040741,N
2036741,2041039,N
2037039,2041451,N
2037451,2041835,N
2037835,2042247,N
2038247,2042575,N
2038575,2042927,N
2038927,2043513,N
2039513,2043837,V
2039837,2044219,A
2040219,2044927,N
2040927,2045289,N
2045592,2050321,N
2046321,2050721,N
2046721,2051043,N
2047043,2051383,N
2047383,2051765,N
2047765,2052099,N
2048099,2052596,N
2048596,2052917,N
2048917,2053258,N
2057149,2061479,N
2057479,2061859,N
2057859,2062245,N
2058245,2062650,N
2058650,2063050,N
2059050,2063509,N
2059509,2063965,N
2059965,2064315,A
2060315,2064743,A
2060743,2065584,N
2061584,2065853,A
2061853,2066296,N
2062296,2066785,N
2062785,2067220,N
2063220,2067757,N
2063757,2068309,N
2064309,2068717,N
2064717,2069053,N
2069519,2073883,N
2069883,2074259,N
2070259,2074845,N
2070845,2075257,N
2071257,2075629,N
2071629,2075965,N
2071965,2076285,N
2072285,2076581,N
2072581,2076904,N
2072904,2077259,N
2073259,2077719,N
2073719,2078218,N
2074218,2078675,N
2074675,2079297,N
2075297,2079770,N
2075770,2080219,N
2076219,2080700,N
2076700,2081143,N
2087621,2092139,N
2088139,2092538,N
2088538,2092929,N
2088929,2093315,N
2089315,2093639,A
2089639,2093931,V
2089931,2094739,N
2090739,2095088,N
2091088,2095425,N
2091425,2095789,N
2091789,2096127,N
2092127,2096489,N
2092489,2096991,N
2092991,2097339,N
2093339,2097704,N
2093704,2098113,N
2094113,2098655,N
2094655,2099007,N
2095007,2099381,N
2095381,2099832,N
2095832,2100255,N
2102623,2106939,N
2102939,2107287,N
2103287,2107791,N
2103791,2108213,N
2104213,2108591,V
2104591,2109382,N
2105382,2109809,N
2110285,2114659,N
2110659,2115035,N
2111035,2115427,N
2111427,2115831,N
2111831,2116555,N
2112555,2116969,N
2112969,2117413,N
2113413,2117931,N
2113931,2118373,N
2114373,2118729,N
2114729,2119147,N
2115147,2119545,N
2115545,2119895,A
2115895,2120232,A
2116232,2121357,N
2117357,2121765,A
2117765,2122195,A
2118195,2122559,N
2118559,2123075,N
2119075,2123557,N
2119557,2123949,N
2119949,2124365,N
2120365,2124787,N
2120787,2125173,N
2121173,2125471,N
2121471,2125757,N
2121757,2126043,N
2122043,2126419,N
2122419,2126845,N
2122845,2127233,N
2123233,2127649,N
2123649,2127974,V
2123974,2128829,N
2124829,2129310,N
2125310,2129967,N
2125967,2130321,N
2126321,2130655,N
2126655,2131025,N
2127025,2131559,N
2127559,2132259,N
2128259,2132629,N
2128629,2133057,N
2136109,2140461,N
2136461,2140901,N
2136901,2141231,N
2137231,2141609,N
2137609,2141973,N
2137973,2142293,N
2138293,2142588,N
2138588,2142871,N
2138871,2143181,N
2139181,2143545,N
2139545,2143877,N
2139877,2144205,N
2140205,2144547,N
2140547,2144993,N
2140993,2145379,N
2141379,2145695,N
2141695,2146085,N
2142085,2146499,N
2142499,2146841,N
2142841,2147295,N
2143295,2147985,N
2143985,2148401,N
2144401,2148835,N
2144835,2149245,N
2145245,2149623,N
2150243,2154956,N
2150956,2155367,V
2151367,2155711,V
2151711,2156521,N
2152521,2156989,N
2152989,2157549,N
2159987,2164339,V
2160339,2164835,N
2160835,2165321,N
2161321,2165691,N
2161691,2166057,N
2162057,2166621,N
2162621,2166989,N
2162989,2167334,N
2163334,2167789,N
2163789,2168331,N
2164331,2168723,N
2164723,2169278,N
2165278,2170011,N
2166011,2170319,A
2166319,2170643,A
2166643,2171055,N
2171875,2176225,N
2172225,2176585,N
2172585,2176963,N
2172963,2177293,N
2173293,2177599,N
2173599,2177887,N
2173887,2178239,N
2174239,2178605,N
2174605,2178949,N
2174949,2179394,N
2175394,2179941,N
2175941,2180351,N
2176351,2180891,N
2176891,2181363,N
2177363,2181705,V
2177705,2182215,N
2178215,2182520,V
2178520,2182895,N
2183129,2187487,N
2183487,2187915,N
2183915,2188297,N
2184297,2188681,N
2184681,2189119,N
2185119,2189535,N
2185535,2189961,N
2185961,2190403,N
2186403,2190802,N
2186802,2191191,N
2187191,2191515,N
2187515,2191937,N
2187937,2192481,N
2188481,2192899,N
2188899,2193297,N
2189297,2193625,N
2189625,2194117,N
2190117,2194617,N
2190617,2195237,N
2191237,2195589,N
2191589,2195937,N
2191937,2196451,N
2192451,2196989,N
2192989,2197417,N
2193417,2197867,N
2193867,2198443,N
2194443,2198843,N
2194843,2199183,V
2195183,2199797,N
2195797,2200183,N
2196183,2200579,N
2196579,2200997,N
2196997,2201443,N
2197443,2201933,N
2197933,2202361,N
2206054,2210433,N
2206433,2210744,N
2206744,2211139,N
2207139,2211721,N
2207721,2212045,V
2208045,2212557,N
2208557,2212877,N
2208877,2213167,N
2209167,2213519,N
2209519,2213903,N
2209903,2214217,N
2210217,2214663,N
2210663,2215095,N
2211095,2215529,N
2211529,2215945,N
2211945,2216219,V
2212219,2216673,N
2212673,2217051,N
2213051,2217565,N
2213565,2217888,N
2213888,2218219,N
2214219,2218517,N
2214517,2218945,N
2214945,2219376,N
2215376,2219688,N
2221433,2225747,N
2221747,2226139,N
2222139,2226519,N
2222519,2226889,N
2222889,2227285,N
2223285,2227617,N
2223617,2227907,A
2223907,2228189,A
2224189,2229183,N
2225183,2229524,A
2225524,2229854,A
2225854,2230252,N
2226252,2230669,N
2226669,2231049,N
2227049,2231494,N
2227494,2231947,N
2227947,2232361,N
2233147,2237599,N
2233599,2238059,N
2234059,2238499,N
2234499,2238825,V
2234825,2239298,N
2235298,2239695,N
2240851,2245177,N
2241177,2245489,N
2241489,2245950,N
2241950,2246343,N
2242343,2246667,V
2242667,2247147,N
2243147,2247593,N
2243593,2247955,N
2256093,2260579,N
2256579,2260909,V
2256909,2261438,N
2257438,2261871,N
2257871,2262229,N
2258229,2262543,N
2266897,2271333,N
2267333,2271761,N
2267761,2272070,V
2268070,2272522,N
2268522,2272985,N
2268985,2273453,N
2279739,2284141,N
2288861,2293267,N
2289267,2293614,N
2289614,2293917,N
2289917,2294237,N
2290237,2294667,N
2290667,2295197,N
2291197,2295611,V
2291611,2296377,N
2292377,2296709,A
2292709,2297159,N
2293159,2297623,N
2293623,2297923,V
2293923,2298273,N
2298897,2303227,N
2300639,2305029,N
2301029,2305589,N
2301589,2306015,N
2302015,2306547,N
2302547,2307037,N
2303037,2307393,N
2303393,2307739,N
2303739,2308165,N
2304165,2308610,N
2304610,2309009,N
2305009,2309323,N
2305323,2309663,N
2305663,2310025,N
2306025,2310495,N
2306495,2311127,N
2307127,2311419,N
2307419,2311705,N
2307705,2312077,N
2308077,2312413,N
2308413,2312931,N
2308931,2313255,N
2309255,2313563,N
2309563,2313943,N
2309943,2314295,N
2310295,2314623,N
2310623,2314963,N
2310963,2315271,N
2311271,2315550,N
2311550,2315863,N
2311863,2316251,N
2312251,2316589,N
2312589,2316931,N
2312931,2317257,N
2313257,2317585,N
2313585,2317917,N
2313917,2318342,N
2314342,2318828,N
2314828,2319317,N
2315317,2319905,N
2315905,2320441,N
2316441,2320863,N
2316863,2321209,N
2317209,2321527,N
2317527,2321942,N
2317942,2322263,N
2318263,2322665,N
2318665,2323012,N
2319012,2323400,N
2319400,2323785,N
2319785,2324193,N
2320193,2324579,N
2320579,2325001,N
2321001,2325433,N
2321433,2325856,N
2321856,2326152,N
2322152,2326439,N
2322849,2327177,N
2323177,2327627,N
2328331,2332677,N
2328677,2333035,N
2329035,2333737,N
2329737,2334185,N
2330185,2334633,N
2330633,2335149,N
2331149,2335611,N
2331611,2336055,N
2332055,2336441,N
2332441,2336743,N
2332743,2337075,N
2333075,2337467,N
2333467,2337895,N
2333895,2338413,N
2334413,2339135,N
2335135,2339505,A
2335505,2340039,N
2336039,2340366,V
2336366,2340853,N
2336853,2341686,N
2337686,2342073,A
2338073,2342529,N
2338529,2342955,N
2338955,2343301,N
2339301,2343610,N
2339610,2343897,N
2349577,2353933,N
2349933,2354271,N
2350271,2354617,N
2350617,2354928,N
2350928,2355308,N
2351308,2355625,N
2351625,2355967,N
2351967,2356281,N
2352281,2356619,N
2352619,2357053,N
2353053,2357491,N
2353491,2357963,N
2353963,2358383,N
2354383,2358777,V
2354777,2359475,N
2355475,2359801,A
2355801,2360263,N
2356263,2360571,N
2361647,2366043,N
2362043,2366495,N
2362495,2366857,N
2362857,2367237,N
2367991,2372389,N
2368389,2372805,N
2368805,2373125,N
2369125,2373435,N
2369435,2373715,N
2369715,2374036,N
2370036,2374659,N
2370659,2374933,N
2370933,2375257,N
2371257,2375687,N
2371687,2376055,N
2372055,2376382,N
2372382,2376691,N
2372691,2376962,N
2378379,2382807,N
2378807,2383103,V
2379103,2383557,N
2379557,2384007,N
2380007,2384370,N
2380370,2384705,N
2380705,2385043,N
2381043,2385498,N
2381498,2385842,N
2381842,2386191,N
2382191,2386539,N
2382539,2386975,N
2382975,2387427,N
2383427,2387801,N
2383801,2388213,N
2384213,2388671,N
2384671,2389167,N
2385167,2389917,N
2385917,2390291,A
2386291,2390877,N
2386877,2391281,N
2387281,2391617,N
2387617,2391923,N
2387923,2392253,N
2393066,2397437,N
2393437,2397909,N
2393909,2398327,N
2394327,2398721,N
2394721,2399171,N
2395171,2399569,N
2395569,2399873,V
2395873,2400289,N
2396289,2400593,N
2396593,2400897,N
2396897,2401275,N
2397275,2401962,N
2397962,2402305,N
2398305,2402677,N
2398677,2403213,N
2399213,2403539,N
2399539,2403825,V
2399825,2404189,N
2400189,2404662,N
2400662,2404985,V
2400985,2405427,N
2401427,2405751,V
2401751,2406227,N
2402227,2406611,N
2402611,2407073,N
2403073,2407510,N
2403510,2407953,N
2403953,2408509,N
2404509,2409267,N
2405267,2409611,N
2405611,2409923,N
2405923,2410215,N
2406215,2410571,N
2406571,2410981,N
2406981,2411330,N
2407330,2411703,N
2407703,2412116,N
2408116,2412647,N
2408647,2412991,N
2408991,2413317,N
2409317,2413634,N
2409634,2413972,N
2409972,2414329,N
2410329,2414752,N
2410752,2415197,N
2411197,2415587,N
2411587,2416011,N
2412011,2416347,N
2412347,2416783,N
2412783,2417576,N
2413576,2417903,A
2413903,2418351,N
2414351,2418703,N
2414703,2419137,N
2415137,2419869,N
2415869,2420329,N
2416329,2420770,N
2416770,2421339,N
2417339,2421752,N
2417752,2422185,N
2418185,2422767,N
2418767,2423104,V
2425863,2430229,N
2426229,2430681,N
2426681,2431095,N
2427095,2431417,V
2427417,2431767,N
2427767,2432261,N
2428261,2432621,N
2428621,2433045,N
2429045,2433493,N
2429493,2434083,N
2430083,2434487,N
2430487,2434939,N
2430939,2435353,V
2431353,2436187,N
2432187,2436583,A
2432583,2437125,N
2433125,2437462,V
2433462,2437847,A
2433847,2438550,N
2434550,2438845,N
2434845,2439130,N
2435130,2439443,N
2435443,2439839,N
2435839,2440249,N
2436249,2440713,N
2436713,2441113,N
2437113,2441475,N
2437475,2441873,N
2437873,2442345,N
2438345,2442671,V
2438671,2443005,N
2439005,2443525,N
2439525,2443919,N
2439919,2444299,N
2440299,2444615,N
2440615,2444964,N
2440964,2445349,N
2441349,2446089,N
2442089,2446497,N
2442497,2446937,N
2442937,2447352,N
2443352,2447667,N
2443667,2447963,N
2443963,2448309,N
2444309,2448637,N
2444637,2449121,N
2445121,2449585,N
2445585,2449925,N
2445925,2450335,N
2446335,2450793,N
2446793,2451261,N
2447261,2451633,N
2447633,2452039,N
2448039,2452523,N
2453325,2458035,N
2454035,2458301,A
2454301,2458612,N
2454612,2458915,N
2454915,2459239,N
2455239,2459687,N
2455687,2460189,N
2456189,2460605,N
2456605,2460972,A
2456972,2461291,V
2457291,2462129,N
2458129,2462479,A
2458479,2462839,A
2458839,2463539,N
2459539,2463883,V
2459883,2464685,N
2460685,2465095,N
2461095,2465473,N
2461473,2465819,N
2461819,2466295,N
2462295,2466729,N
2462729,2467059,N
2463059,2467373,N
2463373,2467823,N
2463823,2468256,N
2464256,2468647,N
2464647,2469057,A
2465057,2469483,A
2465483,2470788,N
2466788,2471099,A
2467099,2471437,A
2467437,2471859,N
2467859,2472327,N
2468327,2472747,N
2468747,2473307,N
2469307,2473665,N
2469665,2474059,N
2470059,2474412,N
2470412,2474727,N
2470727,2475031,A
2471031,2475331,A
2471331,2476431,N
2472431,2476809,A
2472809,2477205,A
2473205,2477635,N
2473635,2478179,N
2474179,2478607,N
2474607,2479050,N
2475050,2479599,N
2475599,2480023,N
2476023,2480419,N
2476419,2480835,N
2476835,2481165,N
2477165,2481669,N
2477669,2482137,N
2478137,2482509,N
2478509,2482839,N
2478839,2483232,A
2479232,2483659,A
2479659,2484643,N
2480643,2485027,A
2481027,2485383,V
2481383,2486295,N
2482295,2486639,A
2482639,2487175,N
2483175,2487751,N
2483751,2488209,N
2484209,2488720,N
2484720,2489191,N
2485191,2489603,N
2485603,2489930,N
2485930,2490237,N
2486237,2490687,N
2486687,2491121,N
2487121,2491937,N
2487937,2492331,A
2488331,2492869,N
2488869,2493373,N
2489373,2493761,N
2489761,2494097,V
2490097,2494671,N
2490671,2495011,N
2491011,2495352,N
2491352,2495719,N
2491719,2496155,N
2492155,2496521,N
2492521,2497041,N
2493041,2497511,N
2493511,2497865,N
2493865,2498207,N
2494207,2498631,N
2494631,2498967,N
2494967,2499291,N
2495291,2499601,N
2495601,2500127,N
2496127,2500625,N
2496625,2501039,N
2497039,2501547,N
2497547,2502103,N
2498103,2502961,N
2498961,2503341,A
2499341,2503663,A
2499663,2504095,N
2500095,2504421,N
2500421,2504771,N
2500771,2505093,N
2501093,2505435,N
2501435,2505831,N
2501831,2506153,V
2502153,2507201,N
2503201,2507605,N
2503605,2507933,A
2503933,2508337,N
2504337,2508893,N
2504893,2509243,V
2505243,2510031,N
2506031,2510455,N
2506455,2510931,N
2506931,2511303,N
2507303,2511633,N
2507633,2511967,N
2507967,2512287,N
2508287,2512615,N
2508615,2513101,N
2509101,2513437,A
2509437,2514748,N
2510748,2515477,N
2511477,2515837,A
2511837,2516219,A
2512219,2516617,N
2512617,2517239,N
2513239,2517627,N
2513627,2517993,N
2513993,2518309,N
2514309,2518739,N
2514739,2519261,N
2515261,2520045,N
2516045,2520589,N
2516589,2521093,A
2517093,2521935,N
2517935,2522487,N
2518487,2522840,A
2518840,2523229,N
2519229,2523603,N
2519603,2524099,N
2520099,2524767,N
2520767,2525289,N
2521289,2525770,N
2521770,2526379,N
2522379,2526864,N
2522864,2527211,V
2523211,2527667,N
2523667,2528205,N
2524205,2528669,N
2524669,2529279,N
2525279,2529619,V
2525619,2530383,N
2526383,2530719,N
2526719,2531091,A
2527091,2531467,N
2527467,2532205,N
2528205,2532519,N
2528519,2532817,A
2528817,2533179,N
2529179,2533589,N
2529589,2534045,N
2530045,2534536,N
2530536,2534887,N
2530887,2535199,N
2531199,2535605,N
2531605,2536225,N
2532225,2536599,V
2543431,2547907,N
2543907,2548231,N
2544231,2548621,N
2544621,2548925,N
2544925,2549281,N
2545281,2549681,N
2545681,2550129,N
2546129,2550439,V
2546439,2550845,N
2546845,2551155,N
2547155,2551545,N
2548837,2553199,N
2549199,2553517,N
2549517,2553841,N
2549841,2554219,N
2552170,2556513,V
2552513,2557015,N
2553353,2557749,A
2553749,2558255,N
2554255,2559233,N
2555620,2560075,N
2556075,2560475,N
2557887,2562275,N
2558275,2562609,N
2558609,2562995,N
2558995,2563315,N
2559315,2563691,N
2559691,2564161,N
2560161,2564473,V
2560473,2564885,N
2560885,2565300,N
2561300,2565673,N
2561673,2566020,N
2565871,2570151,N
2566151,2570457,N
2566457,2570864,N
2566864,2571691,N
2567691,2572147,N
2568653,2573063,N
2569063,2573508,N
2569508,2573889,N
2569889,2574409,N
2570409,2574830,N
2570830,2575135,N
2571135,2575455,N
2571455,2575817,N
2571817,2576201,N
2572201,2576561,N
2572561,2576903,N
2572903,2577285,N
2573285,2577825,N
2573825,2578233,N
2574233,2578547,N
2574547,2578845,N
2574845,2579225,N
2583197,2587587,N
2583587,2588035,N
2584415,2589239,N
2585239,2589647,N
2585647,2590155,N
2586155,2590685,N
2586685,2591149,N
2587691,2592072,V
2588072,2592418,V
2588418,2593371,N
2589371,2593731,A
2589731,2594113,N
2590113,2594509,N
2590509,2594842,N
2590842,2595249,N
2591249,2596033,N
2592033,2596421,N
2592421,2596847,N
2592847,2597219,N
2593219,2597629,N
2593629,2597944,N
2593944,2598385,N
2594385,2598943,N
2594943,2599343,V
2595343,2599926,N
2596267,2600672,N
2601118,2605475,N
2601475,2605815,N
2604707,2609107,N
2607693,2612092,N
2608092,2612549,N
2608549,2612867,V
2608867,2613283,N
2609283,2613723,N
2609723,2614156,N
2610156,2614519,N
2610519,2614981,N
2610981,2615481,N
2611481,2615801,V
2611801,2616221,N
2612221,2616572,N
2612572,2616993,N
2612993,2617311,N
2613311,2617711,N
2620541,2624903,A
2620903,2625295,N
2621295,2625791,N
2621791,2626253,N
2622253,2626713,N
2622713,2627153,N
2623153,2627831,N
2623831,2628136,V
2632054,2636379,A
2632379,2637428,N
2633428,2637871,N
2633871,2638237,A
2634237,2638921,N
2634921,2639261,N
2635261,2639647,N
2635647,2640024,N
2636024,2640373,N
2636373,2640739,N
2636739,2641079,A
2637079,2641799,N
2637799,2642385,N
2638385,2642745,N
2638745,2643069,A
2639069,2643445,N
2639445,2644081,N
2640081,2644491,N
2640491,2644797,N
2640797,2645091,N
2641091,2645409,V
2641409,2646083,N
2642083,2646387,N
2642387,2646711,N
2642711,2647042,N
2643042,2647401,N
2643401,2647752,N
2643752,2648251,N
2650297,2654571,N
2650571,2655053,N
2651053,2655525,N
2651525,2655915,N
2651915,2656239,V
2652239,2656935,N
2652935,2657295,V
2653295,2658005,N
2658969,2663299,N
2659299,2663650,N
2659650,2663995,N
2659995,2664311,N
2660311,2664679,N
2660679,2665035,N
2661035,2665481,N
2661481,2665977,N
2661977,2666325,V
2662325,2666769,N
2662769,2667505,N
2663505,2668019,N
2664019,2668375,N
2664375,2668759,N
2664759,2669181,N
2665181,2669547,N
2665547,2670025,N
2666025,2670427,N
2666427,2670925,N
2666925,2671386,N
2667386,2671779,N
2667779,2672086,N
2668086,2672378,N
2668378,2672686,A
2668686,2673013,A
2669013,2673935,N
2669935,2674307,N
2670307,2674632,A
2670632,2675049,N
2671049,2675605,N
2671605,2676163,N
2672163,2676601,N
2672601,2677189,N
2673189,2677737,N
2673737,2678135,N
2674135,2678561,N
2674561,2678901,N
2674901,2679311,N
2675311,2679711,N
2675711,2680339,N
2676339,2680719,N
2676719,2681047,N
2677047,2681503,N
2677503,2681843,N
2677843,2682287,N
2678287,2682631,N
2678631,2683067,N
2679067,2683479,N
2690583,2694871,N
2690871,2695145,N
2691145,2695463,N
2691463,2695845,N
2691845,2696155,N
2692155,2696515,N
2692515,2696895,N
2692895,2697357,N
2693357,2698145,N
2694145,2698525,V
2694525,2699181,N
2695181,2699679,N
2695679,2700189,N
2696189,2700597,V
2696597,2700927,V
2696927,2701807,N
2697807,2702361,N
2698361,2702805,N
2698805,2703247,A
2699247,2703663,A
2699663,2704887,N
2700887,2705259,A
2701259,2705739,A
2701739,2706139,N
2702139,2706563,N
2702563,2706979,N
2702979,2707503,N
2703503,2707871,N
2703871,2708268,N
2704268,2708731,N
2704731,2709222,N
2705222,2709607,V
2705607,2710379,N
2713279,2717699,N
2713699,2718081,N
2714081,2718507,N
2714507,2718855,V
2714855,2719689,N
2715689,2719967,V
2715967,2720617,N
2716617,2720943,N
2716943,2721289,N
2717289,2721615,N
2717615,2721937,N
2717937,2722269,N
2718269,2722623,N
2718623,2722943,N
2718943,2723235,N
2719235,2723524,N
2719524,2723863,N
2719863,2724211,A
2720211,2725067,N
2721067,2725397,V
2721397,2726104,N
2722104,2726493,N
2722493,2726867,N
2722867,2727301,N
2723301,2727691,N
2723691,2728245,N
2734297,2738639,V
2734639,2739331,N
2735331,2739681,V
2735681,2740177,N
2736177,2740681,N
2736681,2741143,N
2737143,2741457,N
2737457,2741815,A
2737815,2742149,V
2738149,2742981,N
2738981,2743363,N
2739363,2743705,N
2739705,2744029,N
2740029,2744391,N
2740391,2744716,N
2740716,2745151,N
2741151,2745931,N
2741931,2746359,N
2742359,2746747,N
2742747,2747062,N
2743062,2747453,N
2743453,2747911,N
2743911,2748345,N
2744345,2748787,N
2744787,2749381,N
2745381,2749755,N
2745755,2750085,N
2746085,2750447,N
2746447,2750830,N
2746830,2751289,N
2747289,2751745,N
2747745,2752118,A
2748118,2753101,N
2749101,2753729,N
2749729,2754171,A
2750171,2754661,N
2750661,2755005,V
2751005,2755441,N
2751441,2755943,N
2751943,2756679,N
2752679,2757049,A
2753049,2757479,A
2753479,2758393,N
2761955,2766295,N
2762295,2766708,N
2762708,2767187,N
2763187,2767525,V
2763525,2767931,N
2763931,2768641,N
2764641,2769139,N
2765139,2769517,N
2765517,2769803,N
2765803,2770080,N
2766080,2770353,N
2766353,2770635,N
2766635,2770943,N
2766943,2771285,A
2767285,2771613,A
2767613,2772685,N
2768685,2772999,A
2768999,2773456,A
2769456,2773921,N
2769921,2774375,N
2770375,2774819,N
2770819,2775313,N
2771313,2775733,N
2771733,2776069,V
2772069,2777038,N
2773038,2777466,N
2773466,2777921,N
2773921,2778295,N
2774295,2778785,N
2774785,2779155,V
2775155,2779803,N
2775803,2780207,N
2776207,2780647,N
2776647,2781023,V
2777023,2781743,N
2777743,2782169,V
2778169,2782887,N
2778887,2783283,N
2779283,2783747,N
2779747,2784391,N
2780391,2784731,V
2780731,2785423,N
2781423,2785783,V
2781783,2786315,N
2782315,2786663,V
2782663,2787047,N
2783047,2787629,N
2783629,2788005,V
2784005,2788483,N
2784483,2789279,N
2785279,2789705,N
2785705,2790205,N
2786205,2790639,N
2786639,2791255,N
2787255,2791615,V
2787615,2792311,N
2788311,2792692,N
2788692,2793159,N
2789159,2793746,N
2789746,2794041,V
2790041,2794501,N
2790501,2794839,N
2790839,2795169,N
2791169,2795433,N
2791433,2795729,N
2791729,2796033,N
2792033,2796451,N
2792451,2796807,N
2792807,2797289,N
2793289,2797621,N
2793621,2797919,A
2793919,2798225,A
2794225,2799267,N
2795267,2799639,A
2795639,2800049,A
2796049,2800945,N
2796945,2801371,A
2797371,2802213,N
2798213,2802641,N
2798641,2803203,N
2799203,2803643,N
2799643,2804027,V
2800027,2804719,N
2800719,2805049,N
2801049,2805463,A
2801463,2805788,V
2801788,2806993,N
2802993,2807359,A
2803359,2807859,N
2803859,2808211,N
2804211,2808555,N
2804555,2808872,N
2804872,2809305,N
2805305,2809719,N
2805719,2810117,N
2806117,2810593,N
2806593,2811113,N
2807113,2811991,N
2807991,2812421,N
2808421,2812837,A
2808837,2813195,A
2809195,2814261,N
2810261,2814995,N
2810995,2815305,A
2811305,2815937,N
2811937,2816323,V
2812323,2816955,N
2812955,2817395,N
2813395,2817861,N
2813861,2818335,N
2814335,2818875,N
2819855,2824301,N
2820301,2824616,V
2820616,2825077,N
2821077,2825523,N
2821523,2825983,N
2821983,2826363,N
2822363,2826685,N
2822685,2827005,N
2823005,2827347,N
2823347,2827705,N
2823705,2828081,N
2824081,2828411,N
2824411,2828817,N
2824817,2829113,V
2825113,2829557,N
2825557,2829877,N
2825877,2830243,N
2845295,2849751,N
2845751,2850119,V
2846119,2851107,N
2847107,2851583,N
2847583,2852032,N
2848032,2852499,N
2848499,2852873,N
2848873,2853309,N
2849309,2853743,N
2858689,2863083,N
2859083,2863474,N
2859474,2863883,N
2859883,2864175,V
2860175,2864685,N
2860685,2865221,N
2867837,2872349,N
2868349,2872823,N
2869229,2873925,N
2878065,2882606,N
2878606,2882951,V
2878951,2883451,N
2879451,2883773,V
2879773,2884145,N
2880145,2884607,N
2880607,2885067,N
2881067,2885425,N
2881425,2885849,N
2881849,2886235,N
2882235,2886565,A
2882565,2886889,A
2882889,2887705,N
2883705,2888179,N
2884179,2888661,N
2884661,2889037,N
2885037,2889463,N
2885463,2889878,N
2885878,2890589,N
2886589,2890951,N
2886951,2891391,A
2887391,2891777,A
2887777,2893019,N
2889019,2893417,A
2889417,2894355,N
2890355,2894761,N
2890761,2895155,N
2891155,2895523,N
2891523,2895853,V
2891853,2896507,N
2892507,2896819,N
2892819,2897121,N
2893121,2897479,N
2893479,2897883,N
2893883,2898425,N
2894425,2898777,V
2894777,2899413,N
2895413,2899767,N
2895767,2900139,N
2896139,2900491,N
2896491,2900871,N
2896871,2901543,N
2897543,2901917,N
2902751,2907475,N
2903475,2908273,N
2904273,2908677,A
2904677,2909059,N
2905059,2909473,N
2905473,2909845,N
2905845,2910405,N
2906405,2910783,V
2906783,2911322,N
2907322,2911673,N
2907673,2911929,N
2907929,2912241,N
2908241,2912541,N
2908541,2912963,N
2908963,2913391,N
2909391,2913877,N
2909877,2914437,N
2910437,2915221,N
2911221,2915525,A
2911525,2915837,A
2911837,2916163,N
2912163,2916619,N
2912619,2917039,N
2913039,2917507,N
2913507,2917953,N
2913953,2918355,N
2914355,2918993,N
2914993,2919419,N
2915419,2919775,V
2915775,2920467,N
2916467,2920877,N
2916877,2921279,N
2917279,2921697,N
2917697,2922071,A
2918071,2922407,V
2918407,2923349,N
2919349,2923671,A
2919671,2924043,A
2920043,2924441,N
2920441,2924873,N
2920873,2925245,N
2921245,2925695,N
2921695,2926087,V
2922087,2926811,N
2922811,2927175,N
2923175,2927538,N
2923538,2927991,N
2923991,2928383,N
2929051,2933479,N
2929479,2934055,N
2930055,2934453,N
2930453,2934997,N
2930997,2935713,N
2931713,2936217,N
2932217,2936543,N
2932543,2936887,A
2932887,2937291,A
2933291,2938269,N
2934269,2938623,A
2934623,2938993,A
2934993,2939481,N
2935481,2939844,N
2935844,2940194,N
2936194,2940645,N
2936645,2941001,V
2937001,2941777,N
2937777,2942222,N
2938222,2942707,N
2938707,2943177,N
2939177,2943663,N
2939663,2944089,N
2940089,2944509,N
2940509,2944903,N
2940903,2945361,N
2941361,2946179,N
2942179,2946825,N
2942825,2947367,N
2943367,2947701,V
2943701,2948303,N
2944303,2948855,N
2944855,2949375,N
2945375,2949783,N
2945783,2950139,N
2946139,2950479,N
2946479,2950849,N
2946849,2951439,N
2947439,2951867,V
2947867,2952512,N
2948512,2952799,N
2948799,2953137,N
2949137,2953554,N
2949554,2954003,N
2950003,2954471,N
2950471,2954799,V
2950799,2955077,V
2951077,2956079,N
2952079,2956431,A
2952431,2956855,A
2952855,2957397,N
2953397,2957806,N
2953806,2958115,V
2954115,2958731,N
2954731,2959095,N
2955095,2959471,N
2955471,2960003,N
2956003,2960421,N
2956421,2960931,N
2956931,2961328,N
2957328,2961721,N
2957721,2962067,N
2958067,2962386,N
2958386,2962803,N
2958803,2963323,N
2959323,2963746,V
2959746,2964637,N
2960637,2965177,N
2961177,2965701,N
2961701,2966079,N
2962079,2966459,N
2962459,2966841,N
2962841,2967473,N
2963473,2967801,V
2963801,2968247,N
3014937,3019437,N
3015437,3019855,N
3025283,3029723,N
3025723,3030197,A
3026197,3031089,N
3027463,3031783,A
3027783,3032087,N
3028087,3032445,N
3028445,3032831,N
3028831,3033219,N
3029219,3033599,N
3029599,3034045,N
3091843,3096237,N
3100537,3104894,N
3100894,3105193,N
3101193,3105625,N
3101625,3106034,N
3102034,3106491,N
3102491,3106829,V
3102829,3107361,N
3103361,3107707,N
3103707,3108064,N
3104064,3108429,N
3104429,3108733,N
3104733,3109086,N
3105086,3109557,N
3105557,3109934,N
3105934,3110317,N
3116175,3120451,N
3116451,3120731,N
3116731,3121053,N
3117053,3121469,N
3117469,3121797,N
3117797,3122219,N
3118219,3122633,N
3118633,3122971,N
3118971,3123337,N
3119337,3123813,N
3138541,3142951,N
3138951,3143475,N
3139475,3143861,N
3139861,3144143,V
3140143,3144537,N
3141209,3145523,N
3141523,3145915,N
3157183,3161499,N
3169171,3173555,N
3169555,3173943,N
3176339,3180653,N
3176653,3180991,N
3176991,3181299,N
3177299,3181689,N
3186865,3191294,N
3187294,3191699,N
3187699,3192147,N
3188147,3192495,N
3188495,3192773,N
3194603,3198965,N
3194965,3199669,N
3195669,3200001,N
3196001,3200317,N
3196317,3200627,N
3196627,3200919,N
3196919,3201375,N
3215759,3220025,N
3216703,3221061,N
3217061,3221553,N
3217553,3221863,V
3217863,3222273,N
3218273,3222639,N
3218639,3223079,N
3219079,3223511,N
3219511,3223921,N
3219921,3224435,N
3220435,3224913,N
3220913,3225371,N
3247633,3252189,N
3248189,3252525,N
3248525,3252933,N
3248933,3253361,N
3249361,3253787,N
3249787,3254115,N
3250115,3254529,N
3250529,3254853,N
3250853,3255199,N
3251199,3255795,N
3251795,3256275,N
3252275,3256765,N
3252765,3257175,N
3253175,3257567,N
3253567,3257895,N
3253895,3258257,N
3254257,3258593,N
3254593,3258977,N
3254977,3259479,N
3255479,3259871,N
3255871,3260223,N
3256223,3260515,N
3256515,3260973,N
3256973,3261443,N
3257443,3261825,N
3257825,3262335,N
3258335,3262703,N
3258703,3263015,N
3259015,3263305,N
3259305,3263587,N
3259587,3264063,N
3260063,3264621,N
3260621,3265023,N
3261023,3265421,N
3261421,3265851,N
3261851,3266233,N
3262233,3266813,N
3262813,3267231,N
3263231,3267547,V
3263547,3268191,N
3264191,3268515,V
3264515,3268904,N
3264904,3269465,N
3265465,3269905,N
3265905,3270315,N
3266315,3270847,N
3266847,3271203,N
3267203,3271595,N
3267595,3271909,V
3267909,3272361,N
3268361,3272695,N
3268695,3273049,N
3269049,3273413,N
3269413,3273827,N
3269827,3274273,N
3270273,3274611,N
3270611,3274995,N
3270995,3275469,N
3271469,3275837,N
3271837,3276211,N
3272211,3276553,N
3272553,3276977,N
3272977,3277295,N
3273295,3277607,N
3273607,3277967,N
3273967,3278331,N
3274331,3278651,N
3274651,3279109,N
3275109,3279547,N
3275547,3279869,N
3275869,3280223,N
3276223,3280647,N
3276647,3281097,N
3277097,3281639,N
3277639,3282061,N
3278061,3282595,N
3278595,3282999,N
3278999,3283389,N
3279389,3283767,N
3279767,3284261,N
3280261,3284621,V
3280621,3285079,N
3281079,3285500,N
3281500,3285925,N
3281925,3286325,N
3282325,3286741,N
3282741,3287107,N
3283107,3287545,N
3283545,3287869,V
3283869,3288369,N
3297239,3301709,N
3297709,3302099,N
3298099,3302485,N
3298485,3302769,V
3298769,3303187,N
3299187,3303649,N
3299649,3304023,N
3300023,3304359,N
3300359,3304741,N
3300741,3305141,N
3301141,3305537,N
3301537,3305943,N
3301943,3306415,N
3302415,3306831,N
3302831,3307143,A
3303143,3307727,A
3309951,3314229,N
3310229,3314523,N
3310523,3314827,N
3310827,3315269,N
3311269,3315639,N
3311639,3315952,V
3311952,3316549,N
3312549,3316875,N
3312875,3317177,N
3327867,3332171,N
3328171,3332553,N
3328553,3332865,N
3328865,3333273,N
3329273,3333635,N
3329635,3333971,N
3329971,3334283,N
3330283,3334583,N
3330583,3334907,N
3330907,3335311,N
3331311,3335665,N
3331665,3335967,V
3331967,3336401,N
3332401,3336765,N
3332765,3337290,N
3333290,3337819,N
3333819,3338227,N
3334227,3338663,N
3334663,3339067,N
3342429,3346821,N
3342821,3347249,N
3343249,3347667,N
3343667,3348011,N
3344011,3348383,N
3344383,3348712,N
3344712,3349035,N
3345035,3349375,N
3345375,3349723,N
3345723,3350161,N
3346161,3350467,N
3346467,3350823,N
3346823,3351131,N
3347131,3351477,N
3347477,3351811,N
3347811,3352141,N
3348141,3352433,N
3348433,3352713,N
3360519,3364866,N
3360866,3365231,N
3361231,3365503,V
3361503,3365837,N
3361837,3366209,N
3362209,3366597,N
3362597,3367015,N
3363015,3367321,N
3363321,3367611,N
3363611,3367901,N
3363901,3368248,N
3364248,3368590,N
3364590,3369043,N
3365043,3369385,N
3365385,3369705,N
3365705,3369999,N
3365999,3370335,N
3366335,3370677,N
3366677,3370987,N
3366987,3371275,N
3367275,3371583,N
3367583,3371905,N
3367905,3372264,N
3368264,3372669,N
3368669,3373119,N
3369119,3373497,N
3369497,3373851,N
3369851,3374253,N
3370253,3374643,N
3370643,3375043,N
3371043,3375457,N
3371457,3375849,N
3371849,3376255,N
3372255,3376581,N
3372581,3376977,N
3377423,3381831,N
3377831,3382321,N
3378321,3382803,N
3378803,3383199,N
3379199,3383663,N
3379663,3384055,N
3380055,3384449,N
3380449,3384749,N
3380749,3385037,N
3381037,3385315,N
3381315,3385601,N
3381601,3385881,N
3381881,3386251,N
3382251,3386573,N
3382573,3386944,N
3382944,3387419,N
3383419,3387767,N
3383767,3388149,N
3384149,3388633,N
3384633,3388957,V
3384957,3389343,N
3385343,3389797,N
3385797,3390149,N
3386149,3390589,N
3386589,3390947,N
3386947,3391283,N
3387283,3391677,N
3387677,3392111,N
3388111,3392413,V
3388413,3392909,N
3388909,3393397,N
3389397,3393870,N
3389870,3394184,V
3390184,3394737,N
3390737,3395101,N
3391101,3395399,N
3391399,3395759,N
3391759,3396071,N
3392071,3396405,N
3392405,3396819,N
3392819,3397226,N
3393226,3397551,N
3393551,3397849,N
3393849,3398161,N
3394161,3398460,N
3394460,3398809,N
3394809,3399261,N
3395261,3399677,N
3395677,3400003,V
3396003,3400365,N
3396365,3400947,N
3396947,3401333,N
3397333,3401759,N
3397759,3402175,N
3398175,3402769,N
3398769,3403173,N
3399173,3403573,N
3399573,3403919,N
3399919,3404269,N
3400269,3404683,N
3400683,3405133,N
3401133,3405633,N
3401633,3405941,V
3401941,3406251,N
3402251,3406707,N
3402707,3407065,N
3403065,3407487,N
3403487,3407861,N
3403861,3408211,N
3404211,3408595,N
3404595,3408897,N
3404897,3409224,N
3405224,3409545,N
3405545,3409887,N
3405887,3410199,N
3406199,3410491,N
3406491,3410793,N
3406793,3411173,N
3407173,3411493,N
3407493,3411855,N
3407855,3412299,N
3408299,3412676,N
3408676,3413015,N
3409015,3413339,N
3409339,3413711,N
3409711,3414035,N
3410035,3414363,N
3410363,3414689,N
3410689,3415001,N
3411001,3415355,N
3411355,3415849,N
3411849,3416269,N
3412269,3416785,N
3412785,3417125,N
3413125,3417429,N
3413429,3417769,N
3413769,3418287,N
3414287,3418727,N
3414727,3419159,N
3415159,3419585,N
3415585,3420053,N
3416053,3420437,N
3416437,3420759,N
3416759,3421095,N
3417095,3421535,N
3417535,3421969,N
3417969,3422291,N
3418291,3422646,N
3418646,3423095,N
3419095,3423460,N
3419460,3423784,N
3419784,3424143,N
3420143,3424487,N
3420487,3424849,N
3420849,3425327,N
3421327,3425709,N
3421709,3426149,N
3422149,3426587,N
3422587,3427143,N
3423143,3427555,N
3423555,3427933,N
3423933,3428340,N
3424340,3428719,N
3424719,3429126,N
3425126,3429429,N
3425429,3429765,N
3425765,3430085,N
3426085,3430433,N
3426433,3430785,N
3426785,3431175,N
3427175,3431505,N
3427505,3431858,N
3427858,3432233,N
3428233,3432576,N
3428576,3432871,N
3428871,3433175,N
3429175,3433509,N
3429509,3433903,N
3429903,3434371,N
3430371,3434803,N
3430803,3435250,N
3431250,3435611,N
3431611,3435963,N
3431963,3436393,N
3432393,3436765,N
3432765,3437198,N
3433198,3437623,N
3433623,3437951,V
3433951,3438511,N
3434511,3438917,N
3434917,3439359,N
3435359,3439760,N
3435760,3440183,N
3436183,3440609,N
3436609,3441039,N
3437039,3441429,N
3437429,3442057,N
3438057,3442425,N
3438425,3442768,N
3438768,3443193,N
3439193,3443559,N
3439559,3444143,N
3440143,3444571,N
3440571,3444945,V
3440945,3445533,N
3441533,3445937,N
3441937,3446305,N
3442305,3446797,N
3442797,3447289,N
3443289,3447805,N
3443805,3448350,N
3444350,3448761,N
3444761,3449293,N
3445293,3449669,N
3445669,3450065,N
3446065,3450405,N
3446405,3450717,N
3446717,3451079,N
3447079,3451631,N
3447631,3452070,N
3448070,3452477,N
3448477,3452938,N
3448938,3453363,N
3449363,3453839,N
3449839,3454247,N
3450247,3454575,N
3450575,3454941,N
3450941,3455277,N
3451277,3455579,N
3451579,3455909,N
3451909,3456299,N
3452299,3456713,N
3452713,3457075,N
3453075,3457514,N
3453514,3457843,N
3453843,3458245,N
3454245,3458729,N
3454729,3459054,N
3455054,3459377,N
3455377,3459725,N
3455725,3460073,N
3456073,3460570,N
3456570,3460943,N
3456943,3461341,N
3457341,3461719,N
3457719,3462087,N
3458087,3462415,N
3458415,3462843,N
3458843,3463281,N
3459281,3463773,N
3459773,3464318,N
3460318,3464683,N
3460683,3465011,N
3461011,3465343,N
3461343,3465784,N
3461784,3466309,N
3462309,3466683,N
3462683,3467043,N
3463043,3467567,N
3463567,3467957,N
3463957,3468345,N
3464345,3468689,N
3464689,3469047,N
3465047,3469487,N
3465487,3469849,N
3465849,3470191,N
3466191,3470605,N
3466605,3470941,N
3466941,3471305,N
3467305,3471649,N
3467649,3472145,N
3468145,3472711,N
3468711,3473125,N
3469125,3473465,N
3469465,3473795,N
3469795,3474105,N
3470105,3474589,N
3470589,3475057,N
3471057,3475429,V
3471429,3475973,N
3471973,3476315,N
3472315,3476633,N
3472633,3476977,N
3472977,3477309,N
3473309,3477631,N
3473631,3477975,N
3473975,3478407,N
3474407,3478807,N
3474807,3479247,N
3475247,3479699,N
3475699,3480161,N
3476161,3480639,N
3476639,3481081,N
3477081,3481523,N
3477523,3482007,N
3478007,3482425,N
3478425,3483006,N
3479006,3483455,N
3479455,3483846,N
3479846,3484275,N
3480275,3484731,N
3480731,3485279,N
3481279,3485693,N
3481693,3486125,N
3482125,3486501,N
3482501,3486885,N
3483315,3487627,V
3484429,3488897,N
3485283,3489671,N
3485671,3490111,N
3486111,3490685,N
3486685,3491079,N
3491363,3495725,N
3491725,3496037,N
3492037,3496319,N
3492319,3496587,N
3492587,3497023,N
3493023,3497343,N
3493343,3497735,N
3493735,3498117,N
3494117,3498419,N
3494419,3498719,N
3494719,3499165,N
3495165,3499519,N
3495519,3499963,N
3495963,3500337,N
3496337,3500713,N
3496713,3501007,N
3497007,3501411,N
3497411,3501855,N
3497855,3502369,N
3498369,3502689,V
3498689,3503123,N
3499123,3503499,N
3499499,3503829,N
3499829,3504223,N
3500223,3504623,N
3500623,3504993,N
3500993,3505371,N
3501371,3505693,N
3501693,3506021,N
3502021,3506367,N
3502367,3506794,N
3502794,3507133,N
3503133,3507537,N
3503537,3507993,N
3503993,3508475,N
3504475,3508828,V
3504828,3509163,N
3505163,3509737,N
3505737,3510217,N
3506217,3510647,N
3506647,3511025,N
3507025,3511499,N
3507499,3511877,N
3507877,3512293,N
3508293,3512699,N
3508699,3513119,N
3509119,3513669,N
3509669,3514213,N
3510213,3514584,V
3510584,3515007,N
3511007,3515543,N
3511543,3515885,V
3511885,3516361,N
3512361,3516707,N
3512707,3516991,V
3512991,3517487,N
3513487,3517867,N
3513867,3518193,N
3514193,3518555,N
3515305,3519779,N
3515779,3520190,N
3516190,3520533,N
3516533,3520957,N
3516957,3521291,N
3517291,3521652,N
3517652,3522201,N
3518201,3522578,N
3518578,3522929,N
3518929,3523305,N
3519305,3523733,N
3519733,3524187,N
3520187,3524519,N
3520519,3524847,N
3520847,3525291,N
3521291,3525658,N
3521658,3526029,N
3522029,3526415,N
3522415,3526909,N
3522909,3527331,N
3523331,3527801,N
3523801,3528215,N
3524215,3528623,N
3539721,3544107,N
3540107,3544491,N
3540491,3544835,N
3540835,3545149,N
3541149,3545439,N
3541439,3545855,N
3541855,3546229,N
3542229,3546569,N
3542569,3547117,N
3543117,3547587,N
3543587,3547991,N
3543991,3548399,N
3544399,3548929,N
3544929,3549352,N
3545352,3549773,N
3545773,3550103,V
3546103,3550585,N
3546585,3550933,N
3546933,3551286,N
3547286,3551633,N
3547633,3552075,N
3548075,3552603,N
3548603,3553279,N
3549279,3553619,N
3549619,3553967,N
3549967,3554409,N
3550409,3554797,N
3550797,3555221,N
3551221,3555943,N
3551943,3556385,N
3552385,3556977,N
3552977,3557535,N
3553535,3557876,N
3553876,3558271,N
3554271,3558613,N
3554613,3559127,N
3555127,3559497,N
3555497,3559849,N
3555849,3560160,N
3556160,3560449,N
3556449,3560775,N
3556775,3561135,N
3557135,3561621,N
3557621,3561981,N
3557981,3562455,N
3558455,3563105,N
3559105,3563551,N
3559551,3563957,N
3559957,3564297,N
3560297,3564665,N
3560665,3565039,N
3561039,3565391,N
3561391,3565755,N
3561755,3566107,N
3562107,3566453,N
3562453,3566899,N
3562899,3567248,N
3563248,3567563,N
3563563,3567883,N
3563883,3568185,N
3564185,3568573,N
3564573,3568981,N
3564981,3569404,N
