0.336,0.332,0.322,0.328,0.334,0.332,N
0.332,0.33,0.322,0.336,0.332,0.334,N
0.322,0.332,0.332,0.338,0.332,0.34,N
0.338,0.332,0.336,0.332,0.338,0.33,N
0.336,0.332,0.34,0.33,0.332,0.332,N
0.336,0.332,0.338,0.33,0.332,0.332,N
0.332,0.34,0.33,0.336,0.33,0.34,N
0.338,0.33,0.336,0.332,0.334,0.332,N
0.334,0.332,0.338,0.33,0.324,0.336,N
0.336,0.332,0.336,0.33,0.326,0.336,N
0.338,0.33,0.326,0.336,0.328,0.332,N
0.338,0.328,0.332,0.332,0.324,0.334,N
0.336,0.328,0.334,0.33,0.324,0.338,N
0.336,0.33,0.332,0.332,0.33,0.338,N
0.338,0.334,0.34,0.332,0.33,0.336,N
0.332,0.334,0.336,0.338,0.332,0.334,N
0.34,0.332,0.332,0.334,0.34,0.33,N
0.338,0.33,0.338,0.332,0.33,0.334,N
0.336,0.328,0.328,0.334,0.328,0.338,N
0.336,0.328,0.324,0.336,0.344,0.332,N
0.338,0.33,0.332,0.336,0.34,0.33,N
0.326,0.336,0.344,0.332,0.338,0.328,N
0.332,0.334,0.34,0.332,0.342,0.33,N
0.342,0.332,0.336,0.332,0.34,0.33,N
0.43,0.332,0.34,0.332,0.338,0.33,N
0.334,0.334,0.34,0.332,0.328,0.336,N
0.34,0.33,0.336,0.33,0.332,0.336,N
0.33,0.342,0.33,0.334,0.332,0.344,N
0.336,0.33,0.336,0.336,0.334,0.334,N
0.336,0.344,0.328,0.34,0.33,0.338,N
0.336,0.336,0.342,0.332,0.342,0.328,N
0.328,0.34,0.332,0.34,0.332,0.334,N
0.338,0.34,0.332,0.342,0.33,0.34,N
0.352,0.332,0.338,0.332,0.34,0.332,N
0.338,0.334,0.336,0.332,0.342,0.326,N
0.332,0.336,0.332,0.338,0.334,0.334,N
0.336,0.332,0.342,0.328,0.338,0.33,N
0.332,0.34,0.334,0.336,0.332,0.338,N
0.342,0.328,0.34,0.33,0.336,0.33,N
0.334,0.334,0.334,0.34,0.33,0.332,N
0.336,0.332,0.336,0.332,0.328,0.336,N
0.334,0.338,0.332,0.334,0.334,0.332,N
0.33,0.336,0.332,0.334,0.334,0.336,N
0.332,0.332,0.338,0.332,0.336,0.332,N
0.332,0.334,0.338,0.334,0.332,0.332,N
0.338,0.332,0.338,0.33,0.34,0.33,N
0.332,0.338,0.332,0.336,0.332,0.338,N
0.336,0.332,0.338,0.332,0.338,0.334,N
0.334,0.332,0.334,0.338,0.332,0.342,N
0.338,0.334,0.338,0.336,0.334,0.336,N
0.338,0.334,0.342,0.33,0.342,0.342,N
0.336,0.336,0.332,0.338,0.344,0.346,N
0.342,0.332,0.342,0.334,0.34,0.344,N
0.342,0.328,0.342,0.348,0.338,0.34,N
0.336,0.342,0.346,0.334,0.338,0.338,N
0.34,0.336,0.34,0.346,0.332,0.342,N
0.34,0.338,0.34,0.334,0.342,0.334,N
0.344,0.344,0.332,0.342,0.342,0.332,N
0.332,0.34,0.346,0.33,0.338,0.342,N
0.336,0.34,0.342,0.332,0.342,0.338,N
0.342,0.334,0.34,0.334,0.342,0.334,N
0.334,0.338,0.344,0.332,0.342,0.344,N
0.334,0.338,0.346,0.332,0.342,0.334,N
0.336,0.336,0.342,0.334,0.338,0.34,N
0.334,0.34,0.346,0.33,0.34,0.33,N
0.334,0.34,0.342,0.334,0.342,0.332,N
0.34,0.346,0.332,0.342,0.33,0.338,N
0.334,0.338,0.344,0.332,0.34,0.33,N
0.34,0.336,0.342,0.332,0.34,0.302,N
0.334,0.338,0.344,0.332,0.298,0.354,N
0.338,0.334,0.338,0.302,0.342,0.35,N
0.338,0.342,0.334,0.298,0.354,0.35,N
0.334,0.298,0.354,0.35,0.334,0.342,N
0.306,0.348,0.352,0.334,0.34,0.346,N
0.302,0.342,0.352,0.346,0.334,0.342,N
0.356,0.344,0.34,0.346,0.334,0.34,N
0.334,0.34,0.346,0.342,0.334,0.338,N
0.336,0.338,0.346,0.334,0.336,0.338,N
0.34,0.338,0.342,0.332,0.34,0.308,N
0.344,0.334,0.34,0.332,0.314,0.344,N
0.344,0.34,0.334,0.342,0.306,0.344,N
0.334,0.338,0.312,0.348,0.35,0.334,N
0.34,0.308,0.342,0.348,0.346,0.332,N
0.314,0.346,0.35,0.334,0.338,0.346,N
0.342,0.348,0.346,0.332,0.342,0.338,N
0.34,0.334,0.338,0.342,0.334,0.29,N
0.34,0.342,0.332,0.342,0.564,0.426,N
0.338,0.342,0.334,0.292,0.356,0.356,V
0.342,0.532,0.444,0.358,0.332,0.338,N
0.534,0.444,0.356,0.332,0.34,0.34,N
0.564,0.426,0.332,0.34,0.346,0.298,N
0.356,0.334,0.338,0.334,0.294,0.35,N
0.33,0.338,0.346,0.298,0.34,0.35,N
0.336,0.338,0.334,0.294,0.352,0.344,V
0.338,0.334,0.294,0.35,0.35,0.336,N
0.298,0.34,0.35,0.348,0.298,0.352,N
0.298,0.346,0.346,0.346,0.3,0.356,N
0.352,0.346,0.34,0.298,0.358,0.358,V
0.344,0.34,0.298,0.358,0.36,0.336,N
0.298,0.358,0.36,0.334,0.34,0.34,N
0.358,0.358,0.344,0.334,0.342,0.334,N
0.35,0.338,0.344,0.332,0.342,0.336,N
0.336,0.34,0.344,0.334,0.34,0.334,N
0.346,0.334,0.338,0.346,0.332,0.342,N
0.332,0.34,0.344,0.334,0.338,0.334,N
0.34,0.344,0.334,0.342,0.33,0.34,N
0.344,0.348,0.346,0.336,0.342,0.34,N
0.334,0.344,0.348,0.344,0.334,0.342,N
0.348,0.336,0.34,0.348,0.334,0.34,N
0.336,0.342,0.342,0.336,0.342,0.346,N
0.346,0.346,0.33,0.342,0.348,0.334,N
0.334,0.34,0.346,0.344,0.336,0.344,N
0.336,0.344,0.346,0.334,0.35,0.342,N
0.34,0.34,0.344,0.35,0.336,0.29,N
0.346,0.334,0.342,0.348,0.346,0.568,N
0.336,0.346,0.348,0.296,0.358,0.348,N
0.342,0.352,0.336,0.292,0.358,0.36,V
0.35,0.336,0.29,0.36,0.36,0.348,N
0.292,0.358,0.358,0.344,0.336,0.342,N
0.29,0.356,0.36,0.348,0.334,0.338,N
0.572,0.43,0.346,0.346,0.334,0.342,N
0.338,0.342,0.346,0.334,0.34,0.298,N
0.336,0.338,0.346,0.332,0.294,0.356,N
0.338,0.338,0.344,0.296,0.346,0.352,N
0.342,0.342,0.334,0.294,0.356,0.356,V
0.346,0.332,0.294,0.356,0.356,0.334,N
0.294,0.356,0.358,0.338,0.336,0.344,N
0.444,0.356,0.346,0.332,0.342,0.342,N
0.356,0.334,0.34,0.34,0.338,0.342,N
0.336,0.34,0.346,0.334,0.34,0.342,N
0.344,0.334,0.342,0.346,0.336,0.338,N
0.342,0.344,0.336,0.342,0.334,0.338,N
0.34,0.336,0.344,0.332,0.342,0.342,N
0.346,0.336,0.338,0.34,0.336,0.342,N
0.334,0.34,0.346,0.334,0.342,0.328,N
0.332,0.342,0.344,0.334,0.338,0.332,N
0.338,0.34,0.34,0.332,0.342,0.33,N
0.34,0.336,0.338,0.332,0.338,0.302,N
0.34,0.332,0.342,0.33,0.306,0.344,N
0.354,0.334,0.338,0.332,0.338,0.334,N
0.352,0.344,0.33,0.336,0.332,0.342,N
0.338,0.33,0.338,0.334,0.34,0.338,N
0.332,0.338,0.344,0.334,0.34,0.344,N
0.332,0.338,0.344,0.336,0.34,0.344,N
0.334,0.338,0.344,0.338,0.34,0.338,N
0.342,0.336,0.338,0.346,0.334,0.338,N
0.342,0.336,0.34,0.346,0.332,0.34,N
0.344,0.34,0.336,0.342,0.332,0.34,N
0.336,0.344,0.34,0.336,0.34,0.332,N
0.338,0.336,0.342,0.334,0.29,0.354,N
0.34,0.34,0.332,0.342,0.562,0.426,N
0.582,1.154,0.852,0.67,0.422,0.336,N
0.338,0.342,0.564,0.428,0.334,0.338,N
0.57,0.422,0.344,0.33,0.338,0.33,N
0.57,0.43,0.332,0.34,0.33,0.338,N
0.424,0.344,0.332,0.34,0.33,0.34,N
0.424,0.336,0.578,0.43,0.334,0.576,N
0.336,0.33,0.338,0.344,0.574,0.674,N
0.332,0.338,0.334,0.34,0.578,0.67,V
0.426,0.336,0.578,0.672,0.436,0.33,N
0.332,0.576,0.434,0.336,0.336,0.336,N
0.34,0.572,0.432,0.342,0.33,0.34,N
0.426,0.338,0.344,0.33,0.338,0.298,N
0.338,0.336,0.34,0.334,0.292,0.356,N
0.342,0.334,0.338,0.296,0.348,0.35,N
0.338,0.334,0.294,0.356,0.344,0.338,V
0.334,0.292,0.356,0.35,0.336,0.342,N
0.334,0.292,0.356,0.354,0.332,0.342,N
0.356,0.342,0.338,0.342,0.334,0.294,N
0.336,0.294,0.352,0.31,0.356,0.356,N
0.342,0.296,0.344,0.306,0.356,0.358,V
0.566,0.384,0.356,0.358,0.334,0.34,N
0.384,0.356,0.358,0.336,0.338,0.328,N
0.346,0.352,0.346,0.33,0.332,0.304,N
0.354,0.336,0.342,0.33,0.306,0.346,N
0.346,0.332,0.332,0.306,0.34,0.35,N
0.338,0.342,0.332,0.304,0.348,0.344,N
0.332,0.336,0.302,0.342,0.348,0.348,N
0.33,0.31,0.342,0.352,0.348,0.332,N
0.34,0.35,0.348,0.334,0.342,0.344,N
0.424,0.344,0.342,0.336,0.34,0.344,N
0.348,0.332,0.346,0.34,0.336,0.344,N
0.348,0.332,0.34,0.346,0.332,0.342,N
0.342,0.336,0.336,0.296,0.36,0.362,V
0.342,0.334,0.292,0.36,0.362,0.348,N
0.388,0.358,0.362,0.348,0.54,0.466,N
0.36,0.362,0.35,0.35,0.298,0.362,N
0.432,0.346,0.346,0.298,0.362,0.362,N
0.344,0.34,0.296,0.366,0.36,0.344,V
0.336,0.292,0.372,0.364,0.342,0.296,N
0.348,0.3,0.362,0.364,0.348,0.298,N
0.362,0.364,0.348,0.298,0.358,0.314,N
0.372,0.364,0.342,0.296,0.36,0.324,V
0.364,0.34,0.296,0.36,0.326,0.362,N
0.348,0.298,0.358,0.318,0.36,0.32,V
0.358,0.316,0.36,0.314,0.36,0.358,N
0.394,0.362,0.312,0.36,0.36,0.348,V
0.362,0.312,0.36,0.36,0.348,0.332,N
0.312,0.36,0.36,0.348,0.332,0.342,N
0.314,0.358,0.36,0.35,0.584,0.436,N
0.342,0.344,0.336,0.338,0.344,0.3,N
0.342,0.336,0.344,0.334,0.338,0.298,N
0.344,0.334,0.342,0.338,0.302,0.35,N
0.336,0.336,0.344,0.298,0.356,0.358,N
0.342,0.336,0.338,0.296,0.358,0.36,V
0.338,0.338,0.298,0.358,0.362,0.348,N
0.298,0.358,0.362,0.348,0.34,0.336,N
0.354,0.356,0.348,0.346,0.336,0.338,N
0.354,0.34,0.344,0.348,0.336,0.34,N
0.344,0.336,0.344,0.346,0.336,0.338,N
0.344,0.336,0.344,0.346,0.334,0.342,N
0.338,0.34,0.346,0.34,0.34,0.344,N
0.346,0.334,0.342,0.344,0.342,0.34,N
0.346,0.338,0.34,0.346,0.346,0.338,N
0.334,0.342,0.348,0.346,0.334,0.342,N
0.342,0.338,0.344,0.346,0.582,0.436,N
0.344,0.338,0.344,0.338,0.338,0.344,N
0.346,0.342,0.336,0.344,0.342,0.336,N
0.334,0.338,0.348,0.346,0.334,0.332,N
0.346,0.334,0.342,0.346,0.338,0.336,N
0.338,0.342,0.346,0.334,0.34,0.342,N
0.338,0.338,0.336,0.338,0.342,0.342,N
0.336,0.338,0.344,0.332,0.342,0.344,N
0.334,0.34,0.344,0.334,0.342,0.346,N
0.336,0.34,0.34,0.346,0.336,0.34,N
0.342,0.332,0.34,0.346,0.344,0.334,N
0.334,0.34,0.348,0.344,0.336,0.342,N
0.344,0.336,0.342,0.346,0.338,0.34,N
0.344,0.336,0.342,0.34,0.334,0.34,N
0.338,0.34,0.344,0.336,0.338,0.342,N
0.334,0.34,0.346,0.332,0.342,0.342,N
0.338,0.338,0.342,0.334,0.34,0.338,N
0.34,0.336,0.344,0.334,0.338,0.342,N
0.334,0.338,0.346,0.332,0.34,0.336,N
0.34,0.336,0.342,0.334,0.338,0.332,N
0.338,0.336,0.344,0.332,0.34,0.332,N
0.338,0.338,0.342,0.332,0.342,0.334,N
0.342,0.334,0.338,0.332,0.342,0.336,N
0.338,0.336,0.342,0.334,0.342,0.342,N
0.334,0.338,0.342,0.334,0.342,0.33,N
0.334,0.338,0.344,0.334,0.338,0.332,N
0.342,0.334,0.342,0.33,0.338,0.346,N
0.344,0.334,0.338,0.334,0.342,0.346,N
0.338,0.344,0.33,0.34,0.342,0.338,N
0.34,0.334,0.338,0.344,0.342,0.338,N
0.334,0.342,0.348,0.344,0.34,0.342,N
0.336,0.34,0.348,0.348,0.338,0.342,N
0.336,0.342,0.348,0.348,0.332,0.344,N
0.346,0.336,0.342,0.346,0.346,0.582,N
0.338,0.34,0.348,0.348,0.332,0.34,N
0.346,0.334,0.344,0.344,0.334,0.342,N
0.348,0.586,0.436,0.336,0.338,0.346,N
0.348,0.346,0.334,0.342,0.34,0.338,N
0.344,0.342,0.334,0.342,0.344,0.586,N
0.336,0.338,0.348,0.334,0.342,0.346,N
0.342,0.342,0.338,0.338,0.346,0.338,N
0.342,0.346,0.334,0.342,0.344,0.338,N
0.348,0.334,0.342,0.346,0.344,0.338,N
0.338,0.342,0.342,0.346,0.348,0.348,N
0.428,0.342,0.348,0.352,0.348,0.342,N
0.338,0.344,0.35,0.35,0.35,0.348,N
0.34,0.35,0.35,0.352,0.35,0.344,N
0.338,0.346,0.348,0.348,0.352,0.35,N
0.346,0.344,0.346,0.35,0.35,0.35,N
0.342,0.348,0.352,0.35,0.346,0.334,N
0.344,0.346,0.35,0.348,0.334,0.34,N
0.338,0.346,0.35,0.348,0.336,0.34,N
0.34,0.344,0.346,0.346,0.334,0.342,N
0.35,0.346,0.336,0.342,0.344,0.338,N
0.336,0.34,0.346,0.346,0.338,0.34,N
0.346,0.338,0.344,0.348,0.348,0.334,N
0.334,0.342,0.348,0.348,0.332,0.344,N
0.34,0.344,0.346,0.334,0.342,0.346,N
0.344,0.336,0.342,0.344,0.338,0.344,N
0.348,0.338,0.338,0.346,0.344,0.336,N
0.346,0.332,0.342,0.346,0.344,0.336,N
0.34,0.338,0.344,0.348,0.344,0.338,N
0.346,0.336,0.34,0.348,0.348,0.336,N
0.338,0.342,0.348,0.35,0.34,0.34,N
0.346,0.334,0.342,0.348,0.348,0.34,N
0.338,0.344,0.348,0.348,0.34,0.34,N
0.338,0.344,0.348,0.348,0.336,0.34,N
0.346,0.338,0.342,0.348,0.35,0.334,N
0.348,0.34,0.342,0.346,0.344,0.334,N
0.348,0.346,0.336,0.342,0.346,0.334,N
0.344,0.336,0.344,0.344,0.334,0.342,N
0.35,0.336,0.34,0.348,0.346,0.586,N
0.336,0.34,0.348,0.346,0.334,0.344,N
0.346,0.336,0.342,0.346,0.586,0.434,N
0.336,0.34,0.346,0.346,0.332,0.342,N
0.348,0.586,0.438,0.344,0.334,0.342,N
0.336,0.34,0.346,0.344,0.334,0.344,N
0.34,0.336,0.346,0.338,0.338,0.348,N
0.348,0.336,0.34,0.346,0.342,0.338,N
0.342,0.336,0.344,0.348,0.338,0.34,N
0.336,0.342,0.348,0.348,0.334,0.342,N
0.338,0.344,0.348,0.344,0.336,0.344,N
0.338,0.344,0.346,0.344,0.338,0.344,N
0.348,0.338,0.342,0.348,0.348,0.338,N
0.336,0.342,0.348,0.348,0.334,0.34,N
0.338,0.344,0.348,0.346,0.338,0.344,N
0.34,0.348,0.348,0.344,0.34,0.342,N
0.348,0.338,0.342,0.348,0.348,0.336,N
0.348,0.336,0.342,0.348,0.348,0.334,N
0.344,0.338,0.344,0.348,0.342,0.336,N
0.34,0.342,0.346,0.338,0.342,0.346,N
0.338,0.342,0.346,0.346,0.334,0.342,N
0.334,0.342,0.35,0.344,0.334,0.342,N
0.336,0.342,0.348,0.344,0.336,0.344,N
0.344,0.34,0.34,0.346,0.342,0.338,N
0.338,0.338,0.348,0.348,0.336,0.342,N
0.348,0.334,0.342,0.348,0.346,0.338,N
0.346,0.334,0.342,0.348,0.348,0.34,N
0.342,0.338,0.344,0.348,0.35,0.346,N
0.344,0.338,0.344,0.348,0.35,0.346,N
0.338,0.342,0.348,0.35,0.35,0.348,N
0.338,0.344,0.348,0.35,0.35,0.348,N
0.342,0.342,0.348,0.35,0.35,0.344,N
0.342,0.342,0.344,0.348,0.35,0.352,N
0.344,0.342,0.346,0.348,0.352,0.348,N
0.342,0.34,0.344,0.35,0.35,0.35,N
0.34,0.342,0.35,0.35,0.352,0.346,N
0.338,0.344,0.348,0.35,0.35,0.346,N
0.344,0.348,0.35,0.348,0.342,0.342,N
0.34,0.344,0.346,0.348,0.35,0.348,N
0.346,0.338,0.344,0.348,0.35,0.344,N
0.344,0.338,0.344,0.35,0.348,0.34,N
0.344,0.34,0.346,0.348,0.344,0.338,N
0.348,0.342,0.342,0.346,0.348,0.352,N
0.35,0.34,0.342,0.348,0.352,0.35,N
0.344,0.338,0.344,0.35,0.35,0.35,N
0.338,0.344,0.35,0.35,0.352,0.348,N
0.34,0.35,0.35,0.35,0.35,0.348,N
0.35,0.348,0.348,0.352,0.35,0.348,N
0.346,0.344,0.348,0.35,0.352,0.346,N
0.342,0.348,0.35,0.35,0.346,0.334,N
0.342,0.34,0.348,0.348,0.348,0.34,N
0.342,0.344,0.346,0.348,0.344,0.336,N
0.34,0.342,0.348,0.348,0.336,0.338,N
0.338,0.344,0.348,0.348,0.332,0.342,N
0.336,0.344,0.35,0.34,0.338,0.344,N
0.336,0.344,0.346,0.338,0.34,0.344,N
0.338,0.34,0.348,0.34,0.338,0.344,N
0.334,0.34,0.346,0.334,0.338,0.342,N
0.348,0.338,0.34,0.346,0.334,0.338,N
0.334,0.342,0.344,0.334,0.342,0.34,N
0.334,0.34,0.344,0.334,0.342,0.344,N
0.344,0.336,0.338,0.344,0.334,0.342,N
0.336,0.338,0.346,0.338,0.34,0.348,N
0.34,0.34,0.336,0.344,0.346,0.334,N
0.334,0.342,0.348,0.342,0.34,0.344,N
0.336,0.344,0.348,0.344,0.338,0.344,N
0.342,0.336,0.344,0.348,0.346,0.338,N
0.336,0.344,0.35,0.348,0.332,0.344,N
0.34,0.34,0.346,0.348,0.334,0.344,N
0.348,0.338,0.342,0.346,0.348,0.336,N
0.342,0.336,0.348,0.348,0.336,0.34,N
0.332,0.346,0.348,0.346,0.338,0.34,N
0.34,0.344,0.344,0.348,0.348,0.334,N
0.346,0.334,0.344,0.348,0.344,0.334,N
0.338,0.344,0.348,0.342,0.336,0.344,N
0.34,0.338,0.344,0.344,0.338,0.342,N
0.348,0.34,0.336,0.346,0.348,0.332,N
0.338,0.338,0.346,0.344,0.334,0.342,N
0.348,0.338,0.338,0.346,0.346,0.338,N
0.346,0.334,0.342,0.346,0.342,0.34,N
0.344,0.338,0.342,0.348,0.348,0.586,N
0.348,0.336,0.342,0.348,0.594,0.434,N
0.346,0.338,0.344,0.6,0.442,0.34,N
0.346,0.346,0.59,0.44,0.352,0.348,N
0.346,0.588,0.442,0.352,0.348,0.348,N
0.588,0.438,0.352,0.35,0.352,0.346,N
0.438,0.35,0.35,0.352,0.35,0.348,N
0.348,0.35,0.352,0.35,0.352,0.344,N
0.346,0.35,0.35,0.352,0.35,0.336,N
0.35,0.35,0.352,0.35,0.344,0.336,N
0.346,0.35,0.35,0.348,0.338,0.34,N
0.344,0.348,0.35,0.348,0.336,0.34,N
0.346,0.34,0.344,0.348,0.348,0.336,N
0.338,0.344,0.348,0.348,0.334,0.342,N
0.34,0.342,0.348,0.35,0.342,0.336,N
0.338,0.344,0.348,0.346,0.338,0.344,N
0.346,0.338,0.344,0.346,0.346,0.338,N
0.346,0.336,0.342,0.348,0.348,0.344,N
0.338,0.344,0.348,0.35,0.346,0.334,N
0.338,0.344,0.348,0.348,0.334,0.34,N
0.34,0.344,0.346,0.344,0.336,0.342,N
0.348,0.342,0.342,0.344,0.346,0.336,N
0.35,0.346,0.336,0.344,0.348,0.304,N
0.334,0.342,0.348,0.306,0.35,0.348,N
0.346,0.336,0.342,0.316,0.348,0.352,N
0.342,0.348,0.306,0.35,0.352,0.338,N
0.316,0.344,0.352,0.348,0.342,0.338,N
0.31,0.342,0.352,0.35,0.348,0.334,N
0.352,0.346,0.346,0.346,0.338,0.344,N
0.338,0.344,0.348,0.346,0.338,0.342,N
0.34,0.344,0.35,0.346,0.332,0.342,N
0.336,0.344,0.348,0.34,0.334,0.344,N
0.348,0.338,0.344,0.346,0.336,0.338,N
0.344,0.334,0.342,0.344,0.336,0.342,N
0.334,0.34,0.348,0.34,0.338,0.342,N
0.334,0.342,0.348,0.336,0.338,0.344,N
0.346,0.336,0.34,0.346,0.334,0.338,N
0.34,0.338,0.344,0.334,0.34,0.344,N
0.336,0.338,0.342,0.334,0.342,0.346,N
0.336,0.338,0.344,0.336,0.34,0.346,N
0.342,0.338,0.338,0.344,0.342,0.336,N
0.336,0.34,0.346,0.34,0.35,0.334,N
0.342,0.338,0.338,0.344,0.348,0.336,N
0.346,0.336,0.338,0.35,0.342,0.338,N
0.344,0.336,0.348,0.342,0.344,0.306,N
0.35,0.336,0.344,0.306,0.35,0.354,N
0.348,0.334,0.342,0.314,0.348,0.356,N
0.334,0.344,0.308,0.352,0.358,0.346,N
0.34,0.316,0.344,0.354,0.348,0.35,N
0.344,0.354,0.348,0.352,0.352,0.35,N
0.344,0.354,0.348,0.352,0.352,0.35,N
0.354,0.348,0.352,0.352,0.35,0.352,N
0.352,0.352,0.35,0.352,0.346,0.338,N
0.35,0.352,0.348,0.35,0.35,0.35,N
0.352,0.344,0.35,0.35,0.352,0.344,N
0.34,0.348,0.35,0.352,0.348,0.346,N
0.342,0.342,0.346,0.35,0.35,0.35,N
0.336,0.342,0.348,0.352,0.35,0.348,N
0.34,0.35,0.352,0.35,0.346,0.35,N
0.336,0.346,0.352,0.348,0.346,0.35,N
0.344,0.348,0.344,0.344,0.35,0.346,N
0.348,0.338,0.342,0.35,0.348,0.344,N
0.338,0.348,0.348,0.348,0.338,0.342,N
0.346,0.34,0.348,0.348,0.34,0.338,N
0.338,0.34,0.348,0.35,0.346,0.334,N
0.344,0.338,0.344,0.348,0.348,0.332,N
0.342,0.34,0.346,0.348,0.342,0.338,N
0.346,0.34,0.34,0.348,0.348,0.334,N
0.344,0.336,0.344,0.344,0.336,0.344,N
0.348,0.334,0.344,0.35,0.344,0.34,N
0.348,0.34,0.342,0.348,0.348,0.35,N
0.346,0.334,0.344,0.35,0.352,0.346,N
0.334,0.342,0.348,0.352,0.348,0.344,N
0.336,0.344,0.35,0.35,0.35,0.338,N
0.34,0.344,0.348,0.35,0.348,0.338,N
0.342,0.344,0.348,0.35,0.338,0.34,N
0.342,0.34,0.346,0.348,0.348,0.342,N
0.34,0.346,0.35,0.348,0.33,0.342,N
0.338,0.344,0.348,0.336,0.34,0.346,N
0.346,0.338,0.346,0.348,0.338,0.34,N
0.342,0.336,0.346,0.346,0.336,0.342,N
0.348,0.33,0.342,0.35,0.344,0.336,N
0.34,0.34,0.344,0.348,0.34,0.34,N
0.338,0.344,0.346,0.34,0.338,0.344,N
0.346,0.336,0.342,0.346,0.336,0.34,N
0.348,0.334,0.342,0.344,0.342,0.342,N
0.338,0.34,0.344,0.342,0.332,0.344,N
0.336,0.34,0.348,0.332,0.342,0.348,N
0.344,0.338,0.342,0.588,0.436,0.342,N
0.346,0.34,0.336,0.346,0.344,0.332,N
0.346,0.33,0.344,0.348,0.338,0.34,N
0.344,0.586,0.436,0.346,0.346,0.586,N
0.592,0.434,0.336,0.346,0.35,0.59,N
0.346,0.334,0.344,0.35,0.344,0.59,N
0.338,0.34,0.348,0.348,0.35,0.584,N
0.344,0.34,0.342,0.35,0.588,0.436,N
0.336,0.344,0.348,0.346,0.334,0.342,N
0.346,0.35,0.336,0.344,0.35,0.586,N
0.35,0.586,0.438,0.346,0.336,0.34,N
0.346,0.336,0.342,0.348,0.348,0.334,N
0.346,0.336,0.342,0.348,0.344,0.334,N
0.338,0.338,0.348,0.346,0.338,0.344,N
0.348,0.338,0.34,0.348,0.348,0.338,N
0.348,0.334,0.34,0.348,0.348,0.592,N
0.346,0.334,0.342,0.348,0.35,0.348,N
0.342,0.338,0.344,0.348,0.35,0.342,N
0.346,0.338,0.346,0.348,0.346,0.344,N
0.348,0.346,0.342,0.34,0.348,0.348,N
0.35,0.346,0.336,0.344,0.352,0.35,N
0.348,0.334,0.342,0.35,0.35,0.352,N
0.34,0.34,0.346,0.35,0.352,0.352,N
0.338,0.344,0.348,0.352,0.352,0.35,N
0.342,0.348,0.352,0.35,0.35,0.35,N
0.34,0.344,0.35,0.35,0.35,0.352,N
0.346,0.34,0.352,0.346,0.344,0.35,N
0.352,0.342,0.344,0.35,0.352,0.348,N
0.342,0.342,0.35,0.352,0.35,0.35,N
0.346,0.352,0.35,0.35,0.352,0.588,N
0.688,0.442,0.352,0.35,0.344,0.586,N
0.592,0.44,0.352,0.35,0.348,0.584,N
0.7,0.442,0.338,0.346,0.84,0.758,N
0.606,0.684,0.438,0.348,0.586,0.672,N
0.352,0.35,0.336,0.34,0.348,0.348,N
0.35,0.346,0.586,0.438,0.348,0.586,N
0.584,0.436,0.346,0.582,0.436,0.588,N
0.344,0.348,0.342,0.338,0.834,0.532,N
0.338,0.342,0.586,0.436,0.348,0.84,N
0.436,0.344,0.59,0.44,1.328,0.702,N
0.35,0.84,0.532,0.838,0.522,0.336,N
0.438,0.842,1.02,0.768,0.436,0.322,N
0.532,0.586,0.436,0.584,0.438,0.584,N
0.346,0.334,0.342,0.348,0.588,0.436,N
0.346,0.334,0.344,0.348,0.586,0.438,N
0.588,0.438,0.346,0.344,0.586,0.44,N
0.348,0.344,0.336,0.346,0.35,0.588,N
0.346,0.348,0.336,0.34,0.35,0.344,N
0.586,0.44,0.344,0.352,0.354,0.354,N
0.438,0.35,0.336,0.346,0.354,0.632,N
0.35,0.334,0.346,0.354,0.632,0.484,N
0.59,0.446,0.354,0.356,0.376,0.386,N
0.602,0.45,0.358,0.376,0.386,0.722,N
0.346,0.352,0.356,0.374,0.386,0.41,N
0.354,0.358,0.374,0.386,0.41,0.754,N
0.702,0.504,0.666,0.75,0.478,0.37,N
0.666,0.472,0.378,0.382,0.642,0.734,N
0.38,0.368,0.376,0.9,0.554,0.354,N
0.48,0.38,0.368,0.374,0.362,0.628,N
0.378,0.646,0.478,0.9,0.556,0.862,N
0.74,0.462,0.37,0.362,0.356,0.604,N
0.738,0.46,0.366,0.36,0.596,0.44,N
0.9,0.558,0.356,0.604,0.702,0.448,N
0.36,0.372,0.36,0.356,0.606,0.702,N
0.46,0.358,0.606,0.704,0.448,0.3,N
0.36,0.602,0.706,0.448,0.298,0.614,N
0.356,0.606,0.704,0.448,0.298,0.616,N
0.606,0.704,0.448,0.3,0.362,0.616,N
0.584,0.44,0.35,0.35,0.344,0.336,N
0.586,0.44,0.348,0.348,0.35,0.332,N
0.44,0.346,0.35,0.35,0.332,0.34,N
0.686,0.442,0.35,0.346,0.336,0.34,N
0.438,0.348,0.348,0.338,0.338,0.348,N
0.344,0.336,0.348,0.348,0.336,0.34,N
0.332,0.344,0.348,0.346,0.332,0.342,N
0.336,0.34,0.348,0.342,0.336,0.344,N
0.336,0.34,0.346,0.344,0.334,0.342,N
0.342,0.338,0.346,0.344,0.334,0.342,N
0.336,0.34,0.348,0.338,0.336,0.34,N
0.338,0.34,0.346,0.334,0.338,0.334,N
0.336,0.338,0.346,0.332,0.34,0.332,N
0.342,0.334,0.342,0.332,0.342,0.346,V
0.342,0.334,0.342,0.332,0.342,0.344,N
0.342,0.332,0.342,0.342,0.334,0.338,N
0.336,0.338,0.346,0.336,0.336,0.338,N
0.334,0.34,0.346,0.332,0.34,0.338,N
0.342,0.342,0.334,0.34,0.332,0.342,N
0.336,0.338,0.342,0.332,0.342,0.338,N
0.34,0.342,0.334,0.342,0.334,0.34,N
0.342,0.336,0.338,0.344,0.332,0.34,N
0.336,0.338,0.344,0.33,0.34,0.334,N
0.342,0.334,0.338,0.334,0.342,0.344,N
0.342,0.332,0.342,0.336,0.338,0.348,N
0.334,0.338,0.332,0.342,0.344,0.334,N
0.338,0.334,0.338,0.348,0.344,0.334,N
0.334,0.342,0.348,0.336,0.338,0.348,N
0.334,0.342,0.346,0.334,0.34,0.346,N
0.344,0.334,0.342,0.346,0.332,0.342,N
0.336,0.338,0.348,0.336,0.338,0.342,N
0.346,0.334,0.342,0.346,0.334,0.342,N
0.346,0.334,0.342,0.336,0.338,0.344,N
0.346,0.338,0.336,0.344,0.334,0.338,N
0.346,0.332,0.342,0.346,0.334,0.34,N
0.336,0.338,0.344,0.334,0.338,0.34,N
0.34,0.336,0.344,0.332,0.34,0.346,N
0.336,0.342,0.348,0.346,0.336,0.342,N
0.344,0.338,0.342,0.348,0.346,0.338,N
0.34,0.344,0.348,0.344,0.338,0.344,N
0.348,0.338,0.342,0.346,0.342,0.336,N
0.348,0.336,0.342,0.346,0.342,0.334,N
0.338,0.34,0.346,0.336,0.338,0.344,N
0.338,0.34,0.344,0.338,0.338,0.344,N
0.346,0.336,0.338,0.346,0.334,0.342,N
0.334,0.34,0.346,0.336,0.338,0.344,N
0.346,0.336,0.338,0.344,0.334,0.338,N
0.342,0.336,0.338,0.344,0.336,0.338,N
0.34,0.346,0.334,0.34,0.346,0.334,N
0.342,0.332,0.344,0.338,0.342,0.344,N
0.332,0.342,0.342,0.346,0.34,0.344,N
0.336,0.342,0.348,0.346,0.334,0.338,N
0.336,0.344,0.348,0.342,0.334,0.344,N
0.342,0.346,0.346,0.33,0.342,0.348,N
0.346,0.342,0.338,0.336,0.342,0.342,N
0.348,0.342,0.334,0.344,0.344,0.334,N
0.348,0.336,0.34,0.344,0.334,0.34,N
0.334,0.338,0.344,0.334,0.34,0.346,N
0.338,0.336,0.344,0.336,0.338,0.346,N
0.338,0.336,0.344,0.344,0.336,0.342,N
0.336,0.338,0.348,0.346,0.338,0.342,N
0.334,0.342,0.348,0.348,0.334,0.342,N
0.338,0.344,0.348,0.344,0.336,0.344,N
0.342,0.336,0.346,0.35,0.342,0.338,N
0.338,0.342,0.348,0.348,0.332,0.342,N
0.348,0.334,0.342,0.348,0.332,0.34,N
0.346,0.338,0.344,0.34,0.336,0.344,N
0.346,0.34,0.338,0.344,0.336,0.338,N
0.348,0.332,0.34,0.346,0.332,0.34,N
0.344,0.336,0.338,0.344,0.456,0.514,N
0.342,0.342,0.334,0.448,0.516,0.404,N
0.346,0.334,0.464,0.5,0.338,0.378,N
0.346,0.34,0.336,0.344,0.562,0.428,N
0.342,0.342,0.336,0.57,0.43,0.336,N
0.584,0.66,0.426,0.34,0.33,0.34,N
0.344,0.56,0.428,0.348,0.332,0.342,N
0.57,0.426,0.34,0.332,0.342,0.346,N
0.522,0.334,0.338,0.346,0.334,0.346,N
0.34,0.338,0.344,0.334,0.34,0.324,N
0.338,0.346,0.348,0.342,0.334,0.342,N
0.348,0.336,0.342,0.346,0.338,0.34,N
0.338,0.34,0.348,0.344,0.336,0.342,N
0.348,0.334,0.34,0.348,0.342,0.336,N
0.334,0.342,0.346,0.344,0.336,0.34,N
0.338,0.338,0.346,0.346,0.334,0.342,N
0.346,0.336,0.34,0.348,0.336,0.34,N
0.338,0.344,0.342,0.338,0.344,0.34,N
0.346,0.336,0.338,0.346,0.338,0.338,N
0.346,0.332,0.342,0.346,0.332,0.342,N
0.336,0.344,0.344,0.34,0.34,0.346,N
0.342,0.334,0.344,0.346,0.336,0.342,N
0.34,0.338,0.344,0.34,0.336,0.344,N
0.346,0.334,0.342,0.34,0.336,0.344,N
0.338,0.338,0.346,0.342,0.336,0.338,N
0.338,0.336,0.344,0.342,0.332,0.352,N
0.35,0.338,0.338,0.338,0.336,0.344,N
0.344,0.334,0.338,0.354,0.344,0.336,N
0.338,0.342,0.332,0.346,0.36,0.326,N
0.334,0.34,0.348,0.348,0.35,0.332,N
0.338,0.344,0.348,0.352,0.336,0.342,N
0.336,0.342,0.35,0.348,0.348,0.332,N
0.348,0.334,0.346,0.348,0.35,0.334,N
0.344,0.338,0.348,0.346,0.336,0.338,N
0.35,0.334,0.346,0.348,0.348,0.332,N
0.342,0.34,0.346,0.344,0.338,0.344,N
0.35,0.332,0.34,0.346,0.346,0.336,N
0.344,0.336,0.342,0.35,0.344,0.336,N
0.334,0.344,0.35,0.344,0.336,0.344,N
0.346,0.338,0.342,0.346,0.34,0.336,N
0.35,0.344,0.334,0.342,0.336,0.342,N
0.35,0.342,0.336,0.344,0.344,0.35,N
0.346,0.336,0.34,0.348,0.352,0.348,N
0.334,0.346,0.352,0.35,0.348,0.336,N
0.332,0.346,0.352,0.35,0.35,0.342,N
0.344,0.352,0.35,0.35,0.348,0.338,N
0.346,0.348,0.348,0.346,0.336,0.342,N
0.334,0.342,0.348,0.35,0.332,0.34,N
0.336,0.342,0.348,0.344,0.334,0.342,N
0.346,0.336,0.342,0.346,0.34,0.336,N
0.35,0.332,0.34,0.346,0.334,0.344,N
0.348,0.342,0.336,0.344,0.346,0.338,N
0.334,0.34,0.348,0.35,0.338,0.338,N
0.336,0.344,0.35,0.348,0.334,0.342,N
0.338,0.348,0.35,0.346,0.334,0.342,N
0.338,0.342,0.346,0.348,0.342,0.336,N
0.336,0.342,0.346,0.336,0.338,0.344,N
0.334,0.342,0.346,0.336,0.338,0.344,N
0.334,0.342,0.346,0.334,0.34,0.346,N
0.336,0.338,0.346,0.336,0.34,0.34,N
0.346,0.336,0.338,0.344,0.338,0.338,N
0.344,0.34,0.336,0.344,0.33,0.34,N
0.342,0.342,0.338,0.342,0.334,0.34,N
0.342,0.346,0.33,0.342,0.346,0.336,N
0.334,0.338,0.344,0.346,0.338,0.344,N
0.342,0.334,0.34,0.348,0.348,0.336,N
0.336,0.344,0.348,0.348,0.34,0.34,N
0.336,0.342,0.348,0.35,0.342,0.338,N
0.34,0.338,0.348,0.35,0.348,0.334,N
0.338,0.346,0.348,0.342,0.334,0.344,N
0.328,0.344,0.346,0.346,0.342,0.338,N
0.338,0.34,0.346,0.346,0.334,0.342,N
0.35,0.34,0.34,0.348,0.348,0.336,N
0.336,0.34,0.346,0.344,0.338,0.342,N
0.338,0.34,0.346,0.348,0.33,0.344,N
0.34,0.34,0.348,0.332,0.342,0.348,N
0.338,0.34,0.346,0.346,0.334,0.342,N
0.344,0.346,0.332,0.346,0.346,0.334,N
0.33,0.344,0.348,0.342,0.336,0.344,N
0.338,0.34,0.346,0.344,0.334,0.344,N
0.348,0.336,0.34,0.346,0.332,0.342,N
0.348,0.336,0.34,0.344,0.342,0.34,N
0.34,0.34,0.346,0.348,0.344,0.34,N
0.346,0.332,0.344,0.348,0.348,0.342,N
0.334,0.342,0.346,0.35,0.35,0.35,N
0.344,0.348,0.352,0.35,0.35,0.318,N
0.338,0.344,0.348,0.35,0.35,0.324,N
0.346,0.346,0.348,0.326,0.346,0.35,N
0.338,0.346,0.348,0.324,0.354,0.352,N
0.348,0.344,0.32,0.358,0.356,0.334,N
0.35,0.326,0.346,0.354,0.348,0.34,N
0.326,0.346,0.352,0.348,0.348,0.342,N
0.358,0.358,0.336,0.346,0.348,0.346,N
0.358,0.338,0.338,0.348,0.35,0.35,N
0.348,0.336,0.342,0.348,0.352,0.344,N
0.474,0.844,0.534,0.504,0.366,0.658,N
0.346,0.594,0.434,0.352,0.35,0.798,N
0.524,0.346,0.35,0.804,0.552,0.36,N
0.528,0.34,0.346,0.806,0.552,0.36,N
0.342,0.34,0.804,0.806,0.454,0.35,N
0.35,0.34,0.802,0.562,0.36,0.336,N
0.354,0.35,0.354,0.35,0.35,0.352,N
0.348,0.362,0.342,0.346,0.352,0.302,N
0.358,0.334,0.34,0.35,0.304,0.364,N
0.34,0.338,0.348,0.308,0.372,0.366,N
0.34,0.348,0.306,0.368,0.366,0.342,N
0.352,0.302,0.362,0.362,0.35,0.352,N
0.302,0.362,0.362,0.35,0.352,0.352,N
0.362,0.364,0.348,0.35,0.352,0.35,N
0.366,0.344,0.346,0.35,0.35,0.352,N
0.344,0.344,0.348,0.35,0.352,0.352,N
0.344,0.346,0.35,0.356,0.346,0.322,N
0.344,0.348,0.35,0.358,0.346,0.32,N
0.346,0.35,0.358,0.346,0.32,0.352,N
0.348,0.358,0.344,0.32,0.354,0.354,N
0.354,0.342,0.314,0.36,0.36,0.346,N
0.348,0.322,0.354,0.356,0.35,0.35,N
0.322,0.35,0.356,0.35,0.35,0.344,N
0.354,0.348,0.348,0.35,0.328,0.348,N
0.358,0.342,0.344,0.348,0.33,0.354,N
0.344,0.338,0.346,0.332,0.356,0.354,N
0.35,0.33,0.35,0.35,0.346,0.3,N
0.33,0.348,0.352,0.348,0.3,0.358,N
0.35,0.35,0.346,0.3,0.358,0.362,N
0.358,0.354,0.336,0.298,0.358,0.36,N
0.338,0.298,0.358,0.36,0.348,0.342,N
0.298,0.358,0.362,0.348,0.342,0.336,V
0.356,0.36,0.348,0.346,0.336,0.34,N
0.364,0.336,0.344,0.348,0.342,0.336,N
0.362,0.338,0.338,0.346,0.348,0.346,N
0.348,0.338,0.34,0.348,0.35,0.3,V
0.338,0.34,0.346,0.3,0.356,0.36,N
0.348,0.346,0.338,0.3,0.352,0.356,N
0.346,0.338,0.574,0.434,0.35,0.344,N
0.336,0.572,0.436,0.35,0.346,0.336,N
0.568,0.434,0.35,0.348,0.336,0.342,N
0.352,0.346,0.346,0.346,0.342,0.342,N
0.358,0.342,0.34,0.348,0.35,0.348,N
0.338,0.344,0.348,0.35,0.342,0.336,N
0.338,0.346,0.35,0.348,0.332,0.314,N
0.342,0.346,0.346,0.344,0.306,0.344,N
0.346,0.336,0.342,0.314,0.346,0.34,N
0.348,0.34,0.338,0.318,0.344,0.352,N
0.34,0.346,0.308,0.348,0.342,0.344,N
0.316,0.344,0.352,0.35,0.338,0.338,N
0.306,0.342,0.35,0.348,0.348,0.336,N
0.342,0.344,0.35,0.348,0.334,0.342,N
0.338,0.342,0.346,0.346,0.336,0.306,N
0.35,0.338,0.34,0.348,0.348,0.302,N
0.336,0.338,0.348,0.302,0.362,0.36,N
0.348,0.336,0.34,0.302,0.362,0.358,N
0.344,0.3,0.362,0.36,0.348,0.346,N
0.344,0.3,0.36,0.362,0.348,0.346,N
0.36,0.36,0.35,0.35,0.334,0.316,N
0.358,0.354,0.344,0.348,0.346,0.31,N
0.36,0.34,0.342,0.346,0.316,0.348,N
0.348,0.346,0.334,0.316,0.346,0.35,N
0.35,0.342,0.312,0.352,0.346,0.346,N
0.338,0.316,0.346,0.352,0.352,0.348,V
0.346,0.35,0.35,0.35,0.348,0.336,N
0.348,0.35,0.35,0.35,0.344,0.334,N
0.346,0.346,0.348,0.35,0.35,0.338,N
0.338,0.344,0.35,0.348,0.31,0.352,N
0.338,0.346,0.348,0.32,0.346,0.35,N
0.348,0.338,0.342,0.322,0.346,0.35,N
0.35,0.338,0.314,0.354,0.346,0.342,N
0.322,0.346,0.352,0.346,0.342,0.34,N
0.318,0.35,0.35,0.346,0.348,0.336,N
0.346,0.34,0.35,0.348,0.334,0.342,N
0.334,0.344,0.348,0.34,0.338,0.32,N
0.346,0.342,0.34,0.344,0.344,0.568,N
0.348,0.342,0.336,0.346,0.58,0.418,N
0.35,0.338,0.338,0.322,0.342,0.334,N
0.344,0.338,0.574,0.422,0.352,0.338,N
0.336,0.318,0.34,0.336,0.352,0.34,N
0.568,0.426,0.348,0.344,0.336,0.34,N
0.42,0.344,0.348,0.342,0.334,0.344,N
0.346,0.344,0.346,0.33,0.342,0.348,N
0.342,0.338,0.342,0.346,0.338,0.344,N
0.348,0.336,0.338,0.348,0.344,0.336,N
0.332,0.344,0.348,0.346,0.302,0.354,N
0.34,0.342,0.346,0.3,0.36,0.362,N
0.348,0.34,0.34,0.3,0.36,0.36,N
0.336,0.34,0.298,0.358,0.362,0.348,N
0.342,0.298,0.358,0.362,0.348,0.346,N
0.348,0.346,0.334,0.296,0.37,0.36,N
0.346,0.336,0.296,0.368,0.36,0.346,N
0.346,0.3,0.364,0.362,0.352,0.352,N
0.3,0.362,0.36,0.352,0.352,0.35,N
0.362,0.35,0.352,0.35,0.352,0.346,N
0.362,0.348,0.348,0.35,0.352,0.35,N
0.346,0.346,0.348,0.35,0.35,0.346,N
0.346,0.344,0.346,0.348,0.35,0.348,N
0.34,0.346,0.35,0.35,0.308,0.356,N
0.34,0.348,0.35,0.316,0.35,0.354,N
0.344,0.342,0.346,0.32,0.348,0.354,N
0.35,0.348,0.306,0.358,0.358,0.338,N
0.35,0.318,0.35,0.356,0.35,0.338,N
0.348,0.356,0.35,0.346,0.338,0.346,N
0.356,0.346,0.348,0.348,0.346,0.336,N
0.338,0.342,0.348,0.35,0.336,0.338,N
0.336,0.346,0.352,0.346,0.334,0.342,N
0.34,0.348,0.348,0.342,0.342,0.314,N
0.346,0.34,0.344,0.348,0.31,0.348,N
0.35,0.336,0.34,0.348,0.322,0.344,N
0.346,0.336,0.344,0.322,0.342,0.35,N
0.346,0.346,0.308,0.344,0.346,0.344,N
0.32,0.342,0.35,0.348,0.334,0.342,N
0.342,0.35,0.346,0.342,0.34,0.344,V
0.348,0.344,0.34,0.348,0.348,0.336,N
0.336,0.34,0.348,0.346,0.334,0.296,N
0.348,0.334,0.342,0.346,0.342,0.298,V
0.346,0.34,0.34,0.344,0.3,0.362,N
0.346,0.346,0.334,0.296,0.374,0.366,N
0.34,0.338,0.298,0.366,0.364,0.346,N
0.3,0.362,0.362,0.348,0.348,0.342,N
0.3,0.362,0.362,0.35,0.352,0.344,N
0.364,0.348,0.348,0.35,0.35,0.338,N
0.342,0.344,0.348,0.35,0.346,0.298,N
0.34,0.342,0.348,0.35,0.35,0.3,N
0.338,0.344,0.35,0.35,0.3,0.36,N
0.338,0.346,0.348,0.298,0.36,0.36,N
0.346,0.348,0.3,0.362,0.362,0.35,N
0.35,0.3,0.36,0.362,0.352,0.582,N
0.3,0.36,0.362,0.352,0.582,0.674,N
0.362,0.35,0.582,0.436,0.344,0.336,N
0.348,0.582,0.438,0.346,0.338,0.34,N
0.58,0.434,0.346,0.346,0.336,0.306,N
0.424,0.344,0.35,0.348,0.302,0.354,N
0.344,0.348,0.346,0.3,0.358,0.362,N
0.338,0.342,0.304,0.354,0.36,0.348,N
0.346,0.302,0.356,0.36,0.342,0.336,N
0.304,0.354,0.36,0.348,0.34,0.338,N
0.352,0.358,0.348,0.344,0.338,0.344,N
0.35,0.362,0.342,0.344,0.346,0.338,N
0.36,0.336,0.342,0.346,0.348,0.336,N
0.346,0.338,0.342,0.346,0.342,0.304,N
0.346,0.338,0.342,0.346,0.3,0.362,N
0.346,0.344,0.336,0.298,0.374,0.368,N
0.338,0.344,0.3,0.364,0.368,0.348,N
0.306,0.364,0.364,0.35,0.352,0.352,N
0.304,0.364,0.364,0.35,0.352,0.352,N
0.362,0.364,0.35,0.352,0.352,0.32,N
0.366,0.35,0.35,0.352,0.322,0.366,N
0.346,0.348,0.352,0.322,0.366,0.362,N
0.352,0.352,0.31,0.362,0.364,0.348,N
0.35,0.31,0.364,0.362,0.35,0.352,N
0.312,0.362,0.364,0.35,0.352,0.35,V
0.362,0.364,0.35,0.35,0.352,0.352,N
0.364,0.35,0.348,0.352,0.352,0.35,N
0.346,0.346,0.352,0.352,0.348,0.348,N
0.35,0.352,0.348,0.35,0.352,0.352,N
0.346,0.35,0.344,0.35,0.352,0.352,N
0.352,0.342,0.346,0.352,0.352,0.352,N
0.342,0.346,0.35,0.352,0.352,0.352,N
0.344,0.352,0.352,0.352,0.352,0.352,N
0.352,0.352,0.352,0.352,0.352,0.352,N
0.352,0.352,0.352,0.352,0.352,0.35,N
0.352,0.352,0.352,0.352,0.352,0.352,N
0.352,0.352,0.352,0.352,0.352,0.35,N
0.352,0.352,0.352,0.352,0.352,0.352,N
0.352,0.352,0.352,0.35,0.352,0.352,N
0.35,0.35,0.35,0.352,0.352,0.352,N
0.35,0.35,0.352,0.352,0.352,0.352,N
0.35,0.352,0.352,0.352,0.352,0.352,N
0.352,0.352,0.352,0.352,0.352,0.352,N
0.352,0.352,0.352,0.352,0.352,0.352,N
0.352,0.352,0.352,0.352,0.352,0.35,N
0.352,0.352,0.35,0.352,0.35,0.35,N
0.352,0.35,0.352,0.348,0.35,0.35,N
0.352,0.35,0.342,0.346,0.35,0.352,N
0.35,0.34,0.344,0.348,0.352,0.352,N
0.342,0.344,0.348,0.352,0.352,0.352,N
0.344,0.348,0.352,0.352,0.352,0.352,N
0.352,0.352,0.352,0.352,0.352,0.35,N
0.352,0.352,0.352,0.352,0.35,0.35,N
0.352,0.352,0.352,0.35,0.35,0.352,N
0.352,0.352,0.352,0.348,0.348,0.352,N
0.348,0.344,0.338,0.346,0.35,0.348,N
0.348,0.336,0.342,0.348,0.35,0.34,N
0.344,0.338,0.346,0.35,0.348,0.342,N
0.342,0.338,0.346,0.35,0.352,0.344,N
0.346,0.34,0.344,0.35,0.35,0.348,N
0.346,0.338,0.348,0.35,0.35,0.346,N
0.338,0.342,0.346,0.35,0.35,0.348,N
0.342,0.344,0.348,0.35,0.35,0.35,N
0.34,0.344,0.346,0.348,0.35,0.348,N
0.342,0.342,0.344,0.348,0.35,0.592,N
0.342,0.342,0.348,0.348,0.346,0.35,N
0.346,0.344,0.34,0.344,0.35,0.35,N
0.35,0.344,0.336,0.348,0.352,0.35,N
0.348,0.334,0.344,0.352,0.352,0.352,N
0.334,0.344,0.35,0.352,0.352,0.348,N
0.344,0.348,0.35,0.352,0.35,0.352,N
0.344,0.35,0.352,0.35,0.352,0.352,N
0.346,0.352,0.35,0.352,0.352,0.352,N
0.352,0.348,0.35,0.352,0.352,0.352,N
0.346,0.35,0.352,0.352,0.352,0.352,N
0.348,0.35,0.352,0.352,0.35,0.346,N
0.35,0.348,0.352,0.348,0.346,0.346,N
0.348,0.35,0.34,0.344,0.348,0.35,N
0.352,0.342,0.34,0.348,0.352,0.35,N
0.35,0.336,0.344,0.352,0.352,0.348,N
0.334,0.342,0.348,0.352,0.348,0.342,N
0.34,0.344,0.348,0.35,0.35,0.35,N
0.342,0.344,0.346,0.35,0.35,0.342,N
0.34,0.342,0.346,0.35,0.348,0.34,N
0.342,0.338,0.348,0.348,0.348,0.344,N
0.342,0.342,0.344,0.348,0.35,0.35,N
0.348,0.334,0.344,0.35,0.35,0.352,N
0.34,0.348,0.352,0.354,0.352,0.35,N
0.34,0.346,0.352,0.354,0.35,0.352,N
0.344,0.348,0.356,0.352,0.35,0.352,N
0.348,0.356,0.35,0.35,0.352,0.35,N
0.35,0.348,0.35,0.35,0.35,0.35,N
0.35,0.348,0.35,0.352,0.35,0.35,N
0.348,0.348,0.348,0.352,0.35,0.35,N
0.342,0.346,0.35,0.35,0.352,0.35,N
0.338,0.348,0.35,0.352,0.35,0.328,N
0.344,0.348,0.348,0.352,0.33,0.36,N
0.346,0.348,0.35,0.332,0.36,0.358,N
0.352,0.35,0.33,0.352,0.356,0.346,N
0.348,0.332,0.35,0.354,0.35,0.346,N
0.332,0.348,0.354,0.348,0.346,0.336,N
0.356,0.354,0.342,0.346,0.348,0.35,N
0.358,0.336,0.342,0.346,0.35,0.35,N
0.34,0.34,0.346,0.35,0.352,0.35,N
0.34,0.342,0.35,0.352,0.352,0.352,N
0.348,0.352,0.35,0.352,0.35,0.35,N
0.346,0.35,0.35,0.352,0.35,0.352,N
0.35,0.35,0.352,0.35,0.352,0.352,N
0.35,0.352,0.348,0.35,0.352,0.35,N
0.352,0.348,0.35,0.352,0.35,0.35,N
0.344,0.348,0.352,0.35,0.352,0.352,N
0.346,0.35,0.35,0.35,0.352,0.352,N
0.346,0.348,0.348,0.35,0.352,0.35,N
0.348,0.344,0.35,0.352,0.348,0.346,N
0.342,0.348,0.35,0.346,0.348,0.35,N
0.352,0.346,0.342,0.344,0.35,0.35,N
0.348,0.342,0.34,0.35,0.35,0.352,N
0.346,0.336,0.346,0.35,0.352,0.352,N
0.338,0.342,0.348,0.35,0.352,0.348,N
0.34,0.344,0.348,0.352,0.35,0.348,N
0.342,0.344,0.348,0.35,0.35,0.348,N
0.342,0.348,0.35,0.35,0.35,0.35,N
0.346,0.342,0.348,0.352,0.35,0.35,N
0.338,0.344,0.35,0.35,0.352,0.352,N
0.34,0.346,0.348,0.352,0.352,0.354,N
0.34,0.346,0.35,0.352,0.354,0.352,N
0.348,0.352,0.352,0.354,0.352,0.358,N
0.35,0.352,0.352,0.352,0.356,0.608,N
0.352,0.354,0.352,0.356,0.354,0.35,N
0.352,0.352,0.354,0.352,0.352,0.352,N
0.352,0.354,0.352,0.352,0.352,0.354,N
0.354,0.352,0.352,0.352,0.354,0.608,N
0.352,0.352,0.352,0.352,0.608,0.446,N
0.352,0.352,0.352,0.608,0.446,0.352,N
0.352,0.352,0.608,0.448,0.352,0.352,N
0.352,0.61,0.446,0.352,0.352,0.35,N
0.608,0.448,0.352,0.354,0.35,0.352,N
0.446,0.352,0.352,0.35,0.352,0.352,N
0.352,0.354,0.35,0.352,0.354,0.352,N
0.352,0.354,0.35,0.354,0.354,0.864,N
0.35,0.352,0.354,0.354,0.356,0.35,N
0.35,0.352,0.354,0.354,0.354,0.35,N
0.352,0.352,0.354,0.354,0.35,0.352,N
0.352,0.354,0.352,0.352,0.352,0.352,N
0.352,0.354,0.35,0.352,0.352,0.352,N
0.354,0.352,0.352,0.352,0.352,0.352,N
0.352,0.352,0.352,0.352,0.352,0.352,N
0.352,0.352,0.352,0.352,0.352,0.352,N
0.352,0.352,0.35,0.352,0.352,0.352,N
0.352,0.352,0.352,0.352,0.352,0.352,N
0.35,0.352,0.352,0.352,0.352,0.352,N
0.352,0.352,0.352,0.352,0.352,0.604,N
0.606,0.448,0.352,0.352,0.604,0.446,N
0.604,0.448,0.352,0.352,0.604,0.446,N
0.634,0.352,0.352,0.862,0.542,0.35,N
0.352,0.352,0.862,0.542,0.35,0.596,N
0.682,0.444,0.35,0.35,0.35,0.35,N
0.35,0.586,0.442,0.35,0.352,0.35,N
0.586,0.442,0.35,0.352,0.35,0.35,N
0.586,0.444,0.35,0.35,0.35,0.35,V
0.632,0.35,0.35,0.35,0.352,0.852,N
0.854,0.54,0.352,0.352,0.35,0.348,N
0.856,0.54,0.348,0.352,0.35,0.35,N
0.634,0.352,0.35,0.35,0.352,0.352,N
0.348,0.594,0.446,0.35,0.35,0.352,N
0.854,0.534,0.348,0.352,0.352,0.354,N
1.104,0.632,0.352,0.352,0.354,0.606,N
0.446,0.352,0.352,0.354,0.862,0.542,N
0.446,0.352,0.352,0.354,0.61,0.7,N
0.352,0.352,0.354,0.608,0.7,0.446,N
0.352,0.352,0.608,0.448,0.35,0.352,N
0.352,0.608,0.448,0.35,0.352,0.352,N
0.608,0.448,0.35,0.352,0.352,0.352,N
0.608,0.448,0.352,0.352,0.352,0.352,N
0.448,0.35,0.352,0.352,0.352,0.606,N
0.446,0.352,0.352,0.35,0.35,0.35,N
0.542,0.352,0.35,0.352,0.35,0.352,N
0.696,0.44,0.35,0.348,0.35,0.606,N
0.944,0.538,0.348,0.35,0.606,0.44,N
0.848,0.538,0.348,0.35,0.606,0.442,N
0.35,0.596,0.436,0.35,0.606,0.444,N
0.694,0.442,0.35,0.606,0.682,0.438,N
0.598,0.44,0.346,0.348,0.352,0.84,N
0.604,0.442,0.338,0.346,0.352,1.094,N
0.35,1.096,0.632,0.35,0.352,0.602,N
0.606,0.684,0.438,0.35,0.352,0.35,N
0.684,0.438,0.35,0.352,0.35,0.352,N
0.588,0.438,0.35,0.352,0.352,0.352,N
1.096,0.632,0.352,0.352,0.604,0.682,N
0.53,0.35,0.352,0.352,0.604,0.684,N
0.538,0.352,0.348,0.348,0.348,0.586,N
0.694,0.438,0.348,0.348,0.348,0.588,V
0.846,0.536,0.348,0.35,0.588,0.436,N
0.606,0.69,0.434,0.35,0.35,1.096,N
0.6,0.432,0.344,0.35,0.348,0.84,N
0.44,0.342,0.342,0.348,0.352,0.84,N
0.348,0.35,0.338,0.34,0.348,0.35,N
0.59,0.44,0.348,0.35,0.346,0.588,N
0.35,0.346,0.348,0.592,0.438,0.35,N
0.348,0.35,0.59,0.438,0.35,0.348,N
0.35,0.592,0.436,0.35,0.35,0.586,N
0.598,0.432,0.348,0.348,0.346,0.586,N
0.44,0.59,0.44,0.348,0.346,0.586,N
0.35,0.34,0.34,0.348,0.35,0.588,N
0.348,0.338,0.342,0.348,0.35,0.588,N
0.35,0.348,0.336,0.344,0.348,0.346,N
0.346,0.348,0.344,0.338,0.346,0.35,N
0.348,0.35,0.588,0.438,0.352,0.352,N
0.35,0.588,0.438,0.352,0.352,0.606,N
0.588,0.438,0.35,0.352,0.352,0.352,N
0.438,0.348,0.352,0.352,0.352,0.604,N
0.438,0.35,0.352,0.352,0.604,0.442,N
0.536,0.604,0.446,0.35,0.348,0.34,N
0.606,0.944,0.536,0.348,0.35,0.594,N
0.848,0.536,0.348,0.35,0.35,0.348,N
0.69,0.436,0.35,0.35,0.35,0.588,N
0.434,0.344,0.348,0.35,0.35,0.336,N
0.686,0.438,0.348,0.35,0.346,0.588,V
0.35,0.348,0.59,0.438,0.348,0.35,N
0.346,0.338,0.346,0.35,0.35,0.348,N
0.348,0.344,0.338,0.344,0.35,0.35,N
0.35,0.588,0.438,0.35,0.35,0.35,N
0.338,0.342,0.348,0.35,0.352,0.348,N
0.59,0.44,0.352,0.35,0.348,0.35,N
0.35,0.592,0.44,0.348,0.348,0.352,N
0.594,0.438,0.348,0.352,0.348,0.346,N
0.434,0.346,0.352,0.35,0.35,0.35,N
0.344,0.348,0.35,0.352,0.35,0.348,N
0.594,0.442,0.344,0.35,0.352,0.35,N
0.35,0.338,0.344,0.352,0.35,0.352,N
0.35,0.338,0.342,0.35,0.348,0.35,N
0.346,0.342,0.346,0.348,0.35,0.352,N
0.346,0.346,0.342,0.35,0.352,0.352,N
0.346,0.342,0.35,0.352,0.35,0.352,N
0.35,0.34,0.346,0.348,0.35,0.352,N
0.342,0.346,0.348,0.35,0.604,0.446,N
0.594,0.442,0.604,0.446,0.35,0.584,N
0.594,0.694,0.446,0.352,0.584,0.438,N
0.342,0.6,0.444,0.352,0.586,0.438,N
0.598,0.444,0.352,0.586,0.438,0.354,N
0.444,0.352,0.586,0.44,0.352,0.584,N
0.352,0.586,0.44,0.352,0.584,0.436,N
0.586,0.44,0.352,0.586,0.436,0.35,N
0.586,0.438,0.354,0.588,0.436,0.35,N
0.44,0.35,0.588,0.44,0.352,0.352,N
0.352,0.586,0.438,0.352,0.352,0.348,N
0.584,0.44,0.352,0.354,0.348,0.604,N
0.44,0.352,0.354,0.348,0.604,0.448,N
0.352,0.356,0.348,0.348,0.352,0.352,N
0.352,0.356,0.348,0.348,0.352,0.352,N
0.344,0.348,0.352,0.352,0.35,0.352,N
0.346,0.352,0.352,0.35,0.352,0.35,N
0.346,0.352,0.35,0.35,0.352,0.35,N
0.35,0.35,0.352,0.35,0.352,0.352,N
0.698,0.444,0.35,0.35,0.352,0.352,N
0.854,0.542,0.35,0.352,0.352,0.35,N
0.35,0.352,0.352,0.35,0.352,0.604,N
0.348,0.348,0.352,0.348,0.35,0.606,N
0.354,0.348,0.35,0.354,0.348,0.35,N
0.346,0.35,0.352,0.348,0.352,0.35,N
0.446,0.348,0.352,0.35,0.354,0.582,N
0.35,1.102,0.636,0.35,0.354,0.58,N
0.694,0.448,0.35,0.354,0.58,0.462,N
0.448,0.35,0.356,0.352,0.324,0.366,N
0.446,0.35,0.356,0.352,0.324,0.366,N
0.352,0.362,0.346,0.32,0.368,0.538,N
0.362,0.338,0.52,0.476,0.374,0.372,N
0.362,0.34,0.36,0.342,0.522,0.474,N
0.34,0.356,0.354,0.58,0.45,0.368,N
0.34,0.358,0.352,0.584,0.45,0.568,N
0.352,0.356,0.352,0.348,0.35,0.352,N
0.352,0.454,0.542,0.41,0.352,0.352,N
0.454,0.544,0.41,0.352,0.352,0.352,N
0.544,0.41,0.352,0.352,0.352,0.352,N
0.41,0.352,0.352,0.352,0.352,0.352,N
0.352,0.352,0.352,0.352,0.352,0.352,N
0.352,0.352,0.352,0.352,0.352,0.352,N
0.35,0.352,0.352,0.352,0.352,0.606,N
0.352,0.352,0.352,0.352,0.608,0.448,N
0.352,0.35,0.352,0.352,0.352,0.352,N
0.352,0.352,0.35,0.352,0.35,0.354,N
0.352,0.352,0.352,0.352,0.354,0.352,N
0.352,0.352,0.352,0.352,0.354,0.354,N
0.448,0.352,0.354,0.354,0.35,0.35,N
0.352,0.354,0.352,0.352,0.35,0.354,N
0.354,0.352,0.352,0.35,0.354,0.352,N
0.354,0.352,0.352,0.352,0.354,0.352,N
0.352,0.352,0.352,0.354,0.352,0.356,N
0.352,0.352,0.354,0.352,0.356,0.354,N
0.352,0.354,0.352,0.354,0.352,0.352,N
0.354,0.352,0.354,0.352,0.352,0.352,N
0.352,0.352,0.352,0.352,0.352,0.356,N
0.352,0.352,0.352,0.352,0.356,0.356,N
0.352,0.352,0.352,0.356,0.356,0.356,N
0.352,0.352,0.354,0.354,0.356,0.348,N
0.352,0.354,0.354,0.354,0.348,0.35,N
0.356,0.356,0.352,0.348,0.35,0.352,N
0.352,0.356,0.348,0.35,0.352,0.352,N
0.354,0.348,0.35,0.352,0.352,0.35,N
0.348,0.35,0.352,0.352,0.352,0.34,N
0.35,0.352,0.352,0.35,0.344,0.516,N
0.35,0.352,0.352,0.352,0.344,0.516,N
0.352,0.352,0.352,0.344,0.514,0.512,N
0.352,0.352,0.346,0.514,0.512,0.516,N
0.352,0.346,0.514,0.512,0.516,0.78,N
0.344,0.516,0.512,0.516,0.534,0.394,N
0.344,0.518,0.508,0.514,1.04,0.598,N
0.508,0.514,0.54,0.648,0.45,0.348,N
0.516,0.536,0.652,0.448,0.35,0.348,V
0.536,0.65,0.45,0.35,0.35,0.354,N
0.536,0.652,0.45,0.35,0.35,0.356,N
0.652,0.45,0.35,0.35,0.356,0.356,N
0.452,0.348,0.35,0.358,0.358,0.36,N
0.35,0.35,0.358,0.358,0.362,0.358,N
0.352,0.356,0.356,0.358,0.364,0.356,N
0.354,0.354,0.354,0.364,0.358,0.354,N
0.354,0.354,0.354,0.356,0.352,0.362,N
0.356,0.354,0.354,0.35,0.358,0.352,N
0.354,0.352,0.356,0.352,0.352,0.352,N
0.35,0.356,0.352,0.354,0.352,0.352,N
0.35,0.356,0.352,0.354,0.352,0.352,N
0.348,0.354,0.356,0.352,0.352,0.352,N
0.35,0.354,0.354,0.352,0.352,0.352,N
0.354,0.356,0.352,0.354,0.352,0.352,N
0.354,0.352,0.352,0.352,0.352,0.352,N
0.354,0.352,0.352,0.352,0.352,0.352,N
0.352,0.352,0.352,0.352,0.352,0.352,N
0.352,0.352,0.352,0.352,0.354,0.356,N
0.352,0.352,0.352,0.354,0.356,0.35,N
0.352,0.352,0.352,0.356,0.35,0.35,N
0.352,0.356,0.35,0.35,0.35,0.352,N
0.354,0.356,0.348,0.35,0.35,0.354,N
0.356,0.348,0.35,0.352,0.354,0.352,N
0.348,0.35,0.35,0.354,0.352,0.35,N
0.35,0.35,0.354,0.352,0.352,0.352,N
0.35,0.354,0.352,0.352,0.352,0.35,N
0.354,0.352,0.352,0.352,0.35,0.352,N
0.35,0.352,0.352,0.352,0.35,0.352,N
0.35,0.352,0.352,0.352,0.35,0.352,N
0.352,0.35,0.354,0.35,0.352,0.352,N
0.35,0.354,0.35,0.352,0.354,0.35,N
0.354,0.35,0.352,0.352,0.35,0.352,N
0.35,0.352,0.354,0.35,0.352,0.352,N
0.35,0.354,0.348,0.352,0.352,0.352,N
0.354,0.348,0.352,0.352,0.352,0.352,N
0.348,0.352,0.352,0.352,0.352,0.352,N
0.352,0.352,0.352,0.352,0.352,0.352,N
0.352,0.352,0.354,0.352,0.352,0.354,N
0.352,0.352,0.352,0.352,0.354,0.348,N
0.352,0.352,0.352,0.354,0.35,0.358,N
0.352,0.352,0.354,0.35,0.356,0.358,N
0.352,0.352,0.354,0.348,0.36,0.36,N
0.352,0.354,0.35,0.354,0.356,0.626,N
0.352,0.35,0.352,0.354,0.356,1.138,N
0.35,0.352,0.354,0.354,0.356,1.134,N
0.348,0.354,0.356,0.354,0.354,1.128,N
0.358,0.354,0.354,0.87,0.544,0.868,N
0.358,0.354,0.352,0.358,0.61,0.446,N
0.356,0.612,0.45,0.352,0.354,0.352,N
0.868,0.546,0.352,0.352,0.354,0.604,N
0.448,0.352,0.352,0.352,0.354,0.86,N
0.352,0.352,0.352,0.356,0.862,0.54,N
0.352,0.352,0.356,0.61,0.446,0.35,N
0.352,0.354,0.608,0.448,0.352,0.352,N
0.354,0.608,0.448,0.352,0.352,0.352,N
0.608,0.448,0.352,0.352,0.352,0.352,N
0.448,0.352,0.352,0.352,0.352,0.352,N
0.352,0.352,0.352,0.352,0.352,0.352,N
0.352,0.352,0.352,0.352,0.352,0.35,N
0.352,0.352,0.352,0.352,0.352,0.352,N
0.35,0.352,0.352,0.352,0.354,0.352,N
0.352,0.352,0.352,0.352,0.352,0.354,N
0.352,0.352,0.352,0.354,0.354,0.348,N
0.352,0.352,0.352,0.354,0.354,0.35,N
0.352,0.352,0.354,0.354,0.35,0.354,N
0.352,0.352,0.354,0.35,0.354,0.354,N
0.352,0.354,0.35,0.352,0.354,1.12,N
0.352,0.352,0.352,0.354,0.352,0.864,N
0.352,0.354,0.352,0.356,0.608,0.446,N
0.352,0.352,0.356,0.354,0.352,0.352,N
0.352,0.356,0.354,0.352,0.352,0.354,N
0.352,0.866,0.544,0.352,0.354,1.128,N
0.352,0.352,0.352,0.352,0.354,0.354,N
0.608,0.448,0.352,0.354,0.352,1.12,N
0.352,0.352,0.354,0.352,0.354,0.864,N
0.354,0.352,0.352,0.354,0.356,0.86,N
0.352,0.352,0.354,0.356,0.35,0.604,N
0.352,0.352,0.354,0.35,0.354,0.35,N
0.354,0.354,0.35,0.354,0.35,0.352,N
0.354,0.35,0.354,0.352,0.352,0.35,N
0.35,0.354,0.352,0.352,0.352,0.352,N
0.352,0.352,0.352,0.352,0.352,0.352,N
0.352,0.352,0.352,0.352,0.356,0.35,N
0.352,0.352,0.352,0.356,0.352,0.35,N
0.352,0.352,0.352,0.354,0.35,0.35,N
0.352,0.352,0.354,0.35,0.352,0.352,N
0.352,0.354,0.35,0.35,0.352,0.352,N
0.356,0.352,0.35,0.352,0.352,0.352,N
0.352,0.352,0.352,0.352,0.352,0.352,N
0.352,0.352,0.352,0.352,0.35,0.35,N
0.352,0.352,0.352,0.352,0.35,0.35,N
0.352,0.352,0.354,0.352,0.348,0.35,N
0.448,0.354,0.352,0.344,0.348,0.352,N
0.45,0.34,0.346,0.352,0.352,0.86,N
0.34,0.346,0.352,0.352,0.352,0.606,N
0.344,0.35,0.35,0.352,0.608,0.444,N
0.344,0.348,0.35,0.352,0.352,0.352,N
0.346,0.35,0.352,0.352,0.352,0.35,N
0.444,0.35,0.352,0.35,0.35,0.35,N
0.602,0.448,0.348,0.348,0.35,0.352,N
0.858,0.532,0.346,0.348,0.35,0.35,N
0.86,0.53,0.348,0.346,0.35,0.352,N
0.348,0.346,0.35,0.352,0.604,0.448,N
0.348,0.342,0.35,0.352,0.604,0.448,N
0.35,0.336,0.348,0.352,0.604,0.448,N
0.346,0.35,0.352,0.602,0.45,0.844,N
0.352,0.35,0.59,0.454,0.342,0.6,N
0.846,0.544,0.346,0.604,0.448,0.346,N
0.59,0.456,0.344,0.35,0.35,0.35,N
0.456,0.344,0.348,0.348,0.35,0.35,N
0.342,0.35,0.35,0.35,0.352,0.352,N
0.348,0.348,0.348,0.352,0.352,0.604,N
0.534,0.35,0.352,0.35,0.352,0.588,N
0.346,0.35,0.348,0.35,0.348,0.346,N
0.6,0.436,0.348,0.35,0.35,0.352,N
0.604,0.686,0.44,0.35,0.352,0.35,N
0.594,0.434,0.348,0.352,0.352,0.352,N
0.6,0.432,0.344,0.352,0.352,0.352,N
0.432,0.342,0.35,0.352,0.352,0.354,N
0.342,0.35,0.352,0.352,0.354,0.608,N
0.352,0.352,0.352,0.352,0.352,0.352,N
0.352,0.352,0.352,0.352,0.352,0.35,N
0.352,0.352,0.352,0.352,0.352,0.35,N
0.352,0.352,0.352,0.352,0.35,0.352,N
0.352,0.352,0.352,0.352,0.352,0.352,N
0.352,0.352,0.352,0.352,0.352,0.352,N
0.352,0.352,0.35,0.352,0.352,0.352,N
0.35,0.352,0.35,0.352,0.352,0.352,N
0.794,0.446,0.352,0.352,0.35,0.858,N
0.346,0.854,0.54,0.352,0.35,0.352,N
1.104,0.632,0.352,0.352,0.352,0.352,N
0.848,0.536,0.352,0.352,0.352,0.352,N
0.594,0.696,0.446,0.35,0.352,1.116,N
0.844,0.538,0.352,0.352,0.35,0.352,N
0.35,0.844,0.534,0.35,0.604,0.936,N
0.352,0.844,0.534,0.606,0.936,0.532,N
0.348,0.846,0.534,0.348,0.35,0.842,N
0.35,0.6,0.436,0.344,0.348,0.35,N
0.348,1.098,0.63,0.352,0.84,0.534,N
0.348,0.846,0.534,0.35,0.604,0.938,N
0.348,1.102,0.628,0.35,0.35,0.844,N
0.606,0.688,0.436,0.35,0.35,0.352,N
0.6,0.432,0.348,0.352,0.35,0.348,N
0.602,0.688,0.44,0.348,0.348,0.86,N
0.944,0.532,0.348,0.35,0.608,0.7,N
0.602,0.686,0.442,0.352,0.354,0.606,N
0.352,0.59,0.44,0.352,0.354,0.606,N
0.534,0.352,0.354,0.608,0.444,0.35,N
0.44,0.352,0.354,0.608,0.444,0.35,N
0.354,0.608,0.444,0.35,0.352,0.35,N
0.608,0.704,0.444,0.35,0.352,0.352,N
0.356,0.61,0.444,0.35,0.352,0.352,N
0.442,0.35,0.352,0.352,0.576,0.716,N
0.35,0.352,0.352,0.356,0.318,0.618,N
0.352,0.352,0.356,0.318,0.622,0.454,N
0.354,0.35,0.358,0.314,0.36,0.364,N
0.352,0.354,0.318,0.354,0.37,0.348,N
0.564,0.456,0.364,0.35,0.35,0.35,N
0.456,0.364,0.35,0.352,0.35,0.352,N
0.364,0.35,0.35,0.35,0.352,0.352,N
0.35,0.35,0.35,0.352,0.352,0.35,N
0.348,0.35,0.352,0.352,0.35,0.35,N
0.348,0.35,0.35,0.35,0.352,0.352,N
0.344,0.35,0.35,0.35,0.352,0.352,N
0.44,0.346,0.35,0.352,0.352,0.352,N
0.346,0.35,0.352,0.352,0.352,0.352,N
0.344,0.35,0.352,0.352,0.352,0.352,N
0.35,0.352,0.352,0.352,0.352,0.352,N
0.35,0.35,0.352,0.352,0.352,0.352,N
0.352,0.352,0.352,0.352,0.352,0.35,N
0.352,0.35,0.352,0.352,0.352,0.352,N
0.352,0.35,0.352,0.35,0.352,0.352,N
0.348,0.35,0.35,0.352,0.352,0.352,N
0.35,0.352,0.352,0.352,0.352,0.352,N
0.35,0.352,0.352,0.352,0.352,0.352,N
0.352,0.352,0.352,0.352,0.352,0.352,N
0.352,0.352,0.352,0.352,0.352,0.352,N
0.352,0.352,0.352,0.352,0.352,0.352,N
0.352,0.352,0.352,0.352,0.354,0.354,N
0.354,0.35,0.352,0.35,0.356,0.36,N
0.35,0.352,0.352,0.356,0.358,0.36,N
0.352,0.352,0.352,0.354,0.354,0.354,N
0.352,0.354,0.354,0.354,0.354,0.354,N
0.356,0.356,0.352,0.354,0.354,0.352,N
0.36,0.354,0.352,0.352,0.354,0.352,N
0.352,0.352,0.352,0.354,0.352,0.352,N
0.352,0.354,0.352,0.352,0.352,0.352,N
0.352,0.352,0.352,0.352,0.352,0.352,N
0.352,0.352,0.352,0.352,0.352,0.352,N
0.352,0.352,0.352,0.352,0.352,0.606,N
0.352,0.352,0.352,0.352,0.352,0.35,N
0.352,0.352,0.352,0.352,0.35,0.352,N
0.352,0.352,0.354,0.35,0.352,0.352,N
0.354,0.35,0.352,0.352,0.352,0.352,N
0.354,0.35,0.352,0.352,0.352,0.354,N
0.35,0.352,0.352,0.352,0.354,0.356,N
0.352,0.352,0.352,0.356,0.35,0.352,N
0.352,0.352,0.354,0.356,0.35,0.352,N
0.352,0.354,0.354,0.35,0.354,0.35,N
0.352,0.356,0.35,0.352,0.352,0.352,N
0.356,0.352,0.354,0.352,0.354,0.356,N
0.35,0.354,0.352,0.352,0.356,0.35,N
0.352,0.352,0.352,0.356,0.352,0.354,N
0.352,0.352,0.352,0.354,0.35,0.354,N
0.35,0.354,0.354,0.35,0.354,0.356,N
0.354,0.354,0.352,0.354,0.354,0.356,N
0.354,0.352,0.354,0.352,0.354,0.352,N
0.354,0.352,0.354,0.352,0.352,0.354,N
0.352,0.354,0.352,0.352,0.354,0.624,N
0.354,0.352,0.352,0.354,0.356,0.366,N
0.354,0.352,0.352,0.354,0.354,0.362,N
0.352,0.354,0.354,0.358,0.362,0.874,N
0.352,0.354,0.354,0.354,0.356,0.88,N
0.354,0.354,0.354,0.354,0.356,1.136,N
0.356,0.356,0.354,0.354,0.352,0.364,N
0.356,0.352,0.354,0.352,0.36,1.132,N
0.354,0.354,0.352,0.356,0.356,0.356,N
0.354,0.352,0.356,0.356,0.354,0.88,N
0.354,0.352,0.352,0.352,0.36,0.366,N
0.352,0.352,0.352,0.356,0.368,0.618,N
0.352,0.354,0.362,0.618,0.454,0.356,N
0.448,0.354,0.356,0.356,0.352,0.626,N
0.452,0.352,0.354,0.628,0.456,0.352,N
0.454,0.354,0.352,0.358,0.366,0.358,N
0.352,0.354,0.358,0.362,0.62,0.45,N
0.352,0.354,0.354,0.356,0.354,0.364,N
0.356,0.356,0.354,0.364,0.36,0.356,N
0.36,0.354,0.352,0.356,0.362,0.62,N
0.352,0.354,0.354,0.354,0.366,0.362,N
0.352,0.354,0.354,0.354,0.364,0.364,N
0.354,0.352,0.36,0.368,0.358,0.604,N
0.358,0.354,0.356,0.366,0.358,0.604,N
0.356,0.354,0.358,0.354,0.608,0.462,N
0.356,0.354,0.354,0.352,0.366,0.362,N
0.354,0.354,0.352,0.364,0.362,0.356,N
0.354,0.354,0.352,0.356,0.364,0.358,N
0.354,0.352,0.356,0.36,0.356,0.362,N
0.352,0.356,0.356,0.352,0.358,0.36,N
0.358,0.356,0.352,0.356,0.358,0.364,N
0.358,0.354,0.354,0.354,0.624,0.458,N
0.354,0.354,0.352,0.356,0.366,0.362,N
0.354,0.352,0.354,0.358,0.366,0.36,N
0.354,0.352,0.356,0.362,0.366,0.358,N
0.356,0.356,0.356,0.36,0.364,0.358,N
0.358,0.356,0.356,0.36,0.358,0.366,N
0.354,0.354,0.354,0.368,0.362,0.356,N
0.356,0.354,0.354,0.36,0.366,0.36,N
0.358,0.354,0.356,0.364,0.366,0.358,N
0.358,0.358,0.362,0.364,0.36,0.354,N
0.368,0.362,0.358,0.358,0.368,0.36,N
0.364,0.356,0.356,0.364,0.364,0.358,N
0.364,0.356,0.354,0.362,0.366,0.358,N
0.362,0.356,0.354,0.358,0.366,0.36,N
0.358,0.356,0.358,0.366,0.362,0.354,N
0.362,0.356,0.354,0.356,0.368,0.616,N
0.362,0.354,0.354,0.362,0.62,0.452,N
0.358,0.352,0.356,0.354,0.356,0.362,N
0.356,0.354,0.352,0.356,0.36,0.354,N
0.356,0.352,0.354,0.354,0.352,0.352,N
0.354,0.352,0.354,0.352,0.352,0.352,N
0.352,0.354,0.352,0.352,0.352,0.352,N
0.352,0.352,0.352,0.352,0.354,0.35,N
0.352,0.352,0.352,0.354,0.35,0.354,N
0.352,0.352,0.352,0.354,0.352,0.352,N
0.352,0.354,0.35,0.356,0.354,0.352,N
0.352,0.352,0.352,0.352,0.352,0.354,N
0.352,0.352,0.352,0.352,0.354,0.352,N
0.352,0.352,0.352,0.354,0.352,0.352,N
0.352,0.352,0.354,0.352,0.352,0.352,N
0.352,0.352,0.352,0.352,0.352,0.358,N
0.352,0.352,0.354,0.352,0.354,0.362,N
0.352,0.352,0.354,0.354,0.352,0.354,N
0.352,0.352,0.354,0.352,0.356,0.576,N
0.352,0.352,0.354,0.352,0.354,0.352,N
0.352,0.354,0.352,0.354,0.352,0.606,N
0.352,0.352,0.354,0.352,0.608,0.708,N
0.358,0.354,0.354,0.352,0.606,0.71,N
0.352,0.356,0.358,0.602,0.718,0.97,N
0.35,0.608,0.45,0.354,0.354,1.392,N
0.604,0.45,0.356,0.352,0.354,1.394,N
0.546,0.352,0.352,0.352,1.14,0.648,N
0.354,0.352,0.352,0.354,0.882,0.55,N
0.356,0.608,0.45,0.88,0.552,0.354,N
0.546,0.354,0.356,0.362,0.36,0.358,N
0.354,0.356,0.358,0.362,0.36,0.356,N
0.354,0.356,0.362,0.364,0.358,0.352,N
0.354,0.356,0.366,0.36,0.356,0.352,N
0.354,0.354,0.356,0.366,0.618,0.45,N
0.356,0.354,0.358,0.354,0.362,0.36,N
0.358,0.358,0.356,0.352,0.358,0.364,N
0.364,0.356,0.354,0.354,0.358,0.364,N
0.354,0.354,0.356,0.364,0.362,0.356,N
0.356,0.354,0.352,0.356,0.368,0.362,N
0.356,0.352,0.356,0.366,0.362,0.356,N
0.358,0.354,0.356,0.36,0.368,0.362,N
0.36,0.358,0.356,0.36,0.368,0.358,N
0.36,0.356,0.356,0.366,0.362,0.356,N
0.362,0.356,0.356,0.36,0.362,0.62,N
0.36,0.356,0.354,0.356,0.628,0.456,N
0.362,0.356,0.354,0.63,0.46,0.354,N
0.356,0.354,0.63,0.46,0.356,0.366,N
0.36,0.62,0.464,0.36,0.358,0.354,N
0.63,0.46,0.358,0.368,0.36,0.354,N
0.46,0.356,0.366,0.364,0.356,0.354,N
0.356,0.356,0.36,0.366,0.36,0.354,N
0.358,0.356,0.358,0.368,0.36,0.352,N
0.358,0.354,0.36,0.364,0.36,0.356,N
0.358,0.356,0.356,0.364,0.364,0.356,N
0.36,0.356,0.354,0.358,0.366,0.36,N
0.362,0.356,0.354,0.356,0.368,0.362,N
0.362,0.356,0.356,0.36,0.366,0.36,N
0.356,0.354,0.36,0.368,0.358,0.352,N
0.362,0.356,0.356,0.37,0.36,0.612,N
0.364,0.358,0.36,0.358,0.622,0.456,N
0.362,0.358,0.356,0.622,0.462,0.356,N
0.364,0.356,0.354,0.356,0.37,0.362,N
0.36,0.354,0.354,0.358,0.366,0.356,N
0.716,0.454,0.36,0.352,0.366,0.36,N
0.458,0.356,0.352,0.364,0.362,0.356,N
0.366,0.358,0.352,0.356,0.362,0.362,N
0.36,0.352,0.356,0.358,0.364,0.616,N
0.356,0.354,0.352,0.356,0.364,0.356,N
0.354,0.352,0.354,0.36,0.356,0.356,N
0.354,0.354,0.356,0.354,0.354,0.36,N
0.352,0.356,0.354,0.354,0.36,0.364,N
0.354,0.352,0.352,0.354,0.366,0.362,N
0.352,0.352,0.352,0.356,0.36,0.364,N
0.352,0.354,0.354,0.358,0.364,0.356,N
0.354,0.354,0.356,0.364,0.358,0.356,N
0.356,0.354,0.354,0.356,0.36,0.362,N
0.354,0.354,0.354,0.356,0.362,0.35,N
0.354,0.352,0.354,0.356,0.354,0.354,N
0.354,0.352,0.354,0.352,0.354,0.352,N
0.352,0.354,0.352,0.354,0.352,0.352,N
0.354,0.352,0.354,0.352,0.352,0.354,N
0.352,0.352,0.352,0.354,0.352,0.352,N
0.352,0.352,0.352,0.354,0.354,0.352,N
0.352,0.354,0.354,0.352,0.352,0.354,N
0.354,0.354,0.352,0.352,0.354,0.354,N
0.352,0.352,0.354,0.354,0.354,0.358,N
0.354,0.352,0.354,0.356,0.356,0.354,N
0.352,0.352,0.352,0.356,0.354,0.354,N
0.352,0.352,0.354,0.352,0.356,0.362,N
0.352,0.354,0.352,0.354,0.356,0.35,N
0.352,0.352,0.354,0.356,0.35,0.358,N
0.352,0.354,0.356,0.352,0.356,0.354,N
0.354,0.354,0.35,0.356,0.354,0.358,N
0.354,0.35,0.354,0.352,0.354,0.358,N
0.35,0.356,0.354,0.354,0.356,0.366,N
0.356,0.354,0.354,0.354,0.36,0.612,N
0.448,0.352,0.354,0.356,0.354,0.608,N
0.354,0.354,0.352,0.352,0.352,0.358,N
0.354,0.354,0.352,0.352,0.352,0.36,N
0.354,0.352,0.352,0.352,0.356,0.354,N
0.352,0.352,0.352,0.354,0.352,0.354,N
0.352,0.354,0.354,0.352,0.352,0.352,N
0.354,0.352,0.352,0.352,0.352,0.352,N
0.354,0.352,0.352,0.352,0.352,0.35,V
0.352,0.352,0.352,0.352,0.352,0.352,N
0.352,0.352,0.352,0.352,0.352,0.352,N
0.352,0.352,0.35,0.352,0.352,0.352,N
0.352,0.35,0.352,0.352,0.352,0.352,N
0.35,0.352,0.352,0.352,0.35,0.352,N
0.35,0.352,0.352,0.352,0.35,0.352,N
0.352,0.352,0.352,0.35,0.352,0.35,N
0.352,0.352,0.35,0.352,0.352,0.352,N
0.352,0.35,0.352,0.352,0.352,0.352,N
0.348,0.352,0.35,0.352,0.352,0.352,N
0.352,0.35,0.352,0.352,0.354,0.35,N
0.35,0.354,0.354,0.35,0.352,0.352,N
0.352,0.352,0.354,0.352,0.352,0.352,N
0.352,0.354,0.352,0.352,0.352,0.354,N
0.354,0.352,0.352,0.352,0.354,0.35,N
0.352,0.352,0.352,0.354,0.352,0.354,N
0.352,0.352,0.352,0.354,0.356,0.36,N
0.352,0.352,0.352,0.354,0.356,0.362,N
0.352,0.352,0.352,0.354,0.356,0.368,N
0.352,0.352,0.354,0.356,0.368,0.362,N
0.356,0.354,0.354,0.356,0.37,0.642,N
0.36,0.36,0.356,0.356,0.362,1.524,N
0.352,0.356,0.36,0.364,0.36,0.646,N
0.352,0.354,0.358,0.37,0.644,0.766,N
0.356,0.368,0.364,0.64,0.764,1.186,V
0.458,0.354,0.354,0.628,0.46,0.61,N
0.356,0.354,0.356,0.366,0.364,0.612,N
0.618,0.452,0.356,0.884,0.552,0.35,N
0.354,0.354,0.352,0.354,0.606,0.448,N
0.354,0.352,0.352,0.354,0.352,0.352,N
0.352,0.352,0.354,0.352,0.352,0.352,N
0.352,0.352,0.354,0.352,0.352,0.354,N
0.352,0.354,0.352,0.352,0.354,1.138,N
0.354,0.352,0.352,0.352,0.354,0.354,N
0.352,0.352,0.352,0.352,0.352,0.356,N
0.352,0.352,0.354,0.356,0.366,0.618,N
0.352,0.352,0.354,0.356,0.624,0.454,N
0.352,0.352,0.354,0.354,0.352,1.384,N
0.354,0.354,0.354,0.352,0.356,0.356,N
0.352,0.354,0.352,0.354,0.352,0.352,N
0.354,0.352,0.352,0.352,0.352,0.352,N
0.354,0.352,0.354,0.352,0.352,0.352,N
0.352,0.352,0.352,0.352,0.352,0.352,N
0.352,0.352,0.352,0.352,0.352,0.352,N
0.352,0.352,0.352,0.352,0.352,0.352,N
0.352,0.352,0.352,0.352,0.352,0.352,N
0.352,0.352,0.352,0.352,0.352,0.352,N
0.352,0.352,0.352,0.352,0.352,0.352,N
0.352,0.352,0.352,0.352,0.352,0.356,N
0.352,0.352,0.352,0.352,0.354,0.36,N
0.352,0.352,0.352,0.356,0.61,0.448,N
0.352,0.352,0.356,0.61,0.448,0.862,N
0.608,0.448,0.35,0.352,0.352,1.12,N
0.634,0.35,0.35,0.352,0.862,0.542,N
0.536,0.348,0.352,0.864,0.542,0.352,N
0.634,0.352,0.35,0.352,0.352,0.352,N
0.538,0.35,0.352,0.352,0.352,0.352,N
0.632,0.352,0.352,0.352,0.352,0.608,N
0.73,0.352,0.352,0.352,0.608,0.448,N
0.636,0.352,0.352,0.354,0.352,0.606,N
0.352,0.352,0.352,0.352,0.352,0.352,N
0.352,0.352,0.352,0.352,0.35,0.35,N
0.352,0.354,0.352,0.352,0.352,0.352,N
0.352,0.352,0.352,0.352,0.352,0.352,N
0.352,0.352,0.352,0.352,0.352,0.352,N
0.352,0.352,0.352,0.352,0.352,0.352,N
0.352,0.352,0.352,0.352,0.352,0.352,N
0.35,0.352,0.352,0.354,0.35,0.352,N
0.352,0.352,0.354,0.35,0.354,0.352,N
0.352,0.352,0.35,0.354,0.352,0.356,N
0.352,0.354,0.35,0.354,0.352,0.36,N
0.354,0.35,0.354,0.352,0.356,0.358,N
0.35,0.352,0.352,0.354,0.354,0.35,N
0.352,0.352,0.354,0.354,0.352,0.354,N
0.352,0.354,0.352,0.352,0.354,0.352,N
0.354,0.352,0.352,0.354,0.354,0.356,N
0.352,0.352,0.352,0.354,0.356,0.624,N
0.352,0.354,0.352,0.354,0.354,0.364,N
0.352,0.352,0.352,0.354,0.354,0.362,N
0.352,0.354,0.352,0.358,0.354,0.352,N
0.354,0.352,0.356,0.354,0.352,0.352,N
0.352,0.356,0.354,0.352,0.352,0.354,N
0.354,0.352,0.352,0.352,0.352,0.354,N
0.352,0.352,0.352,0.352,0.354,0.352,N
0.352,0.352,0.352,0.354,0.352,0.356,N
0.352,0.354,0.352,0.354,0.35,0.352,N
0.352,0.354,0.352,0.354,0.35,0.352,N
0.354,0.352,0.354,0.35,0.352,0.352,N
0.352,0.354,0.35,0.352,0.352,0.606,N
0.354,0.35,0.352,0.352,0.352,0.352,N
0.352,0.352,0.352,0.352,0.352,0.352,N
0.352,0.352,0.352,0.352,0.352,0.35,N
0.352,0.352,0.352,0.352,0.352,0.352,N
0.35,0.608,0.448,0.352,0.352,0.352,N
0.606,0.448,0.352,0.352,0.352,0.608,N
0.448,0.352,0.352,0.352,0.606,1.196,N
0.696,0.442,0.35,0.352,0.352,0.352,N
0.848,0.536,0.352,0.352,0.352,0.352,N
0.844,0.534,0.352,0.352,0.352,0.352,N
0.534,0.352,0.352,0.352,0.352,0.352,N
0.438,0.35,0.352,0.352,0.352,0.352,N
0.352,0.352,0.352,0.352,0.352,0.352,N
0.352,0.352,0.352,0.352,0.352,0.352,N
0.352,0.352,0.352,0.352,0.352,0.352,N
0.352,0.352,0.352,0.354,0.352,0.606,N
0.352,0.352,0.352,0.352,0.35,0.352,N
0.352,0.352,0.354,0.606,0.448,0.352,N
0.608,0.448,0.35,0.352,0.352,0.352,N
0.638,0.352,0.352,0.59,0.69,0.446,N
0.538,0.352,0.35,0.596,0.944,0.538,N
0.352,0.352,0.588,0.692,0.446,0.35,N
0.352,0.844,0.788,0.446,0.35,0.352,N
0.844,0.788,0.446,0.35,0.352,0.352,N
0.588,0.692,0.446,0.352,0.352,0.352,N
0.588,0.692,0.446,0.352,0.352,0.352,N
0.692,0.446,0.352,0.352,0.352,0.858,N
0.352,0.352,0.352,0.352,0.604,0.438,N
0.352,0.352,0.352,0.35,0.35,0.346,N
0.952,0.54,0.35,0.354,0.326,0.6,N
0.35,0.59,0.44,0.354,0.352,1.12,N
0.44,0.354,0.352,0.356,0.608,0.448,N
0.448,0.354,0.608,0.448,0.606,0.446,N
0.706,0.704,0.448,0.608,0.446,0.352,N
0.61,0.704,0.448,0.352,0.352,0.352,N
0.608,0.448,0.352,0.352,0.352,0.352,N
0.448,0.352,0.352,0.352,0.352,0.352,N
0.352,0.352,0.352,0.352,0.352,0.608,N
0.352,0.352,0.352,0.352,0.352,0.352,N
0.354,0.35,0.352,0.352,0.352,0.864,N
0.35,0.352,0.352,0.352,0.354,0.352,N
0.606,0.448,0.352,0.352,0.354,1.124,N
0.352,0.352,0.352,0.354,0.352,0.352,N
0.352,0.352,0.352,0.352,0.352,0.352,N
0.352,0.352,0.352,0.352,0.352,0.352,N
0.448,0.352,0.352,0.352,0.354,0.352,N
0.352,0.352,0.352,0.354,0.352,0.352,N
0.352,0.352,0.354,0.352,0.352,0.352,N
0.352,0.354,0.352,0.352,0.352,0.352,N
0.352,0.354,0.352,0.352,0.352,0.354,N
0.352,0.352,0.352,0.354,0.352,0.864,N
0.352,0.352,0.352,0.352,0.354,0.354,N
0.352,0.352,0.352,0.352,0.352,0.608,N
0.35,0.352,0.352,0.352,0.61,1.218,N
0.352,0.352,0.352,0.352,0.354,0.364,N
0.352,0.352,0.352,0.358,0.35,0.354,N
0.352,0.352,0.356,0.352,0.356,0.352,N
0.608,0.45,0.352,0.354,0.352,0.352,N
0.45,0.352,0.354,0.352,0.352,0.626,N
0.352,0.354,0.352,0.352,0.624,0.97,N
0.354,0.352,0.352,0.356,0.362,0.878,N
0.354,0.352,0.352,0.354,0.356,0.358,N
0.61,0.452,0.356,0.354,0.354,1.14,N
0.454,0.354,0.352,0.354,0.356,0.626,N
0.454,0.352,0.354,0.354,0.628,0.712,N
0.712,0.452,0.356,0.352,0.884,0.552,N
0.878,0.548,0.354,0.36,1.138,0.646,N
1.14,0.648,0.356,0.882,0.552,0.352,N
0.884,0.552,0.354,0.356,0.882,0.982,N
0.454,0.354,0.354,0.352,0.356,0.366,N
0.712,0.45,0.352,0.354,0.362,0.88,N
0.554,0.354,0.354,0.356,0.884,0.552,N
0.716,0.454,0.354,0.354,0.358,0.882,N
0.458,0.356,0.354,0.354,0.354,0.624,N
0.456,0.354,0.354,0.354,0.356,0.884,N
0.366,0.616,0.45,0.354,0.356,0.884,N
0.624,0.456,0.354,0.354,0.356,0.626,N
0.458,0.356,0.354,0.354,0.624,0.712,N
0.46,0.356,0.354,0.354,0.36,0.878,N
0.884,0.552,0.354,0.356,0.884,0.808,N
0.458,0.356,0.354,0.352,0.626,0.714,N
0.456,0.354,0.352,0.356,0.366,0.618,N
0.886,0.552,0.354,0.356,1.144,0.646,N
0.626,0.714,0.452,0.356,0.888,0.984,N
0.882,0.554,0.356,0.356,0.63,0.714,N
0.552,0.354,0.358,0.368,0.618,0.45,N
0.366,0.62,0.456,0.36,0.882,0.552,N
0.354,0.886,0.556,0.354,0.888,0.552,N
0.886,0.556,0.614,0.726,0.714,0.452,N
0.354,0.628,0.716,0.452,0.886,0.554,N
0.886,0.554,0.356,0.628,0.456,0.354,N
0.624,0.458,0.356,0.356,0.63,0.458,N
0.724,0.454,0.356,0.63,0.458,0.354,N
0.372,0.36,0.354,0.356,0.63,0.458,N
0.36,0.626,0.456,0.356,0.63,0.458,N
0.624,0.46,0.356,0.356,0.37,0.362,N
0.356,0.63,0.458,0.358,0.368,0.362,N
0.356,0.63,0.458,0.36,0.626,0.456,N
0.356,0.356,0.63,0.458,0.356,0.628,N
0.356,0.37,0.362,0.356,0.356,0.63,N
0.356,0.37,0.362,0.354,0.356,0.886,N
0.358,0.626,0.458,0.89,0.554,0.354,N
0.356,0.63,0.458,0.356,0.886,0.808,N
0.356,0.63,0.458,0.356,0.628,0.712,N
0.628,0.46,0.356,0.354,0.884,0.81,N
0.628,0.458,0.356,0.356,0.884,0.552,N
0.358,0.886,0.554,1.142,0.648,0.352,N
0.354,0.886,0.556,0.354,1.14,0.648,N
0.556,0.354,0.356,0.366,0.618,0.45,N
0.626,0.456,0.354,0.352,0.354,0.352,N
0.354,0.352,0.352,0.352,0.354,0.61,N
0.352,0.352,0.352,0.352,0.354,0.352,N
0.352,0.352,0.352,0.354,0.352,0.606,N
0.352,0.352,0.352,0.352,0.606,0.448,N
0.352,0.352,0.352,0.608,0.448,0.352,N
0.61,0.448,0.606,0.45,0.352,0.608,N
0.352,0.354,0.352,0.606,0.45,0.352,N
0.352,0.352,0.352,0.352,0.352,0.352,N
0.352,0.352,0.352,0.352,0.352,0.352,N
0.448,0.352,0.352,0.352,0.354,0.608,N
0.448,0.352,0.352,0.352,0.354,0.608,N
0.352,0.352,0.352,0.352,0.608,0.448,N
0.352,0.352,0.352,0.352,0.352,0.352,N
0.352,0.352,0.352,0.352,0.352,0.356,N
0.352,0.608,0.448,0.352,0.356,1.396,N
0.448,0.354,0.352,0.354,0.354,1.14,N
0.708,0.448,0.354,0.356,0.626,0.712,N
0.45,0.354,0.354,0.886,0.552,0.352,N
0.352,0.354,0.356,0.63,0.712,0.448,N
0.648,0.354,0.354,0.368,0.876,0.546,N
0.552,0.352,0.36,0.882,0.55,0.354,N
0.552,0.356,0.356,0.354,0.88,0.552,N
0.456,0.354,0.352,0.354,0.364,0.62,N
0.556,0.354,0.354,0.356,0.626,0.456,N
0.352,0.354,0.354,0.358,0.37,0.362,N
0.356,0.362,0.368,0.362,0.354,0.352,N
0.624,0.458,0.358,0.63,0.456,0.608,N
0.626,0.458,0.356,0.364,0.874,0.55,N
0.628,0.46,0.358,0.354,0.36,0.878,N
0.37,0.362,0.356,0.352,0.358,0.354,N
0.458,0.352,0.354,0.352,0.356,0.61,N
0.456,0.354,0.352,0.354,0.356,0.35,N
0.354,0.352,0.354,0.354,0.35,0.356,N
0.448,0.354,0.354,0.352,0.354,0.354,N
0.356,0.354,0.352,0.354,0.354,0.354,N
0.356,0.352,0.354,0.354,0.354,0.352,N
0.352,0.354,0.354,0.352,0.352,0.352,N
0.356,0.354,0.354,0.352,0.352,0.354,N
0.354,0.352,0.352,0.352,0.354,0.354,N
0.352,0.352,0.352,0.354,0.354,0.354,N
0.352,0.352,0.354,0.352,0.354,0.352,N
0.354,0.352,0.352,0.352,0.352,0.352,N
0.354,0.352,0.354,0.352,0.352,0.352,N
0.354,0.354,0.352,0.352,0.352,0.352,N
0.354,0.352,0.352,0.352,0.352,0.356,N
0.352,0.352,0.352,0.352,0.354,0.608,N
0.352,0.352,0.352,0.354,0.608,0.448,N
0.352,0.352,0.352,0.354,0.61,0.448,N
0.352,0.352,0.352,0.352,0.354,0.352,N
0.354,0.352,0.354,0.352,0.354,0.354,N
0.354,0.352,0.354,0.352,0.354,0.352,N
0.608,0.448,0.352,0.352,0.354,1.14,N
0.448,0.352,0.352,0.352,0.358,0.882,N
0.354,0.352,0.352,0.356,0.886,0.552,N
0.352,0.352,0.354,0.352,0.358,0.368,N
0.354,0.352,0.354,0.352,0.356,0.37,N
0.358,0.354,0.354,0.352,0.354,0.366,N
0.624,0.71,0.45,0.352,0.356,1.142,N
0.88,0.552,0.352,0.356,1.144,0.824,N
0.458,0.354,0.354,0.356,0.886,0.552,N
0.466,0.358,0.354,0.356,0.888,0.81,N
0.354,0.628,0.458,0.356,0.356,0.886,N
0.884,0.554,0.356,0.358,0.888,0.552,N
0.816,0.454,0.356,0.63,0.714,0.622,N
0.458,0.356,0.354,0.37,0.618,0.45,N
0.628,0.458,0.354,0.886,0.554,0.352,N
0.356,0.624,0.46,0.356,0.356,0.362,N
0.354,0.628,0.456,0.354,0.354,0.886,N
0.37,0.36,0.354,0.354,0.354,0.628,N
0.354,0.356,0.63,0.46,0.634,0.992,N
0.352,0.626,0.46,0.358,0.374,1.158,N
0.63,0.462,0.63,0.46,0.634,0.46,N
0.36,0.892,0.83,0.462,0.634,0.724,N
0.83,0.462,0.372,0.364,0.84,0.582,N
0.558,0.374,0.364,0.632,0.408,0.384,N
0.368,0.37,0.366,0.358,0.612,0.47,N
0.364,0.632,0.714,0.47,0.362,0.888,N
0.882,0.562,0.36,0.372,0.362,0.888,N
0.712,0.47,0.362,0.63,0.46,0.866,N
0.618,0.728,0.462,0.36,0.628,0.456,N
0.556,0.372,0.362,0.358,0.63,0.986,N
0.362,0.63,0.46,0.36,0.37,1.124,N
0.63,0.46,0.362,0.346,0.63,0.718,N
0.362,0.358,0.35,0.326,0.396,0.348,N
0.358,0.358,0.37,0.34,0.63,0.448,N
0.456,0.606,0.424,0.394,0.904,0.554,N
0.36,0.346,0.324,0.394,0.636,0.464,N
0.488,0.348,0.37,0.368,0.37,0.36,N
0.348,0.368,0.37,0.37,0.362,0.63,N
0.372,0.366,0.362,0.372,0.36,0.63,N
0.634,0.466,0.362,0.368,0.626,0.73,N
0.454,0.372,0.362,0.358,0.374,0.364,N
0.368,0.368,0.356,0.366,0.368,0.36,N
0.366,0.364,0.36,0.362,0.37,0.362,N
0.356,0.372,0.364,0.362,0.37,0.362,N
0.358,0.37,0.362,0.362,0.37,0.362,N
0.372,0.362,0.368,0.368,0.616,0.466,N
0.358,0.37,0.364,0.368,0.342,0.372,N
0.358,0.374,0.364,0.624,0.464,0.36,N
0.464,0.372,0.618,0.466,0.366,0.634,N
0.362,0.372,0.334,0.372,0.374,0.368,N
0.362,0.628,0.458,0.366,0.37,0.588,N
0.616,0.466,0.366,0.37,0.366,0.634,N
0.458,0.37,0.368,0.374,0.314,0.668,N
0.364,0.372,0.366,0.634,0.74,0.474,N
0.366,0.374,0.316,0.668,0.76,0.478,N
0.368,0.32,0.39,0.394,0.644,0.74,N
0.362,0.372,0.634,0.464,0.378,0.368,N
0.632,0.74,0.48,0.368,0.374,0.642,N
0.474,0.376,0.37,0.376,0.368,0.912,N
0.374,0.374,0.372,0.378,0.644,0.74,N
0.656,0.48,0.374,0.372,0.376,0.644,N
0.374,0.376,0.37,0.378,0.644,0.74,N
0.368,0.376,0.37,0.372,0.642,0.478,N
0.372,0.378,0.368,0.376,0.368,0.374,N
0.644,0.74,0.48,0.368,0.376,0.642,N
0.644,0.474,0.368,0.376,0.644,0.998,N
0.48,0.368,0.376,0.38,0.368,0.632,N
0.366,0.374,0.644,0.48,0.624,0.47,N
0.366,0.376,0.376,0.37,0.634,0.462,N
0.644,0.48,0.624,0.472,0.874,0.594,N
0.376,0.9,0.574,0.366,0.606,0.496,N
0.376,0.63,0.468,0.378,0.602,0.49,N
0.47,0.368,0.606,0.496,0.654,1.018,N
0.61,0.494,0.378,0.378,0.336,0.934,N
0.496,0.376,0.376,0.338,0.672,0.758,N
0.496,0.376,0.378,0.336,0.394,0.394,N
0.376,0.336,0.394,0.394,0.644,0.738,N
0.376,0.336,0.394,0.654,0.74,1.276,N
0.654,0.478,0.366,0.374,0.366,0.634,N
0.74,0.476,0.366,0.638,0.738,0.864,N
0.738,0.478,0.366,0.636,0.738,0.74,N
0.366,0.634,0.478,0.364,0.374,0.366,N
0.366,0.634,0.47,0.372,0.634,0.74,N
0.738,0.464,0.372,0.362,0.634,0.738,N
0.642,0.464,0.37,0.362,0.634,0.74,N
0.362,0.374,0.64,0.464,0.634,1.274,N
0.44,0.33,0.556,0.95,0.516,0.546,N
0.378,0.37,0.582,0.95,0.516,0.548,N
0.38,0.576,0.944,0.514,0.546,0.586,N
0.512,0.542,0.356,0.282,0.954,0.66,N
0.544,0.356,0.282,0.954,0.66,0.688,N
