1.686,2.012,2.332,2.664,N
1.68,2.01,2.332,2.672,N
1.666,2.002,2.332,2.67,N
2.004,2.332,2.67,3.002,N
2.004,2.332,2.678,3.002,N
2.002,2.332,2.676,3.0,N
1.666,2.01,2.334,2.676,N
2.008,2.332,2.674,3.0,N
2.002,2.332,2.672,3.0,N
2.004,2.332,2.67,2.998,N
2.01,2.334,2.662,2.998,N
2.01,2.332,2.67,3.0,N
2.008,2.332,2.672,2.998,N
2.01,2.334,2.668,2.998,N
2.0,2.332,2.676,3.002,N
1.662,1.996,2.332,2.67,N
2.008,2.332,2.668,3.0,N
2.004,2.332,2.672,3.002,N
2.008,2.332,2.662,2.998,N
2.008,2.332,2.66,3.0,N
2.008,2.332,2.67,3.004,N
1.992,2.332,2.678,3.006,N
1.996,2.332,2.674,3.002,N
2.002,2.332,2.672,3.002,N
2.002,2.332,2.676,3.002,N
1.996,2.332,2.674,3.0,N
2.008,2.332,2.674,3.0,N
1.664,2.01,2.334,2.672,N
2.008,2.332,2.672,3.006,N
1.66,2.008,2.332,2.678,N
1.996,2.332,2.676,3.004,N
1.662,2.008,2.334,2.678,N
1.664,2.004,2.332,2.678,N
2.002,2.332,2.674,3.0,N
2.0,2.332,2.67,3.002,N
1.662,2.0,2.332,2.672,N
2.002,2.332,2.678,3.002,N
1.662,2.004,2.334,2.672,N
2.01,2.332,2.678,3.002,N
1.664,2.0,2.332,2.676,N
2.002,2.332,2.67,3.0,N
1.664,2.004,2.332,2.668,N
1.664,2.004,2.332,2.668,N
2.002,2.332,2.67,3.0,N
1.996,2.332,2.668,3.0,N
2.002,2.332,2.672,3.0,N
1.664,2.002,2.332,2.67,N
2.002,2.332,2.672,3.0,N
1.662,1.996,2.332,2.67,N
2.002,2.332,2.674,3.006,N
2.0,2.332,2.678,3.002,N
1.996,2.334,2.664,3.006,N
2.004,2.332,2.678,3.012,N
1.662,1.986,2.332,2.678,N
1.988,2.332,2.678,3.008,N
1.658,1.99,2.332,2.678,N
1.996,2.334,2.674,3.008,N
1.662,2.002,2.332,2.678,N
1.988,2.332,2.682,3.006,N
1.99,2.334,2.674,3.006,N
2.0,2.332,2.676,3.006,N
1.992,2.332,2.678,3.006,N
1.99,2.332,2.678,3.006,N
1.994,2.332,2.676,3.008,N
1.988,2.332,2.678,3.004,N
1.99,2.332,2.672,3.006,N
1.66,2.008,2.332,2.682,N
1.99,2.332,2.676,3.004,N
1.996,2.332,2.676,3.004,N
1.99,2.332,2.676,3.002,N
2.0,2.332,2.672,2.96,N
1.662,2.002,2.332,2.618,N
2.052,2.338,2.718,3.058,N
1.968,2.332,2.682,3.012,N
1.622,1.986,2.332,2.678,N
1.658,1.988,2.332,2.678,N
1.988,2.332,2.678,3.02,N
1.992,2.332,2.682,3.012,N
2.0,2.338,2.682,3.008,N
2.002,2.332,2.678,3.004,N
1.66,2.0,2.332,2.676,N
1.992,2.332,2.634,2.998,N
2.038,2.332,2.694,3.038,N
1.972,2.332,2.678,3.012,N
1.988,2.332,2.678,3.008,N
1.662,1.994,2.332,2.676,N
1.66,2.002,2.332,2.678,N
1.664,2.008,2.334,2.612,V
1.73,2.332,2.72,3.066,N
1.948,2.332,2.678,3.006,N
1.988,2.332,2.66,3.004,N
2.004,2.334,2.678,3.008,N
1.988,2.332,2.678,2.96,N
1.664,2.002,2.334,2.616,V
1.728,2.058,2.34,2.716,N
1.972,2.334,2.682,3.03,N
1.626,1.996,2.332,2.682,N
1.658,1.992,2.332,2.616,V
1.708,2.052,2.332,2.72,N
1.944,2.332,2.682,3.008,N
1.986,2.332,2.676,3.004,N
1.992,2.332,2.676,3.004,N
1.988,2.332,2.676,3.006,N
1.658,1.988,2.332,2.676,N
1.988,2.332,2.676,3.004,N
1.66,2.004,2.332,2.678,N
1.986,2.332,2.678,3.012,N
1.982,2.332,2.678,3.022,N
1.656,1.988,2.332,2.682,N
1.988,2.334,2.676,3.012,N
1.66,2.008,2.332,2.682,N
1.988,2.332,2.682,3.024,N
1.986,2.332,2.682,3.012,N
1.992,2.332,2.678,3.03,N
1.652,1.986,2.332,2.682,N
1.982,2.332,2.678,2.956,N
1.65,2.004,2.334,2.612,V
1.728,2.056,2.332,2.722,N
1.942,2.332,2.678,3.022,N
1.594,1.982,2.332,2.678,N
1.642,1.986,2.332,2.678,N
1.988,2.332,2.678,3.008,N
1.988,2.332,2.678,3.004,N
1.996,2.332,2.678,2.956,N
1.66,2.002,2.332,2.612,V
1.726,2.054,2.334,2.72,N
1.948,2.332,2.682,3.014,N
1.982,2.332,2.676,3.004,N
2.002,2.332,2.674,3.014,N
1.988,2.332,2.678,3.008,N
1.658,1.988,2.334,2.678,N
1.658,2.002,2.332,2.678,N
2.0,2.332,2.678,3.006,N
1.658,1.992,2.332,2.672,N
1.986,2.33,2.676,3.006,N
1.986,2.332,2.676,3.006,N
1.992,2.332,2.672,3.002,N
2.0,2.334,2.672,3.004,N
2.002,2.332,2.678,3.004,N
2.0,2.332,2.674,3.002,N
1.664,2.008,2.332,2.672,N
2.004,2.332,2.674,3.006,N
1.992,2.332,2.678,3.008,N
1.992,2.332,2.676,3.008,N
1.99,2.332,2.676,3.012,N
1.66,1.992,2.332,2.682,N
1.656,1.988,2.332,2.678,N
1.658,1.996,2.332,2.676,N
1.314,1.66,2.0,2.332,N
1.996,2.332,2.676,3.006,N
1.662,2.002,2.332,2.678,N
1.66,2.998,3.668,4.336,N
1.344,1.688,2.332,2.682,N
2.0,2.334,2.678,3.004,N
1.66,2.004,2.332,2.678,N
1.664,2.008,2.332,2.678,N
1.326,1.662,2.332,2.672,N
1.662,1.99,2.332,2.676,N
1.318,1.66,1.988,2.332,V
1.714,2.052,2.718,3.39,N
1.666,2.334,2.682,3.014,N
1.332,1.992,2.338,2.678,N
1.996,2.332,2.682,3.006,N
1.996,2.332,2.676,3.004,N
2.002,2.332,2.674,2.95,N
2.002,2.332,2.612,2.998,V
2.054,2.332,2.718,3.052,N
1.672,1.95,2.334,2.678,N
1.66,1.988,2.33,2.674,N
2.062,2.34,2.72,3.002,N
1.686,1.964,2.332,2.618,V
2.052,2.334,2.718,3.066,N
1.948,2.332,2.682,3.008,N
1.986,2.332,2.678,3.004,N
2.002,2.332,2.678,3.004,N
2.004,2.332,2.668,2.962,N
1.664,2.008,2.332,2.626,N
1.704,2.044,2.332,2.694,N
1.672,1.974,2.332,2.682,N
1.986,2.332,2.682,3.008,N
1.988,2.334,2.676,3.008,N
2.004,2.332,2.684,3.02,N
1.66,1.986,2.332,2.678,N
1.662,1.996,2.332,2.612,V
1.724,2.054,2.332,2.722,N
1.944,2.332,2.684,3.03,N
1.982,2.332,2.682,3.03,N
1.988,2.334,2.684,2.964,N
1.994,2.332,2.612,3.012,V
2.054,2.332,2.74,3.086,N
1.662,1.942,2.334,2.684,N
1.982,2.334,2.682,2.962,N
1.648,1.994,2.332,2.612,V
1.714,2.052,2.332,2.722,N
1.66,1.942,2.332,2.624,V
2.046,2.334,2.722,3.006,N
1.944,2.332,2.616,3.004,V
2.048,2.332,2.72,3.07,N
1.944,2.332,2.682,3.028,N
1.598,1.982,2.332,2.682,N
2.334,2.682,3.014,3.352,N
2.0,2.332,2.678,3.012,N
2.004,2.334,2.682,3.016,N
1.994,2.332,2.678,2.962,N
1.658,1.992,2.332,2.612,V
1.714,2.052,2.332,2.72,N
1.946,2.332,2.684,3.03,N
1.986,2.334,2.682,3.028,N
1.996,2.334,2.682,3.03,N
2.0,2.338,2.684,3.03,N
2.0,2.334,2.682,3.028,N
1.994,2.332,2.682,3.016,N
1.656,1.986,2.332,2.676,N
1.656,1.992,2.332,2.682,N
1.986,2.332,2.682,3.024,N
1.65,1.988,2.334,2.682,N
1.996,2.334,2.682,3.016,N
1.658,1.996,2.332,2.678,N
1.988,2.332,2.678,3.022,N
1.656,1.986,2.332,2.678,N
1.988,2.332,2.682,3.008,N
1.994,2.332,2.668,3.008,N
1.99,2.33,2.676,3.004,N
1.988,2.332,2.676,3.006,N
1.65,1.99,2.332,2.676,N
1.658,1.986,2.332,2.678,N
1.988,2.332,2.682,3.022,N
1.656,1.988,2.332,2.678,N
2.002,2.332,2.682,3.02,N
1.994,2.332,2.678,3.014,N
1.988,2.332,2.678,3.006,N
1.994,2.332,2.676,3.008,N
1.996,2.332,2.678,3.008,N
1.992,2.332,2.678,3.008,N
2.0,2.332,2.678,3.008,N
1.996,2.332,2.678,3.006,N
1.996,2.332,2.676,3.004,N
2.002,2.332,2.676,3.004,N
1.996,2.332,2.676,3.006,N
1.992,2.332,2.676,3.006,N
1.992,2.332,2.678,3.008,N
2.002,2.334,2.678,3.006,N
2.004,2.332,2.676,3.006,N
1.664,2.008,2.332,2.678,N
1.66,1.992,2.332,2.678,N
1.986,2.332,2.682,3.022,N
1.988,2.332,2.682,3.026,N
1.986,2.332,2.682,3.028,N
1.656,1.988,2.334,2.682,N
1.99,2.332,2.682,3.028,N
2.002,2.332,2.684,3.024,N
1.658,2.334,2.678,3.012,N
1.66,2.002,2.332,2.678,N
1.66,2.0,2.332,2.678,N
1.992,2.332,2.682,3.008,N
1.658,2.0,2.334,2.672,N
1.66,2.008,2.334,2.682,N
1.66,1.988,2.334,2.682,N
1.648,1.992,2.332,2.682,N
1.986,2.332,2.682,3.034,N
1.988,2.332,2.684,3.034,N
1.982,2.334,2.684,3.034,N
1.638,1.988,2.334,2.684,N
1.642,1.986,2.332,2.684,N
1.982,2.332,2.684,3.034,N
1.986,2.332,2.684,3.03,N
1.986,2.334,2.684,3.028,N
1.99,2.334,2.682,3.028,N
1.658,2.002,2.334,2.684,N
1.988,2.332,2.678,3.026,N
1.652,1.986,2.332,2.682,N
1.986,2.332,2.682,3.028,N
1.986,2.334,2.682,3.008,N
1.996,2.334,2.678,3.022,N
1.658,1.992,2.332,2.682,N
1.656,1.986,2.332,2.678,N
1.648,1.986,2.332,2.682,N
1.656,1.988,2.332,2.682,N
1.99,2.332,2.682,3.03,N
1.656,1.986,2.332,2.682,N
1.986,2.332,2.682,3.028,N
1.986,2.332,2.682,3.028,N
1.656,1.988,2.332,2.684,N
1.656,1.992,2.334,2.684,N
1.658,2.004,2.338,2.684,N
2.0,2.334,2.682,3.024,N
1.66,1.988,2.332,2.682,N
1.99,2.332,2.684,3.028,N
1.656,1.988,2.332,2.682,N
1.99,2.334,2.678,3.026,N
1.66,2.332,2.684,3.022,N
1.99,2.334,2.678,3.024,N
1.996,2.332,2.682,3.014,N
1.66,1.988,2.332,2.678,N
2.0,2.332,2.682,3.028,N
1.986,2.332,2.682,3.028,N
1.986,2.332,2.682,3.022,N
1.986,2.332,2.678,3.024,N
1.652,1.988,2.332,2.682,N
1.982,2.332,2.682,3.028,N
1.986,2.332,2.682,3.024,N
1.982,2.332,2.678,3.022,N
1.652,1.988,2.332,2.682,N
1.652,1.986,2.332,2.682,N
1.65,1.986,2.332,2.682,N
1.988,2.332,2.678,3.014,N
1.988,2.332,2.678,3.026,N
1.986,2.332,2.682,3.022,N
1.986,2.332,2.682,3.02,N
1.652,1.992,2.332,2.682,N
1.99,2.332,2.682,3.026,N
1.656,1.986,2.332,2.682,N
1.656,1.986,2.332,2.682,N
1.65,1.986,2.332,2.682,N
1.65,1.986,2.332,2.682,N
1.64,1.982,2.332,2.682,N
1.64,1.986,2.332,2.684,N
1.64,1.982,2.332,2.682,N
1.644,1.986,2.334,2.684,N
1.648,1.988,2.334,2.684,N
1.644,1.986,2.332,2.684,N
1.64,1.982,2.332,2.682,N
1.636,1.986,2.332,2.684,N
1.982,2.332,2.682,3.028,N
1.64,1.986,2.332,2.682,N
1.65,1.986,2.332,2.682,N
1.648,1.986,2.332,2.684,N
1.644,1.986,2.334,2.682,N
1.65,1.992,2.334,2.682,N
1.656,1.99,2.332,2.682,N
1.648,1.982,2.332,2.684,N
1.634,1.98,2.332,2.684,N
1.63,1.982,2.332,2.684,N
1.636,1.982,2.332,2.684,N
1.636,1.982,2.332,2.682,N
1.986,2.332,2.684,3.03,N
1.642,1.986,2.334,2.682,N
1.992,2.334,2.684,3.03,N
1.988,2.332,2.682,3.028,N
1.986,2.332,2.682,3.028,N
1.982,2.332,2.682,3.016,N
1.986,2.332,2.678,3.014,N
1.99,2.332,2.682,3.016,N
1.988,2.332,2.682,3.012,N
1.656,1.99,2.332,2.678,N
1.986,2.332,2.676,3.006,N
1.986,2.332,2.674,3.006,N
1.658,1.992,2.332,2.678,N
1.992,2.332,2.678,3.014,N
1.66,2.0,2.334,2.682,N
1.986,2.332,2.682,3.02,N
1.982,2.332,2.678,3.024,N
1.648,1.986,2.332,2.682,N
1.982,2.332,2.682,3.028,N
1.642,1.986,2.332,2.682,N
1.656,1.99,2.334,2.678,N
1.996,2.332,2.684,3.03,N
1.982,2.334,2.682,3.03,N
1.644,1.99,2.332,2.684,N
1.652,1.986,2.332,2.682,N
1.986,2.332,2.682,3.02,N
1.996,2.334,2.682,3.024,N
1.658,1.996,2.332,2.682,N
1.994,2.334,2.684,3.024,N
1.658,1.992,2.332,2.682,N
1.652,1.986,2.332,2.678,N
1.65,1.988,2.332,2.682,N
1.656,1.986,2.332,2.684,N
1.656,1.988,2.334,3.03,N
1.658,2.004,2.684,3.036,N
1.656,2.332,2.684,3.036,N
1.982,2.332,2.684,3.034,N
1.982,2.332,2.684,3.034,N
1.982,2.332,2.684,3.034,N
1.982,2.334,2.684,3.034,N
1.986,2.332,2.684,3.034,N
1.982,2.332,2.684,3.028,N
1.986,2.332,2.682,3.03,N
1.65,1.988,2.332,2.682,N
1.986,2.332,2.682,3.028,N
1.64,1.982,2.332,2.682,N
1.986,2.332,2.682,3.024,N
1.65,1.986,2.332,2.678,N
1.652,1.986,2.332,2.682,N
1.986,2.332,2.682,3.03,N
1.986,2.332,2.684,3.03,N
1.986,2.334,2.682,3.026,N
1.656,1.996,2.338,2.682,N
1.656,2.002,2.332,2.682,N
1.986,2.332,2.682,2.97,N
1.652,1.986,2.332,2.638,N
1.7,2.046,2.338,2.712,N
1.974,2.332,2.684,3.03,N
1.626,1.982,2.332,2.682,N
1.986,2.332,2.682,3.026,N
1.986,2.332,2.682,3.024,N
1.986,2.332,2.684,3.028,N
1.986,2.334,2.682,3.02,N
1.652,1.988,2.334,2.682,N
2.0,2.332,2.682,3.024,N
1.988,2.332,2.682,3.014,N
1.986,2.332,2.682,3.012,N
1.656,1.99,2.332,2.678,N
1.994,2.332,2.678,3.008,N
1.992,2.332,2.676,3.006,N
1.992,2.332,2.676,3.008,N
1.66,1.996,2.332,2.682,N
1.99,2.332,2.682,3.02,N
1.658,1.996,2.334,2.682,N
1.658,1.992,2.332,2.684,N
1.652,1.986,2.338,2.678,N
2.002,2.332,2.678,2.968,N
1.656,1.986,2.332,2.634,N
1.7,2.048,2.338,2.714,N
1.67,1.974,2.332,2.684,N
1.98,2.332,2.682,3.036,N
1.63,1.982,2.33,2.684,N
1.63,1.978,2.332,2.684,N
1.98,2.332,2.682,3.036,N
1.634,1.986,2.332,2.684,N
1.64,1.98,2.332,2.684,N
1.63,1.982,2.332,2.684,N
1.642,1.982,2.332,2.682,N
1.636,1.982,2.332,2.682,N
1.98,2.332,2.684,3.034,N
1.634,1.982,2.334,2.682,N
1.644,1.994,2.334,2.682,N
1.652,1.988,2.332,2.684,N
1.986,2.334,2.682,3.03,N
1.994,2.332,2.682,3.028,N
1.99,2.332,2.682,3.03,N
1.65,1.986,2.332,2.682,N
1.644,1.982,2.332,2.678,N
1.65,1.99,2.332,2.682,N
2.0,2.332,2.682,3.022,N
1.656,1.982,2.332,2.682,N
1.656,1.988,2.332,2.682,N
1.65,1.982,2.332,2.682,N
1.634,1.98,2.332,2.684,N
1.634,1.98,2.332,2.682,N
1.636,1.986,2.332,2.682,N
1.986,2.332,2.682,3.03,N
1.642,1.986,2.332,2.682,N
1.982,2.332,2.682,3.028,N
1.986,2.332,2.682,3.012,N
1.65,1.986,2.334,2.678,N
1.996,2.332,2.682,3.024,N
1.656,1.982,2.332,2.682,N
1.644,1.986,2.332,2.682,N
1.986,2.332,2.678,3.016,N
1.652,1.986,2.332,2.678,N
1.656,1.986,2.332,2.676,N
1.994,2.334,2.682,3.022,N
1.99,2.332,2.682,3.008,N
1.656,1.992,2.338,3.016,N
1.658,1.996,2.332,2.682,N
1.656,1.982,2.332,2.678,N
1.312,1.99,2.334,2.682,N
1.658,1.996,2.332,2.682,N
1.652,1.982,2.332,2.682,N
1.642,1.982,2.332,2.678,N
1.65,1.988,2.332,2.684,N
1.986,2.334,2.682,3.026,N
1.652,2.004,2.334,2.684,N
1.658,2.332,2.682,3.026,N
1.656,1.986,2.332,2.682,N
1.656,1.986,2.332,2.682,N
1.992,2.332,2.682,3.024,N
1.656,1.99,2.332,2.682,N
1.656,1.988,2.332,2.682,N
1.656,1.986,2.332,2.684,N
1.65,1.986,2.332,2.684,N
1.652,1.988,2.338,2.684,N
1.656,2.002,2.342,2.684,N
1.658,2.002,2.332,2.682,N
1.652,1.986,2.332,2.684,N
1.642,1.982,2.332,2.682,N
1.634,1.98,2.33,2.684,N
1.63,1.98,2.332,2.682,N
1.284,1.63,1.982,2.332,N
0.952,1.29,1.644,1.986,N
1.296,1.634,1.98,2.332,N
1.288,1.63,1.98,2.332,N
1.63,1.982,2.332,2.682,N
1.982,2.332,2.684,3.034,N
1.634,1.982,2.334,2.684,N
2.002,2.348,2.684,3.034,N
1.656,2.332,2.682,3.028,N
1.308,1.658,1.988,2.332,N
1.31,1.656,2.332,2.682,N
1.986,2.334,2.682,3.354,N
1.308,1.656,1.996,2.332,N
0.636,1.31,1.66,2.004,N
1.312,1.66,2.332,2.678,N
0.966,1.31,1.986,2.332,N
0.962,1.65,1.982,2.332,N
0.63,1.306,2.332,2.682,N
1.306,1.65,2.332,2.682,N
0.958,1.308,2.332,2.682,N
1.31,2.332,2.682,3.702,N
0.962,1.31,2.334,2.684,N
1.308,2.334,3.354,4.026,N
0.288,1.312,2.682,3.02,N
1.66,2.334,2.678,3.354,N
1.656,1.986,2.332,2.682,N
1.656,1.986,2.332,2.682,N
1.988,2.334,2.682,3.026,N
1.658,2.0,2.334,2.684,N
1.31,1.656,1.99,2.332,N
1.986,2.334,2.678,3.03,N
1.65,2.002,2.332,2.684,N
1.652,1.98,2.332,2.686,N
1.622,1.978,2.332,2.69,N
1.618,1.974,2.332,2.714,N
1.24,1.592,1.952,2.332,N
1.208,1.568,1.946,2.334,N
0.44,1.166,1.93,2.784,N
1.036,1.89,2.334,2.794,N
0.586,1.44,1.878,2.338,N
0.644,1.942,3.176,3.984,N
1.518,2.338,2.752,3.564,N
1.1,1.934,2.334,3.146,N
1.52,1.936,2.75,3.14,N
1.944,2.334,3.104,3.85,N
0.75,1.56,1.952,2.722,N
0.782,1.18,2.34,2.716,N
1.974,2.338,2.722,3.102,N
0.816,1.59,2.334,2.716,N
1.208,1.956,2.334,2.714,N
1.968,2.334,2.712,3.808,N
1.594,1.974,2.338,2.716,N
0.852,1.596,1.974,3.068,N
1.98,2.338,2.712,3.068,N
1.974,2.334,2.704,3.06,N
1.978,2.332,2.692,3.388,N
1.246,1.622,1.978,2.334,V
1.696,2.054,2.752,3.46,N
1.64,2.332,3.042,3.39,N
1.282,1.978,2.684,3.036,N
1.626,2.332,2.684,2.964,N
0.222,1.276,2.332,3.006,N
2.334,2.684,3.034,3.382,N
1.986,2.338,2.684,3.034,N
1.988,2.332,2.684,3.034,N
1.986,2.332,2.684,3.026,N
1.986,2.332,2.678,3.014,N
1.996,2.332,2.682,3.028,N
1.982,2.332,2.682,3.028,N
1.988,2.332,2.682,3.02,N
1.99,2.332,2.682,3.024,N
2.0,2.332,2.682,3.024,N
1.988,2.332,2.682,3.014,N
1.99,2.332,2.678,3.008,N
1.99,2.332,2.678,3.006,N
2.002,2.334,2.678,3.006,N
2.002,2.332,2.678,3.006,N
2.002,2.332,2.678,3.02,N
1.994,2.332,2.682,3.014,N
1.988,2.332,2.678,3.006,N
1.66,2.002,2.332,2.678,N
1.994,2.332,2.678,3.006,N
1.66,2.002,2.332,2.678,N
1.66,1.992,2.332,2.678,N
1.994,2.332,2.678,3.004,N
2.002,2.334,2.676,3.006,N
2.008,2.334,2.682,3.014,N
1.664,2.004,2.334,2.682,N
1.658,1.99,2.332,2.682,N
1.986,2.332,2.682,3.012,N
1.988,2.334,2.678,3.008,N
2.002,2.332,2.678,3.024,N
1.99,2.332,2.682,3.014,N
1.658,1.988,2.332,2.678,N
2.004,2.332,2.678,3.012,N
1.66,1.994,2.332,2.678,N
1.658,1.986,2.332,2.678,N
1.992,2.332,2.678,3.008,N
2.0,2.332,2.682,3.008,N
1.986,2.332,2.682,3.024,N
1.652,1.988,2.332,2.682,N
1.988,2.332,2.682,3.022,N
1.652,1.986,2.332,2.678,N
1.656,1.986,2.332,2.682,N
1.992,2.332,2.682,3.014,N
1.994,2.332,2.678,3.014,N
1.658,1.99,2.332,2.678,N
1.988,2.332,2.678,3.008,N
1.658,1.992,2.332,2.678,N
1.66,1.994,2.334,2.678,N
1.662,2.008,2.338,2.682,N
2.002,2.332,2.682,3.014,N
1.986,2.332,2.674,3.02,N
1.986,2.332,2.678,3.024,N
1.986,2.332,2.682,3.022,N
1.988,2.332,2.682,3.004,N
1.656,1.996,2.332,2.67,N
1.66,2.002,2.332,2.682,N
1.658,1.99,2.332,2.678,N
1.992,2.332,2.678,3.008,N
1.996,2.332,2.682,3.014,N
1.996,2.334,2.682,3.024,N
1.99,2.332,2.682,3.024,N
1.986,2.332,2.682,3.028,N
1.986,2.332,2.682,3.022,N
1.648,1.982,2.332,2.682,N
1.99,2.332,2.682,3.028,N
1.656,1.986,2.332,2.682,N
1.652,1.988,2.332,2.672,N
1.656,1.994,2.332,2.678,N
1.66,1.986,2.332,2.678,N
1.658,1.992,2.332,2.678,N
1.66,2.002,2.332,2.824,N
1.66,1.992,2.506,3.0,N
1.66,2.0,2.332,2.682,N
1.66,2.0,2.338,2.992,N
2.052,2.706,3.044,3.388,N
1.694,2.334,2.684,3.03,N
2.002,2.34,2.684,3.012,N
2.002,2.334,2.676,3.022,N
1.994,2.332,2.682,3.012,N
1.986,2.334,2.682,3.022,N
1.658,1.988,2.334,2.682,N
1.99,2.332,2.682,3.022,N
1.656,1.988,2.332,2.682,N
1.986,2.334,2.678,3.022,N
1.994,2.332,2.682,3.024,N
1.656,1.988,2.332,2.682,N
1.986,2.332,2.674,3.008,N
1.656,1.99,2.332,2.678,N
1.658,1.986,2.332,2.678,N
1.986,2.332,2.676,3.014,N
2.0,2.332,2.682,3.024,N
1.996,2.334,2.678,3.02,N
2.004,2.334,2.682,3.02,N
1.992,2.332,2.682,3.022,N
2.002,2.338,2.684,3.024,N
1.674,2.008,2.348,2.684,N
2.008,2.34,2.682,3.042,N
1.672,2.014,2.34,2.692,N
1.992,2.334,2.684,3.03,N
1.986,2.332,2.682,3.034,N
1.986,2.332,2.684,3.03,N
1.656,1.986,2.334,2.682,N
1.994,2.332,2.684,3.028,N
1.658,1.986,2.334,2.682,N
1.992,2.332,2.682,3.022,N
1.66,1.986,2.332,2.678,N
1.652,1.988,2.332,2.682,N
1.982,2.332,2.682,3.02,N
1.652,1.99,2.334,2.682,N
1.66,2.002,2.334,2.682,N
1.66,1.996,2.334,2.682,N
1.658,1.99,2.332,2.684,N
1.982,2.332,2.684,3.034,N
1.63,1.982,2.332,2.684,N
1.634,1.986,2.332,2.684,N
1.982,2.332,2.682,3.026,N
1.986,2.332,2.682,3.03,N
1.986,2.332,2.682,3.022,N
1.656,1.988,2.334,2.682,N
2.008,2.334,2.682,3.028,N
1.66,2.0,2.334,2.682,N
1.99,2.332,2.682,3.03,N
1.982,2.332,2.682,3.028,N
1.982,2.332,2.682,3.024,N
1.642,1.986,2.332,2.682,N
1.986,2.332,2.678,3.014,N
1.986,2.332,2.678,3.014,N
1.986,2.332,2.678,3.008,N
1.99,2.332,2.678,3.008,N
1.658,1.992,2.332,2.678,N
1.66,2.0,2.334,2.682,N
1.66,2.002,2.334,2.678,N
1.662,2.008,2.332,2.682,N
1.994,2.334,2.682,3.028,N
1.658,1.988,2.332,2.682,N
1.986,2.332,2.682,3.028,N
1.986,2.332,2.682,3.03,N
1.644,1.982,2.334,2.684,N
1.986,2.334,2.682,3.022,N
1.638,1.988,2.332,2.682,N
1.99,2.332,2.682,3.028,N
1.658,1.992,2.332,2.682,N
1.988,2.332,2.678,3.022,N
1.992,2.332,2.682,3.028,N
1.992,2.332,2.682,3.008,N
1.992,2.334,2.678,3.024,N
1.658,2.004,2.332,2.684,N
1.982,2.332,2.682,3.02,N
1.994,2.332,2.682,3.024,N
1.658,1.988,2.332,2.682,N
1.656,1.988,2.332,2.676,N
1.994,2.332,2.684,3.028,N
1.658,1.986,2.334,2.682,N
1.64,1.986,2.332,2.684,N
1.982,2.332,2.684,3.034,N
1.638,1.986,2.334,2.684,N
1.986,2.334,2.684,2.998,N
1.64,1.988,2.334,2.65,N
1.678,2.018,2.334,2.708,N
1.66,1.974,2.332,2.684,N
1.628,1.986,2.334,2.682,N
1.65,2.002,2.332,2.684,N
1.658,1.992,2.334,2.684,N
1.656,1.988,2.332,2.682,N
2.228,3.042,3.386,4.406,N
1.876,2.692,3.036,4.06,N
2.34,2.684,3.034,4.054,N
2.338,2.684,3.706,4.054,N
1.992,3.036,3.368,3.708,N
1.658,2.69,3.036,3.6,N
1.31,2.34,2.684,3.25,N
1.308,1.996,2.334,2.692,N
1.988,2.34,2.69,3.664,N
1.648,1.99,2.338,3.316,N
1.648,1.988,2.968,3.708,N
1.31,1.644,2.62,3.028,N
1.628,1.98,2.334,2.684,V
1.634,2.0,2.332,2.684,N
1.66,1.986,2.332,2.684,N
1.644,1.986,2.334,2.624,N
1.702,2.052,2.34,2.74,V
1.66,1.944,2.332,2.684,N
1.59,1.98,2.332,2.682,N
1.63,1.986,2.332,2.684,N
1.644,1.986,2.334,2.686,N
1.642,1.986,2.334,2.684,N
1.986,2.334,2.684,3.042,N
1.636,1.986,2.332,2.692,N
1.634,1.982,2.344,2.684,N
1.63,1.996,2.332,2.646,N
1.692,2.03,2.334,2.716,N
1.652,1.966,2.332,2.684,N
1.616,1.98,2.332,2.682,N
1.988,2.332,2.684,3.034,N
1.65,1.986,2.332,2.684,N
1.644,1.982,2.332,2.66,N
2.01,2.332,2.692,3.038,N
1.978,2.334,2.684,3.03,N
1.988,2.334,2.682,2.964,N
1.656,2.004,2.334,2.62,N
2.052,2.338,2.722,3.072,N
1.948,2.332,2.684,3.03,N
1.982,2.334,2.682,3.028,N
2.004,2.332,2.682,3.03,N
1.66,1.994,2.334,2.682,N
1.656,1.992,2.332,2.682,N
1.994,2.334,2.684,2.964,N
1.658,2.002,2.338,2.624,N
1.724,2.06,2.722,3.072,V
1.672,2.332,2.684,3.034,N
1.982,2.334,2.684,3.03,N
1.988,2.334,2.682,3.028,N
1.652,1.992,2.332,2.682,N
1.986,2.332,2.682,3.03,N
1.986,2.334,2.684,3.03,N
1.99,2.338,2.684,3.028,N
2.0,2.332,2.682,2.984,N
1.656,1.994,2.332,2.642,N
1.696,2.044,2.338,2.706,N
1.978,2.332,2.682,3.03,N
1.628,1.988,2.332,2.684,N
1.986,2.332,2.682,3.028,N
1.99,2.334,2.682,3.028,N
1.658,1.99,2.332,2.682,N
1.992,2.332,2.682,2.964,N
1.656,1.99,2.332,2.618,N
2.048,2.332,2.722,3.072,N
1.66,1.944,2.332,2.684,N
1.982,2.332,2.682,3.03,N
1.644,1.988,2.332,2.682,N
1.658,1.992,2.334,2.684,N
1.658,2.004,2.334,2.646,N
1.696,2.036,2.338,2.708,N
1.664,1.972,2.332,2.682,N
1.986,2.332,2.684,3.034,N
1.98,2.332,2.682,3.03,N
1.636,1.986,2.332,2.684,N
1.982,2.332,2.682,3.028,N
1.986,2.332,2.682,2.992,N
1.652,1.988,2.332,2.646,N
1.694,2.026,2.332,2.706,N
1.974,2.332,2.682,3.024,N
1.628,1.988,2.334,2.682,N
1.99,2.332,2.682,3.028,N
1.982,2.332,2.682,3.02,N
1.652,1.994,2.332,2.678,N
1.658,1.996,2.334,2.684,N
1.66,1.992,2.334,2.648,N
1.688,2.024,2.686,3.02,N
1.67,1.98,2.332,2.664,N
1.99,2.33,2.682,3.024,N
1.986,2.334,2.682,3.024,N
1.992,2.334,2.682,3.008,N
1.996,2.332,2.676,3.022,N
1.658,1.99,2.332,2.682,N
1.986,2.332,2.682,3.026,N
1.992,2.334,2.682,2.964,N
1.658,1.994,2.334,2.618,N
1.708,2.052,2.334,2.722,V
1.664,1.944,2.332,2.684,N
1.658,2.002,2.334,2.618,N
1.718,2.052,2.334,2.734,V
1.66,1.942,2.334,2.684,N
1.592,1.982,2.332,2.684,N
1.986,2.332,2.684,3.034,N
1.636,1.982,2.332,2.684,N
1.99,2.338,2.684,3.036,N
1.644,1.988,2.334,2.684,N
1.986,2.332,2.684,3.03,N
1.982,2.332,2.682,2.984,N
1.648,1.988,2.332,2.642,N
1.694,2.044,2.334,2.716,N
1.662,1.966,2.332,2.684,N
1.982,2.332,2.682,3.024,N
1.988,2.332,2.682,3.028,N
1.986,2.332,2.682,3.03,N
1.982,2.332,2.684,3.026,N
1.986,2.334,2.682,3.024,N
1.996,2.334,2.682,3.03,N
1.658,1.988,2.332,2.682,N
1.652,1.986,2.334,2.646,N
1.694,2.04,2.334,2.698,N
1.978,2.332,2.682,3.028,N
1.988,2.332,2.682,3.022,N
1.652,1.99,2.332,2.678,N
1.988,2.332,2.682,3.024,N
1.658,1.988,2.334,2.682,N
1.656,1.994,2.334,2.682,N
1.66,2.004,2.334,2.618,N
1.714,2.052,2.332,2.73,N
1.942,2.332,2.686,3.034,N
1.59,1.98,2.332,2.682,N
1.988,2.334,2.684,3.034,N
1.986,2.332,2.684,3.034,N
1.64,1.982,2.332,2.682,N
1.634,1.98,2.332,2.682,N
1.64,1.988,2.332,2.616,N
1.702,2.048,2.332,2.722,V
1.66,1.942,2.332,2.684,N
1.592,1.98,2.332,2.684,N
1.738,2.084,2.756,3.104,N
1.664,2.334,2.684,3.03,N
1.986,2.332,2.682,3.028,N
1.982,2.332,2.682,3.028,N
1.986,2.332,2.682,2.964,N
1.992,2.334,2.624,3.004,N
2.048,2.334,2.716,3.07,N
1.952,2.332,2.684,3.03,N
1.982,2.332,2.682,3.024,N
1.642,2.0,2.332,2.682,N
1.66,1.988,2.334,2.682,N
1.656,1.992,2.334,2.682,N
1.656,1.992,2.334,2.682,N
1.658,2.002,2.334,2.62,N
1.702,2.048,2.332,2.726,N
1.942,2.332,2.686,3.036,N
1.59,1.98,2.332,2.682,N
1.628,1.982,2.332,2.684,N
1.636,1.982,2.332,2.684,N
1.634,1.986,2.338,2.646,N
1.692,2.04,2.334,2.722,N
1.648,1.946,2.332,2.686,N
1.594,1.98,2.334,2.684,N
1.63,1.986,2.332,2.684,N
1.636,1.982,2.332,2.684,N
1.634,1.982,2.334,2.686,N
1.982,2.334,2.682,3.034,N
1.64,1.992,2.332,2.684,N
1.644,1.982,2.332,2.684,N
1.634,1.982,2.332,2.684,N
1.628,1.98,2.332,2.684,N
1.98,2.332,2.684,3.036,N
1.98,2.332,2.684,3.036,N
1.628,1.98,2.332,2.684,N
1.628,1.98,2.332,2.684,N
1.628,1.98,2.332,2.684,N
1.63,1.982,2.332,2.684,N
1.634,1.982,2.332,2.684,N
1.63,1.98,2.332,2.684,N
1.628,1.98,2.332,2.684,N
1.628,1.98,2.332,2.684,N
1.628,1.98,2.332,2.684,N
1.63,1.982,2.334,2.686,N
1.634,1.986,2.334,2.686,N
1.64,1.988,2.338,2.684,N
1.65,2.0,2.338,2.686,N
1.652,1.99,2.338,2.686,N
1.638,1.982,2.332,2.684,N
1.63,1.98,2.332,2.684,N
1.98,2.332,2.684,3.036,N
1.98,2.332,2.686,3.036,N
1.982,2.334,2.686,3.036,N
1.634,1.986,2.338,2.684,N
1.656,2.0,2.334,2.684,N
1.656,1.988,2.332,2.682,N
1.648,1.982,2.332,2.682,N
1.644,1.986,2.332,2.682,N
1.65,1.988,2.332,2.684,N
1.65,1.982,2.334,2.684,N
1.636,1.986,2.332,2.684,N
1.64,1.982,2.332,2.684,N
1.64,1.986,2.332,2.684,N
1.644,1.986,2.332,2.684,N
1.642,1.986,2.334,2.684,N
1.652,1.996,2.334,2.684,N
1.656,1.996,2.332,2.684,N
1.652,1.986,2.332,2.684,N
1.634,1.982,2.332,2.684,N
1.634,1.98,2.332,2.684,N
1.628,1.98,2.334,2.684,N
1.63,1.982,2.332,2.684,N
1.634,1.98,2.332,2.684,N
1.628,1.98,2.332,2.684,N
1.634,1.982,2.334,2.684,N
1.634,1.986,2.338,2.684,N
1.65,2.0,2.338,2.684,N
1.656,1.992,2.332,2.684,N
1.656,1.982,2.332,2.684,N
1.634,1.982,2.332,2.684,N
1.636,1.982,2.332,2.682,N
1.638,1.986,2.332,2.684,N
1.64,1.986,2.332,2.684,N
1.644,1.982,2.332,2.682,N
1.644,1.99,2.332,2.684,N
1.652,1.986,2.332,2.684,N
1.982,2.332,2.684,3.036,N
1.634,1.98,2.332,2.686,N
1.63,1.98,2.338,2.686,N
1.63,1.988,2.334,2.684,N
1.988,2.338,2.686,3.036,N
1.634,1.982,2.332,2.684,N
1.634,1.982,2.332,2.684,N
1.634,1.98,2.332,2.682,N
1.634,1.982,2.332,2.684,N
1.636,1.982,2.332,2.684,N
1.636,1.986,2.334,2.66,N
1.66,2.01,2.332,2.696,N
1.65,1.974,2.332,2.684,N
1.626,1.982,2.334,2.684,N
1.644,1.994,2.332,2.684,N
1.656,1.986,2.332,2.682,N
1.644,1.986,2.332,2.684,N
1.638,1.98,2.332,2.684,N
1.982,2.334,2.684,3.036,N
1.634,1.982,2.332,2.684,N
1.63,1.98,2.332,2.684,N
1.63,1.986,2.332,2.684,N
1.634,1.98,2.332,2.684,N
1.63,1.982,2.332,2.684,N
1.634,1.986,2.334,2.684,N
1.638,1.986,2.334,2.684,N
1.642,1.986,2.334,2.686,N
1.64,1.992,2.342,2.684,N
1.652,1.996,2.338,2.684,N
1.65,1.99,2.332,2.684,N
1.65,1.982,2.332,2.684,N
1.636,1.982,2.332,2.684,N
1.636,1.982,2.332,2.684,N
1.64,1.986,2.334,2.684,N
1.636,1.986,2.332,2.684,N
1.642,1.982,2.332,2.684,N
1.634,1.982,2.332,2.682,N
1.636,1.982,2.332,2.684,N
1.634,1.982,2.332,2.684,N
1.628,1.98,2.332,2.686,N
1.628,1.98,2.332,2.686,N
1.628,1.98,2.332,2.69,N
1.628,1.98,2.334,2.686,N
1.628,1.982,2.334,2.686,N
1.628,1.98,2.334,2.684,N
1.628,1.98,2.332,2.686,N
1.628,1.98,2.334,3.038,N
1.696,2.048,2.756,3.104,V
1.628,2.334,2.684,3.036,N
1.982,2.334,2.684,3.038,N
1.982,2.334,2.686,3.036,N
1.982,2.338,2.686,3.038,N
1.634,1.986,2.334,2.69,N
1.98,2.334,2.69,3.042,N
1.628,1.98,2.334,2.69,N
1.626,1.98,2.332,2.686,N
1.98,2.334,2.684,3.036,N
1.628,1.982,2.332,2.684,N
1.63,1.98,2.332,2.684,N
1.628,1.98,2.332,2.684,N
1.63,1.982,2.334,2.684,N
1.63,1.982,2.332,2.684,N
1.63,1.98,2.332,2.684,N
1.63,1.982,2.332,2.684,N
1.63,1.982,2.332,2.684,N
1.634,1.982,2.334,2.686,N
1.282,1.634,1.986,2.338,N
0.594,1.994,2.684,3.036,N
0.592,1.644,2.332,2.684,N
1.982,2.332,2.684,3.038,N
1.982,2.334,2.686,3.74,N
1.63,1.982,2.334,3.388,N
1.63,1.982,3.036,3.386,N
0.926,2.684,3.036,3.386,N
0.578,2.334,2.684,3.034,N
2.332,2.684,3.034,3.668,N
2.332,2.684,3.034,3.322,N
1.634,1.982,2.332,2.684,N
0.954,2.334,3.71,4.064,N
1.35,2.048,3.426,4.126,V
2.334,2.69,3.038,3.388,N
1.306,1.98,2.334,2.684,N
1.63,1.986,2.334,2.684,N
1.278,1.636,1.982,2.334,N
1.986,2.334,2.684,3.034,N
2.334,2.684,3.036,3.388,N
1.988,2.334,2.684,3.036,N
2.334,2.686,3.036,3.388,N
1.298,1.982,2.338,2.686,N
1.994,2.338,2.686,3.038,N
1.986,2.334,2.686,3.038,N
1.98,2.332,2.686,3.042,N
1.628,1.98,2.334,2.69,N
1.628,1.98,2.334,3.042,N
1.628,1.98,2.686,3.038,N
1.628,2.334,2.686,3.036,N
1.98,2.334,2.684,3.036,N
1.628,1.98,2.332,2.684,N
1.63,1.98,2.332,2.684,N
1.982,2.334,2.686,3.036,N
1.982,2.338,2.684,3.036,N
1.992,2.334,2.686,3.034,N
1.982,2.334,2.684,3.036,N
1.634,1.986,2.332,2.684,N
0.952,1.64,1.98,2.334,N
0.668,1.356,1.7,2.052,V
0.948,2.334,2.682,3.034,N
1.982,2.332,2.684,3.382,N
1.64,1.986,2.332,2.684,N
1.3,1.648,1.986,2.332,N
0.256,0.956,1.3,3.03,N
1.306,2.684,3.034,3.382,N
1.658,2.334,2.684,3.036,N
1.982,2.332,2.684,3.036,N
1.634,1.982,2.332,2.684,N
1.98,2.332,2.684,3.036,N
1.628,1.982,2.332,2.686,N
1.986,2.338,2.684,3.036,N
1.992,2.334,2.684,3.03,N
1.986,2.334,2.682,3.034,N
1.306,1.99,2.332,2.684,N
1.65,1.986,2.332,2.682,N
1.65,1.992,2.332,2.682,N
1.304,1.656,1.988,2.332,N
1.986,2.338,2.682,3.034,N
1.308,1.652,2.002,2.684,N
1.306,1.656,2.334,2.682,N
1.308,1.988,2.332,2.684,N
1.648,1.982,2.334,2.682,N
1.65,2.334,2.684,3.03,N
1.656,1.992,2.332,2.682,N
1.656,1.988,2.332,2.684,N
1.308,1.652,1.986,2.334,N
1.308,1.652,1.996,2.334,N
1.308,1.658,2.334,2.684,N
1.308,1.986,2.332,2.684,N
1.634,1.982,2.332,2.684,N
1.634,1.982,2.334,2.684,N
1.634,1.982,2.334,2.686,N
1.986,2.684,3.036,3.382,N
1.304,2.338,2.686,3.034,N
1.986,2.338,2.682,3.034,N
1.988,2.332,2.684,3.034,N
1.988,2.334,2.684,3.034,N
1.986,2.332,2.684,3.034,N
0.956,1.304,1.988,2.332,N
1.648,1.986,2.332,2.684,N
1.304,1.648,1.986,2.332,N
1.304,1.982,2.332,2.682,N
1.636,1.982,2.332,2.682,N
1.986,2.332,2.684,3.034,N
1.304,1.986,2.334,2.684,N
1.99,2.332,2.684,3.036,N
1.986,2.332,2.684,3.034,N
1.986,2.334,2.684,3.034,N
1.64,1.992,2.332,2.684,N
1.65,1.982,2.332,2.684,N
1.304,1.636,1.982,2.334,N
1.298,1.64,1.988,2.332,N
1.296,1.642,1.982,2.334,N
1.29,1.63,1.982,2.332,N
0.948,1.284,1.634,1.982,N
1.288,1.634,1.982,2.332,N
1.634,1.982,2.682,3.034,N
1.634,2.332,2.684,3.034,N
1.286,1.982,2.332,2.684,N
1.63,1.98,2.332,3.006,N
1.694,2.044,2.716,3.068,N
1.66,2.332,2.684,3.036,N
1.982,2.332,2.686,3.36,N
1.63,1.98,2.334,3.012,N
1.692,2.04,2.716,3.068,N
1.66,2.332,2.684,3.036,N
1.98,2.332,2.684,3.038,N
1.98,2.332,2.686,3.036,N
1.982,2.34,2.684,3.034,N
1.63,1.988,2.332,2.682,N
1.98,2.332,2.684,3.036,N
1.98,2.334,2.684,3.036,N
1.634,1.986,2.334,2.684,N
1.982,2.332,2.684,3.036,N
1.634,1.98,2.334,2.684,N
1.63,1.982,2.332,2.684,N
1.982,2.332,2.684,3.034,N
1.634,1.982,2.334,2.684,N
1.986,2.332,2.684,3.036,N
1.982,2.332,2.686,3.034,N
2.334,2.682,3.036,3.386,N
0.948,2.332,2.686,3.036,N
1.98,2.334,2.684,3.038,N
1.982,2.332,2.69,3.036,N
1.63,1.98,2.338,2.686,N
1.634,1.996,2.338,2.65,N
2.36,2.686,3.278,3.71,N
1.304,1.634,2.004,2.334,N
1.628,1.988,2.338,3.006,N
1.344,1.708,2.056,2.726,V
1.98,2.34,2.69,3.036,N
1.628,2.122,2.684,3.036,N
1.77,2.332,2.686,3.036,N
1.98,2.334,2.684,3.036,N
1.982,2.332,2.684,3.036,N
1.982,2.332,2.684,3.036,N
1.63,1.98,2.332,2.684,N
1.628,1.98,2.332,2.684,N
1.63,1.982,2.332,2.684,N
1.63,1.98,2.334,2.684,N
1.986,2.338,2.686,3.038,N
1.982,2.334,2.686,3.036,N
1.628,1.98,2.332,2.684,N
1.98,2.332,2.686,3.042,N
1.98,2.334,2.686,3.038,N
1.98,2.334,2.686,3.036,N
1.628,1.982,2.334,2.684,N
1.628,1.98,2.332,2.686,N
1.628,1.98,2.332,2.686,N
1.626,1.98,2.332,2.69,N
1.628,1.98,2.332,2.686,N
1.628,1.98,2.332,2.686,N
1.628,1.98,2.334,2.686,N
1.628,1.98,2.332,2.69,N
1.628,1.98,2.338,2.69,N
1.628,1.986,2.338,2.692,N
1.634,1.988,2.34,2.686,N
1.634,1.988,2.332,2.684,N
1.634,1.98,2.332,2.684,N
1.628,1.98,2.332,2.686,N
1.628,1.98,2.334,2.684,N
1.276,1.628,1.982,2.332,N
1.276,1.63,1.98,2.32,N
1.278,1.628,1.972,2.552,N
1.276,1.62,2.2,2.684,N
1.264,1.846,2.332,2.86,N
0.918,1.502,1.982,2.508,N
1.63,2.156,2.7,3.388,N
1.804,2.344,3.036,3.394,N
1.988,2.684,3.042,3.388,N
1.64,2.332,2.69,3.036,N
1.98,2.338,2.684,3.036,N
1.99,2.334,2.686,3.048,N
1.98,2.332,2.692,3.05,N
1.98,2.334,2.69,3.05,N
1.98,2.334,2.69,3.058,N
1.626,1.98,2.334,2.692,N
1.626,1.98,2.334,2.684,N
1.98,2.332,2.69,3.042,N
1.98,2.338,2.686,3.042,N
1.626,1.982,2.332,2.686,N
1.978,2.332,2.686,3.042,N
1.626,1.98,2.334,2.686,N
1.628,1.98,2.332,2.686,N
1.628,1.98,2.334,2.686,N
1.628,1.98,2.334,2.686,N
1.628,1.98,2.332,2.686,N
1.628,1.98,2.332,2.684,N
1.628,1.98,2.332,2.686,N
1.628,1.98,2.332,2.69,N
1.98,2.338,2.684,3.036,N
1.63,1.99,2.332,2.686,N
1.636,1.98,2.332,2.684,N
1.628,1.98,2.332,2.686,N
1.628,1.98,2.332,2.684,N
1.628,1.98,2.332,2.684,N
1.63,1.982,2.332,2.686,N
1.98,2.332,2.684,3.036,N
1.628,1.982,2.332,2.686,N
1.63,1.98,2.338,2.684,N
1.628,1.982,2.332,2.684,N
1.634,1.98,2.334,2.686,N
1.628,1.98,2.334,2.684,N
1.63,1.986,2.332,2.686,N
1.634,1.98,2.334,2.686,N
1.628,1.982,2.332,2.686,N
1.628,1.98,2.332,2.686,N
1.628,1.98,2.334,2.686,N
1.628,1.982,2.334,2.686,N
1.63,1.982,2.334,2.69,N
1.63,1.982,2.338,2.684,N
1.278,1.634,1.988,2.334,N
1.276,1.63,1.98,2.334,N
1.276,1.626,1.978,2.332,N
1.27,1.622,1.98,2.332,N
0.916,1.27,1.626,1.98,N
1.27,1.626,1.98,3.044,N
0.918,1.274,1.628,1.986,N
1.274,1.982,2.334,2.686,N
1.98,2.332,2.686,3.038,N
1.628,1.98,2.332,2.686,N
1.628,1.98,2.332,2.69,N
1.628,1.98,2.338,3.042,N
1.628,1.986,2.686,3.038,N
1.63,2.332,2.684,3.036,N
1.98,2.332,2.684,3.036,N
1.98,2.332,2.684,3.036,N
1.98,2.332,2.686,3.036,N
1.982,2.334,2.684,3.036,N
1.982,2.332,2.684,3.036,N
1.98,2.332,2.684,3.036,N
1.628,1.98,2.332,2.684,N
1.628,1.98,2.332,2.686,N
1.276,1.628,1.98,2.334,N
1.276,1.628,1.982,2.338,N
1.276,1.628,1.986,2.332,N
1.276,1.63,1.98,2.334,N
1.276,1.628,1.98,2.334,N
1.628,1.98,2.332,2.69,N
1.628,1.98,2.338,2.686,N
1.628,1.986,2.338,2.69,N
0.924,1.982,2.334,2.686,N
1.276,1.628,1.98,2.332,N
1.628,1.98,2.332,2.686,N
1.628,1.98,2.334,2.686,N
1.628,1.982,2.334,2.69,N
1.63,1.982,2.338,2.692,N
1.628,1.98,2.338,2.686,N
1.63,1.986,2.334,2.69,N
1.634,1.98,2.334,2.686,N
1.628,1.982,2.332,2.686,N
1.628,1.98,2.332,2.684,N
1.982,2.332,2.684,3.038,N
1.98,2.332,2.686,3.042,N
1.628,1.98,2.332,2.69,N
1.628,1.98,2.338,2.686,N
1.63,1.986,2.334,2.684,N
1.634,1.982,2.332,2.684,N
1.63,1.98,2.332,2.684,N
1.98,2.334,2.686,3.038,N
1.982,2.334,2.69,3.038,N
1.634,1.982,2.338,2.69,N
1.636,1.992,2.344,2.686,N
2.0,2.334,2.684,3.036,N
1.982,2.332,2.684,3.036,N
1.982,2.332,2.684,3.036,N
1.634,1.982,2.332,2.684,N
1.634,1.982,2.334,2.684,N
1.986,2.334,2.686,3.036,N
1.986,2.338,2.686,3.036,N
2.0,2.338,2.69,3.036,N
1.652,1.99,2.34,2.684,N
1.988,2.332,2.684,3.036,N
1.642,1.98,2.334,2.684,N
1.298,1.63,1.986,2.334,N
1.344,1.696,2.048,2.744,N
1.306,1.656,2.334,2.706,N
1.98,2.34,2.684,3.386,N
1.63,2.002,2.334,2.69,N
1.65,1.982,2.338,2.684,N
1.63,1.986,2.332,2.684,N
1.636,1.982,2.332,2.684,N
1.982,2.332,2.684,3.03,N
1.982,2.334,2.682,3.034,N
1.992,2.332,2.684,3.03,N
1.65,2.332,2.682,3.03,N
1.992,2.332,2.684,3.034,N
1.65,1.982,2.332,2.684,N
1.634,1.98,2.332,2.684,N
1.628,1.98,2.332,2.684,N
1.978,2.332,2.684,3.036,N
1.98,2.332,2.684,3.036,N
1.626,1.98,2.332,2.684,N
1.628,1.98,2.332,2.684,N
1.628,1.98,2.332,2.684,N
1.278,1.63,1.98,2.332,N
1.278,1.63,1.98,2.332,N
1.63,1.982,2.332,2.684,N
1.98,2.332,2.684,3.036,N
0.938,1.982,2.332,2.684,N
1.634,1.98,2.332,2.684,N
1.982,2.332,2.684,3.036,N
1.634,1.982,2.332,2.684,N
1.284,1.982,2.334,2.684,N
1.982,2.332,2.686,4.09,N
1.98,2.334,3.74,4.09,N
0.596,1.988,2.682,3.39,N
0.252,0.604,1.306,2.334,N
1.978,2.332,2.686,3.388,N
1.622,2.332,2.684,3.036,N
1.274,1.982,2.334,2.684,N
0.922,1.63,1.982,2.332,N
0.57,0.924,1.278,1.98,N
0.574,0.93,1.63,1.982,N
0.248,0.948,4.084,4.416,N
0.252,0.604,3.03,3.386,N
2.684,3.036,3.388,4.432,N
3.036,3.388,3.738,4.086,N
2.686,3.388,3.738,4.086,N
2.334,2.684,3.036,3.388,N
2.334,2.684,3.036,3.388,N
2.332,2.684,3.036,3.388,N
1.98,2.332,2.684,3.036,N
1.98,2.332,2.684,3.036,N
1.63,1.982,2.334,2.684,N
1.282,1.986,2.334,2.684,N
0.932,2.332,2.686,3.386,N
0.592,1.986,2.338,3.036,N
0.25,0.6,2.684,3.036,N
1.3,2.334,2.684,3.036,N
1.986,2.332,2.684,3.034,N
1.982,2.332,2.684,3.036,N
0.254,0.606,1.982,2.332,N
1.304,2.684,3.036,3.382,N
0.604,0.956,2.334,2.684,N
0.954,1.982,2.332,2.684,N
0.956,1.986,2.334,3.036,N
0.302,1.696,2.73,3.772,N
1.304,2.334,2.684,3.034,N
0.956,1.988,2.334,2.684,N
0.956,1.648,1.988,2.334,N
0.608,1.306,2.334,2.684,N
0.956,1.304,1.986,2.332,N
1.306,2.332,2.684,3.034,N
0.956,2.334,2.684,3.036,N
0.956,1.986,2.334,2.686,N
0.956,2.34,2.684,3.036,N
0.606,1.304,2.332,2.684,N
0.954,1.982,2.338,2.684,N
1.306,1.988,2.332,2.684,N
1.65,1.986,2.334,2.686,N
1.304,1.988,2.338,2.684,N
1.992,2.334,2.684,3.034,N
1.65,2.332,2.684,3.036,N
1.306,1.986,2.332,2.684,N
1.982,2.332,2.69,3.39,N
1.63,1.98,2.338,3.038,N
1.986,2.69,3.036,3.388,N
1.634,2.338,2.684,3.036,N
1.282,1.986,2.332,2.684,N
1.98,2.332,2.686,3.036,N
1.982,2.334,2.684,3.042,N
1.986,2.334,2.694,2.994,N
1.636,1.986,2.348,2.646,N
1.696,2.052,2.356,2.728,N
1.95,2.334,2.692,3.038,N
1.98,2.334,2.684,3.036,N
1.986,2.332,2.684,3.036,N
1.982,2.334,2.684,3.036,N
1.986,2.332,2.684,3.036,N
1.982,2.334,2.684,3.034,N
1.634,1.982,2.332,2.684,N
1.986,2.332,2.684,3.036,N
1.98,2.332,2.684,3.036,N
1.628,1.982,2.332,2.684,N
1.63,1.982,2.332,2.684,N
1.63,1.98,2.332,2.684,N
1.982,2.332,2.684,3.036,N
1.634,1.982,2.332,2.686,N
1.634,1.982,2.334,2.684,N
1.634,1.986,2.334,2.686,N
1.98,2.332,2.684,3.036,N
1.628,1.98,2.332,2.684,N
1.628,1.98,2.332,2.684,N
1.63,1.98,2.332,2.686,N
1.63,1.982,2.334,2.686,N
1.982,2.334,2.684,3.036,N
1.636,1.986,2.334,2.684,N
1.63,1.98,2.332,2.69,N
1.276,1.628,1.978,2.332,N
1.626,1.98,2.332,2.686,N
1.626,1.98,2.332,2.686,N
1.626,1.98,2.332,2.684,N
1.98,2.332,2.684,3.038,N
1.626,1.98,2.332,2.686,N
1.628,1.98,2.334,2.686,N
1.628,1.98,2.334,2.686,N
1.63,1.986,2.334,2.686,N
1.63,1.982,2.334,2.686,N
1.63,1.98,2.334,2.686,N
1.63,1.982,2.338,2.684,N
1.986,2.334,2.686,3.038,N
1.634,1.982,2.334,2.686,N
1.63,1.98,2.332,2.684,N
1.982,2.334,2.686,3.046,N
1.628,1.98,2.334,2.692,N
1.628,1.982,2.338,2.686,N
1.63,1.986,2.334,2.69,N
1.634,1.982,2.338,2.686,N
1.628,1.982,2.332,2.686,N
1.628,1.98,2.332,2.69,N
1.276,1.628,1.98,2.334,N
1.274,1.628,1.982,2.332,N
1.276,1.628,1.98,2.334,N
1.276,1.628,1.98,2.334,N
1.628,1.98,2.334,2.69,N
1.628,1.982,2.334,2.686,N
1.628,1.98,2.334,2.69,N
1.276,1.628,1.98,2.332,N
1.626,1.98,2.334,2.696,N
1.27,1.626,1.98,2.334,N
1.27,1.626,1.98,2.334,N
1.274,1.628,1.98,2.338,N
1.276,1.628,1.982,2.334,N
1.274,1.628,1.98,2.34,N
1.276,1.628,1.986,2.34,N
1.628,1.982,2.334,2.686,N
1.628,1.98,2.332,2.69,N
1.98,2.334,2.7,3.412,N
1.626,1.98,2.338,2.69,N
1.98,2.334,2.69,3.418,N
1.628,1.98,2.332,2.694,N
1.978,2.332,2.692,3.058,N
1.622,1.98,2.334,2.692,N
1.98,2.334,2.69,3.058,N
1.628,1.98,2.332,2.69,N
1.978,2.332,2.69,3.042,N
1.622,1.98,2.332,2.686,N
1.98,2.332,2.694,3.064,N
1.626,1.98,2.334,2.706,N
1.626,1.98,2.34,2.692,N
1.986,2.338,2.692,3.044,N
1.982,2.338,2.69,3.058,N
1.626,1.98,2.332,2.69,N
1.628,1.978,2.334,2.694,N
1.622,1.98,2.334,2.69,N
1.626,1.98,2.332,2.69,N
1.626,1.98,2.334,2.69,N
1.626,1.98,2.332,2.69,N
1.628,1.98,2.332,2.692,N
1.626,1.978,2.334,2.698,N
1.622,1.98,2.334,2.698,N
1.626,1.98,2.338,2.696,N
1.98,2.334,2.69,3.064,N
1.626,1.98,2.332,2.696,N
1.622,1.978,2.334,2.7,N
1.978,2.334,2.698,3.06,N
1.622,1.98,2.334,2.692,N
1.626,1.98,2.338,2.704,N
1.626,1.98,2.334,2.7,N
1.622,1.978,2.332,2.692,N
1.978,2.334,2.692,3.058,N
1.622,1.98,2.334,2.692,N
1.626,1.98,2.334,2.7,N
1.626,1.98,2.338,2.69,N
1.626,1.98,2.332,2.69,N
1.626,1.98,2.332,2.69,N
1.626,1.98,2.332,2.686,N
1.626,1.98,2.332,2.684,N
1.628,1.98,2.332,2.684,N
1.628,1.98,2.332,2.686,N
1.98,2.332,2.684,3.038,N
1.628,1.982,2.332,2.69,N
1.628,1.98,2.332,2.684,N
1.628,1.98,2.332,2.684,N
1.628,1.98,2.332,2.686,N
1.628,1.98,2.334,2.686,N
1.628,1.98,2.334,2.686,N
1.276,1.628,1.982,2.334,N
1.628,1.98,2.332,2.69,N
1.628,1.98,2.334,2.686,N
1.274,1.628,1.98,2.332,N
1.274,1.628,1.98,2.334,N
1.276,1.628,1.982,2.332,N
0.99,1.342,1.696,2.046,N
0.93,1.284,1.642,2.334,N
0.572,0.924,1.276,1.978,N
0.922,1.626,1.98,2.334,N
1.268,1.626,1.98,2.332,V
1.628,1.98,2.334,2.686,N
1.628,1.98,2.332,2.686,N
1.274,1.98,2.332,3.412,N
1.98,2.334,2.69,3.052,N
2.334,2.694,3.052,3.416,N
2.334,2.69,3.052,3.418,N
2.332,2.69,3.058,3.418,N
1.978,2.332,2.69,3.058,N
1.978,2.332,2.694,3.048,N
1.62,1.98,2.334,2.686,N
1.622,1.98,2.332,2.69,N
1.98,2.334,2.692,3.058,N
1.626,1.98,2.332,2.69,N
1.98,2.332,2.69,3.06,N
1.622,1.978,2.334,2.694,N
1.622,1.98,2.334,2.698,N
1.622,1.98,2.334,2.706,N
1.622,1.98,2.338,2.698,N
1.626,1.98,2.334,2.694,N
1.626,1.98,2.332,3.066,N
1.7,2.052,2.786,3.144,N
1.62,2.338,2.706,3.064,N
1.98,2.334,2.692,3.064,N
1.98,2.334,2.706,3.066,N
1.978,2.338,2.696,3.064,V
1.98,2.332,2.694,3.064,N
1.978,2.332,2.696,3.06,N
1.978,2.332,2.69,3.056,N
1.626,1.98,2.334,2.694,N
1.626,1.98,2.332,2.692,N
1.622,1.978,2.334,2.696,N
1.98,2.334,2.698,3.066,N
1.622,1.98,2.334,2.708,N
1.622,1.98,2.34,2.698,N
1.626,1.982,2.338,3.058,N
1.626,1.98,2.332,2.69,N
1.622,1.978,2.332,2.692,N
1.978,2.334,2.694,3.044,N
1.98,2.334,2.686,3.056,N
1.626,1.98,2.332,2.69,N
1.626,1.98,2.334,2.692,N
1.626,1.98,2.334,2.692,N
1.628,1.98,2.338,2.698,N
1.628,1.98,2.338,2.692,N
1.628,1.986,2.338,2.692,N
1.628,1.982,2.334,2.69,N
1.626,1.98,2.332,2.69,N
1.978,2.332,2.69,3.05,N
1.98,2.334,2.692,3.058,N
1.626,1.98,2.334,2.692,N
1.626,1.98,2.334,2.69,N
1.626,1.98,2.332,2.69,N
1.628,1.98,2.334,2.686,N
1.628,1.982,2.334,2.69,N
1.628,1.98,2.334,2.686,N
1.98,2.332,2.684,3.038,N
1.628,1.98,2.332,2.686,N
1.626,1.98,2.332,2.686,N
1.626,1.98,2.332,2.686,N
1.628,1.98,2.334,2.69,N
1.98,2.332,2.686,3.044,N
1.628,1.98,2.332,2.69,N
1.628,1.98,2.334,2.686,N
1.628,1.98,2.332,2.69,N
1.628,1.98,2.332,2.69,N
1.626,1.98,2.338,2.684,N
1.628,1.982,2.332,2.69,N
1.628,1.98,2.334,2.686,N
1.622,1.98,2.332,2.686,N
1.628,1.98,2.332,2.69,N
1.626,1.98,2.332,2.69,N
1.98,2.334,2.686,3.042,N
1.628,1.982,2.334,2.69,N
1.628,1.98,2.332,2.686,N
1.626,1.98,2.332,2.686,N
1.626,1.98,2.334,2.686,N
1.628,1.98,2.334,2.686,N
1.628,1.98,2.334,2.686,N
1.628,1.98,2.332,2.684,N
1.628,1.98,2.332,2.684,N
1.63,1.982,2.332,2.684,N
1.63,1.98,2.332,2.684,N
1.98,2.332,2.684,3.038,N
1.628,1.98,2.332,2.686,N
1.628,1.98,2.334,2.684,N
1.63,1.982,2.332,2.684,N
1.63,1.98,2.332,2.684,N
1.63,1.986,2.332,2.684,N
1.634,1.982,2.332,2.686,N
1.98,2.334,2.69,3.038,N
1.628,1.98,2.334,2.686,N
1.628,1.98,2.332,2.684,N
1.628,1.98,2.332,2.686,N
1.628,1.98,2.332,2.686,N
1.98,2.332,2.684,3.042,N
1.628,1.98,2.332,2.686,N
1.626,1.98,2.332,2.686,N
1.628,1.98,2.334,2.692,N
1.622,1.978,2.332,2.69,N
1.262,1.62,1.974,2.332,N
0.892,1.248,1.608,1.974,N
0.886,1.24,1.6,1.974,N
0.858,1.232,1.59,2.334,N
0.56,0.922,1.278,2.794,N
0.462,0.82,2.334,2.786,N
0.388,1.132,1.904,2.34,N
0.676,1.446,1.886,2.788,N
2.084,2.818,3.174,4.61,N
1.622,2.34,2.712,3.068,N
1.244,1.98,2.334,4.72,N
1.626,1.978,2.334,3.42,N
1.626,1.98,2.334,3.066,N
1.626,1.98,2.338,2.706,N
1.626,1.98,2.338,3.418,N
1.626,1.982,2.698,3.418,N
0.184,1.628,2.334,2.694,N
1.628,1.98,2.334,2.69,N
1.98,2.334,2.686,3.042,N
1.628,1.98,2.332,2.69,N
1.628,1.98,2.334,2.686,N
1.276,1.628,1.982,2.334,N
1.276,1.63,1.982,2.334,N
1.276,1.628,1.98,2.332,N
1.276,1.628,1.98,2.332,N
1.628,1.98,2.334,2.69,N
1.626,1.98,2.334,2.692,N
1.27,1.626,1.98,2.334,N
1.27,1.626,1.98,2.332,N
1.978,2.332,2.686,3.042,N
1.98,2.332,2.684,3.036,N
1.628,1.98,2.332,2.684,N
1.98,2.332,2.684,3.038,N
1.628,1.98,2.332,2.684,N
1.628,1.98,2.332,2.684,N
1.276,1.628,1.98,2.332,N
1.276,1.628,1.98,2.332,N
0.924,1.276,1.628,1.982,N
0.924,1.276,1.628,1.98,N
0.924,1.276,1.628,1.98,N
1.274,1.628,1.98,2.338,N
1.276,1.628,1.986,2.69,N
1.028,1.732,2.088,2.788,N
1.278,1.63,2.334,2.69,N
0.924,1.276,1.98,2.334,N
1.63,1.986,2.332,2.684,N
1.278,1.634,1.98,2.332,N
0.228,0.93,1.63,2.334,N
0.228,0.574,1.276,3.042,N
0.22,0.572,0.924,2.334,N
0.22,1.628,1.98,2.684,N
1.982,2.332,2.684,3.036,N
0.248,1.98,2.332,2.684,N
1.628,1.98,2.332,4.434,N
1.276,1.628,1.98,3.036,N
2.332,2.684,3.386,3.734,N
1.982,2.338,3.036,3.386,N
2.332,2.684,3.036,3.738,N
2.334,3.036,3.388,4.086,N
1.982,2.332,2.684,3.036,N
1.63,2.334,2.684,3.036,N
1.282,1.982,2.334,2.684,N
1.982,2.332,2.684,3.036,N
1.982,2.332,2.684,3.74,N
2.332,2.686,3.036,3.388,N
2.334,2.684,3.036,3.388,N
2.334,2.686,3.038,3.39,N
2.334,2.686,3.038,3.394,N
1.98,2.332,2.686,3.042,N
1.98,2.332,2.686,3.038,N
2.334,2.686,3.038,3.39,N
1.628,1.98,2.332,2.684,N
1.98,2.332,2.684,3.036,N
1.628,1.98,2.332,2.684,N
1.628,1.98,2.332,2.684,N
1.63,1.98,2.332,2.684,N
1.98,2.332,2.684,3.038,N
1.98,2.332,2.686,3.036,N
1.982,2.334,2.684,3.042,N
1.63,1.986,2.334,2.69,N
1.63,1.98,2.334,2.686,N
1.626,1.98,2.332,2.686,N
1.626,1.98,2.332,2.686,N
1.626,1.98,2.334,2.686,N
1.628,1.98,2.332,2.686,N
1.628,1.98,2.332,2.686,N
1.626,1.98,2.332,2.69,N
1.274,1.628,1.98,2.334,N
1.626,1.98,2.332,2.692,N
1.628,1.98,2.338,2.69,N
1.628,1.986,2.338,2.69,N
1.63,1.982,2.334,2.686,N
1.628,1.98,2.332,2.686,N
1.628,1.98,2.332,2.686,N
1.98,2.334,2.686,3.042,N
1.628,1.982,2.334,2.69,N
1.628,1.98,2.334,2.684,N
1.63,1.986,2.334,2.686,N
1.63,1.98,2.332,2.684,N
1.628,1.98,2.332,2.684,N
1.63,1.98,2.332,2.684,N
1.63,1.98,2.332,2.684,N
0.926,1.63,1.98,2.332,N
1.278,1.63,1.982,2.332,N
1.278,1.63,1.98,2.332,N
1.278,1.63,1.98,2.684,N
1.282,1.634,2.332,2.684,N
1.988,2.332,2.684,3.036,N
1.982,2.332,2.684,3.036,N
1.982,2.332,2.684,3.036,N
1.98,2.332,2.684,3.036,N
1.628,1.98,2.332,2.684,N
1.98,2.332,2.684,3.036,N
1.628,1.98,2.332,2.684,N
1.276,1.628,1.98,2.332,N
1.628,1.98,2.332,2.686,N
1.628,1.98,2.334,2.686,N
1.278,1.63,1.986,2.684,N
1.63,1.982,2.332,2.684,N
0.578,1.982,2.332,2.684,N
1.63,1.98,2.332,2.684,N
1.98,2.332,2.684,3.364,N
1.634,1.982,2.332,3.02,N
1.7,2.048,2.726,3.424,N
1.31,2.338,3.036,3.388,N
1.986,2.684,3.038,3.388,N
1.636,2.334,2.686,3.036,N
1.282,1.98,2.332,2.684,N
1.628,1.98,2.332,2.684,N
1.98,2.332,2.684,3.036,N
1.98,2.332,2.686,3.036,N
1.982,2.334,2.684,3.034,N
2.332,2.684,3.03,3.386,N
0.594,2.332,2.682,3.036,N
0.248,0.592,1.982,2.332,N
0.952,1.63,1.98,2.332,N
0.638,1.67,2.018,2.716,N
0.954,1.298,2.332,2.684,N
0.604,0.948,1.98,2.332,N
0.948,1.628,1.978,2.332,N
1.626,1.98,2.332,2.69,N
1.98,2.334,3.036,3.39,N
1.982,2.684,3.038,3.74,N
1.628,2.332,2.684,3.036,N
1.98,2.332,2.684,3.036,N
1.98,2.332,2.684,3.036,N
1.98,2.332,2.684,3.036,N
1.628,1.98,2.332,2.684,N
1.634,1.982,2.332,2.684,N
1.628,1.98,2.332,2.684,N
1.628,1.98,2.332,2.686,N
1.276,1.628,1.98,2.332,N
0.924,1.276,1.628,1.98,N
1.274,1.628,1.98,2.332,N
1.628,1.98,2.332,2.684,N
1.626,1.98,2.332,2.686,N
1.626,1.98,2.332,2.684,N
1.626,1.98,2.332,2.684,N
1.276,1.628,1.98,2.332,N
1.628,1.98,2.332,2.686,N
1.276,1.628,1.98,2.332,N
1.276,1.628,1.98,2.332,N
1.274,1.628,1.98,2.332,N
1.276,1.628,1.98,2.332,N
1.628,1.98,2.332,2.692,N
1.626,1.98,2.334,2.684,N
1.626,1.98,2.332,2.686,N
1.628,1.98,2.332,2.686,N
1.626,1.98,2.332,2.684,N
1.628,1.98,2.332,2.686,N
1.274,1.626,1.978,2.332,N
0.918,1.622,1.98,2.334,N
1.27,1.626,1.98,2.334,N
1.626,1.98,2.332,2.686,N
1.626,1.978,2.332,2.686,N
1.622,1.978,2.332,2.684,N
1.626,1.978,2.332,2.694,N
1.622,1.978,2.332,2.686,N
1.98,2.332,2.69,3.77,N
1.628,1.98,2.334,2.692,N
1.626,1.98,2.334,2.686,N
1.626,1.98,2.332,2.686,N
1.622,1.978,2.332,2.69,N
1.622,1.978,2.332,2.686,N
1.622,1.978,2.332,2.686,N
1.626,1.978,2.332,2.686,N
1.268,1.978,2.332,2.684,N
1.622,1.978,2.332,2.686,N
1.622,1.978,2.332,2.686,N
1.622,1.978,2.332,2.686,N
1.626,1.98,2.332,2.69,N
1.622,1.978,2.332,2.684,N
1.626,1.98,2.332,2.69,N
1.626,1.978,2.332,2.69,N
1.268,1.978,2.332,2.69,N
1.622,1.978,2.332,2.69,N
1.978,2.332,2.692,3.064,N
1.26,1.978,2.332,2.694,N
0.892,1.978,2.334,2.686,N
1.622,1.98,2.69,3.42,N
0.892,1.622,2.332,2.686,N
1.978,2.332,2.69,3.418,N
1.62,1.978,2.332,2.69,N
1.98,2.332,2.69,3.42,N
1.622,1.978,2.332,2.69,N
1.252,1.978,2.332,2.69,N
1.616,1.978,2.332,2.69,N
1.246,1.978,2.332,2.692,N
1.246,1.978,2.332,2.696,N
0.888,1.246,1.978,2.332,N
1.248,1.62,1.978,2.332,N
1.246,1.62,1.978,2.332,N
1.248,1.974,2.332,3.418,N
0.534,0.888,1.974,2.332,N
1.246,1.978,2.332,2.692,N
1.246,1.978,2.332,2.69,N
1.62,1.978,2.332,2.686,N
1.62,1.978,2.332,2.69,N
0.894,1.978,2.332,3.772,N
0.892,1.978,2.334,2.686,N
1.98,2.332,2.69,3.058,N
1.626,1.978,2.332,2.69,N
0.54,1.622,1.978,2.332,N
1.268,1.622,1.98,2.332,N
1.27,1.626,1.98,2.332,N
1.626,1.98,2.332,2.684,N
1.628,1.98,2.332,2.686,N
1.628,1.98,2.332,2.686,N
1.628,1.98,2.332,2.686,N
1.628,1.98,2.334,3.036,N
1.63,1.982,2.684,3.038,N
0.924,1.278,1.63,2.332,N
1.628,1.98,2.332,2.684,N
1.276,1.628,1.98,2.332,N
1.628,1.98,2.332,2.684,N
1.276,1.628,1.98,2.332,N
1.276,1.628,1.98,2.332,N
1.276,1.628,1.98,2.332,N
1.276,1.628,1.98,2.332,N
0.922,1.628,1.98,2.332,N
0.922,1.626,1.978,2.332,N
0.57,1.274,1.626,1.98,N
1.27,1.626,1.978,2.332,N
1.98,2.332,2.686,3.044,N
1.978,2.332,2.686,3.772,N
1.978,2.332,2.69,3.418,N
1.978,2.332,2.686,3.058,N
1.98,2.332,2.696,3.77,N
1.978,2.334,2.69,3.044,N
1.626,1.98,2.334,2.69,N
1.628,1.98,2.334,2.692,N
1.626,1.98,2.332,2.69,N
1.622,1.978,2.332,2.692,N
2.332,2.696,3.066,3.422,N
1.618,1.978,2.332,3.066,N
1.62,1.978,2.332,2.704,N
1.622,1.978,2.334,2.69,N
1.268,1.626,1.98,2.332,N
1.628,1.98,2.334,2.686,N
1.626,1.98,2.332,2.684,N
1.626,1.978,2.332,2.686,N
1.622,1.978,2.332,2.684,N
1.626,1.98,2.332,2.684,N
1.626,1.978,2.332,2.684,N
1.622,1.978,2.332,2.684,N
1.626,1.978,2.332,2.684,N
1.626,1.98,2.332,2.684,N
1.626,1.98,2.332,2.684,N
1.626,1.978,2.332,2.684,N
1.98,2.332,2.684,3.038,N
1.626,1.978,2.332,2.684,N
1.626,1.98,2.332,2.684,N
1.628,1.98,2.332,2.684,N
1.626,1.98,2.332,2.684,N
1.626,1.98,2.332,2.686,N
1.274,1.628,1.98,2.334,N
1.274,1.628,1.98,2.332,N
1.628,1.978,2.332,2.684,N
1.274,1.626,1.98,2.332,N
1.626,1.98,2.332,2.684,N
1.626,1.98,2.332,2.684,N
1.626,1.98,2.332,2.69,N
1.626,1.98,2.334,2.686,N
1.274,1.626,1.98,2.332,N
0.918,1.27,1.628,1.978,N
1.274,1.978,2.332,2.686,N
1.622,1.98,2.332,2.686,N
1.622,1.978,2.332,2.69,N
1.27,1.622,1.978,2.332,N
1.622,1.98,3.064,3.772,N
2.7,3.42,3.776,4.128,N
0.892,1.622,1.978,2.332,N
0.536,0.892,1.978,2.332,N
1.62,1.974,2.332,2.686,N
1.978,2.332,2.69,3.42,N
1.978,2.332,2.686,3.064,N
1.622,1.978,2.332,3.418,N
0.892,1.974,2.334,2.69,N
0.896,1.62,1.98,2.334,N
0.894,1.626,1.978,2.332,N
1.268,1.622,1.978,2.332,N
0.536,1.622,1.978,2.332,N
1.622,1.978,2.332,2.696,N
0.892,1.248,1.978,2.332,N
0.89,1.246,1.978,2.334,N
0.888,1.616,1.978,2.334,N
1.974,2.334,3.068,3.426,N
0.888,1.98,2.712,3.072,N
1.62,2.332,2.704,3.072,N
1.974,2.332,2.712,3.072,N
1.972,2.332,3.068,3.73,N
1.596,1.974,2.332,3.066,N
0.874,1.238,1.978,2.334,N
1.24,1.612,1.978,2.332,N
0.572,1.312,2.044,2.332,N
0.892,1.626,2.332,2.714,N
1.964,2.334,2.69,3.066,N
1.596,1.978,2.332,3.066,N
1.238,1.972,2.332,2.692,N
1.6,1.974,2.332,2.69,N
1.242,1.978,2.332,2.692,N
1.978,2.332,2.696,3.036,N
1.978,2.332,2.678,2.998,N
1.276,1.634,2.008,2.334,N
1.312,2.014,2.334,2.756,N
1.254,1.592,1.912,2.332,N
2.012,2.332,2.72,3.08,N
1.946,2.332,2.694,3.068,N
1.974,2.332,2.696,3.068,N
1.604,1.974,2.332,2.704,N
1.6,1.974,2.332,2.69,N
1.612,1.978,2.332,2.704,N
1.608,1.972,2.332,2.694,N
1.596,1.974,2.332,2.694,N
1.598,1.974,2.332,2.694,N
1.974,2.332,2.704,3.068,N
1.596,1.972,2.332,2.704,N
1.596,1.974,2.332,3.056,N
1.636,2.012,2.722,3.096,N
1.246,1.622,1.944,2.332,N
1.246,1.974,2.332,2.7,N
1.596,1.97,2.332,2.706,N
1.592,1.966,2.332,2.708,N
1.594,1.97,2.332,3.068,V
1.664,2.044,2.332,3.14,N
1.606,1.908,2.332,2.714,N
0.86,1.238,1.968,2.332,N
1.59,2.332,2.714,3.074,N
1.59,1.964,2.332,2.712,N
1.59,1.96,2.332,2.712,N
1.21,1.59,1.96,2.332,N
1.59,1.964,2.332,2.714,N
1.212,1.59,1.958,2.332,N
1.59,1.972,2.332,2.714,N
1.592,2.332,2.714,3.074,N
1.59,1.966,2.332,2.712,N
0.468,0.85,1.59,2.332,N
1.59,1.952,2.332,2.712,N
1.208,1.59,2.332,2.714,N
1.208,1.59,1.964,2.332,N
1.628,2.008,2.722,3.104,N
1.238,2.332,2.714,3.074,N
1.238,1.96,2.332,2.712,N
1.274,1.636,2.332,2.756,N
0.852,1.912,2.332,3.078,N
1.548,1.968,2.332,2.714,N
1.59,1.95,2.332,2.654,N
1.27,1.628,2.012,2.332,N
1.59,1.912,2.332,2.716,N
1.21,2.332,2.712,3.812,N
0.85,1.168,1.59,2.332,N
0.468,1.592,2.332,3.072,N
1.592,1.972,2.332,2.712,N
1.592,2.332,2.712,3.072,V
1.592,1.968,2.332,3.072,N
1.592,1.972,2.332,3.072,N
0.852,1.592,2.332,3.072,N
0.852,1.592,2.332,3.072,N
0.856,1.594,1.974,2.332,N
0.856,1.594,2.332,3.074,N
0.852,1.592,2.332,3.454,N
0.852,1.59,2.332,3.074,N
0.852,2.332,2.714,4.548,N
0.85,1.59,2.332,2.714,N
0.478,1.594,1.974,2.714,N
1.594,1.974,2.332,3.072,N
0.852,1.594,1.972,2.332,N
0.856,1.592,2.332,3.426,N
0.852,1.59,1.96,2.332,N
0.924,1.664,2.756,3.14,N
0.5,1.24,2.332,2.718,N
0.498,0.858,1.238,1.952,N
0.5,1.592,1.978,2.716,N
0.498,1.21,2.334,3.072,N
1.592,1.974,2.332,3.072,N
0.472,1.596,2.332,2.712,N
2.332,2.716,3.446,3.808,N
1.974,2.716,3.074,3.808,N
0.498,1.592,1.978,2.708,N
1.978,2.338,2.714,3.072,N
0.852,1.238,1.97,2.332,N
1.238,1.598,1.974,2.332,N
0.5,1.232,1.594,2.332,N
0.86,1.238,1.592,2.332,N
0.856,1.234,1.972,2.332,N
0.498,0.852,1.592,2.332,N
1.234,1.594,1.974,2.332,N
0.852,1.594,2.332,3.072,N
0.496,1.592,2.332,3.07,N
0.856,1.592,2.332,3.07,N
0.498,0.852,1.592,2.332,N
0.118,1.592,2.332,2.714,N
0.852,1.592,2.332,3.072,N
0.116,1.592,1.972,3.07,N
0.116,0.852,1.234,2.332,N
0.116,0.852,2.332,2.714,N
1.204,1.914,2.334,3.462,N
0.082,1.59,2.72,4.584,N
0.468,1.592,2.332,2.716,N
0.468,1.59,2.332,2.714,V
0.11,0.468,1.59,2.332,N
0.11,2.332,2.714,4.582,N
0.464,1.59,2.716,4.584,N
1.59,2.334,2.716,3.456,N
1.208,1.59,2.332,2.716,N
0.464,1.586,2.332,2.716,N
0.464,1.204,2.716,4.582,N
0.462,0.82,2.332,2.712,N
1.59,2.332,2.716,3.46,N
0.076,1.59,2.334,4.584,N
0.464,0.846,1.208,1.592,N
0.464,1.212,2.332,2.716,N
0.082,0.462,1.59,2.332,N
0.462,1.204,2.332,2.716,N
0.08,1.202,2.332,2.716,N
0.82,1.204,2.332,2.716,N
1.204,1.59,2.332,2.714,N
1.204,1.59,2.332,2.714,N
0.076,1.208,2.332,2.716,N
0.078,0.462,2.332,2.716,N
0.072,0.46,1.204,2.332,N
0.076,1.59,2.332,2.716,N
0.072,1.204,2.332,2.716,N
0.82,1.202,2.332,2.716,N
3.49,3.982,4.26,4.628,N
3.212,3.596,3.88,4.158,N
2.826,3.21,3.496,3.772,N
2.44,2.824,3.108,3.386,N
2.052,2.58,2.998,4.158,N
1.586,1.98,2.334,2.612,N
1.2,1.592,1.948,2.224,N
0.814,1.208,1.572,1.956,N
0.538,0.922,1.204,1.576,N
0.534,0.82,1.098,1.974,N
0.434,0.71,1.59,1.87,N
3.352,3.952,4.444,4.722,N
3.242,3.566,4.06,4.336,N
2.858,3.206,3.594,3.96,N
2.224,2.822,3.206,3.588,N
1.838,2.436,2.932,3.206,N
1.728,2.052,2.544,2.822,N
1.666,2.158,2.436,3.09,N
1.284,1.774,2.048,2.706,N
1.388,1.664,2.326,3.388,N
0.918,1.282,1.944,3.0,N
0.908,1.562,2.612,2.926,N
0.528,1.174,2.228,3.174,N
1.842,2.788,3.46,4.408,N
2.404,3.074,4.024,4.306,N
1.098,2.04,2.612,3.102,N
1.658,2.224,2.716,3.28,N
0.328,1.274,1.84,2.896,N
1.562,2.508,2.792,3.078,N
1.098,2.128,2.414,2.708,N
1.202,1.766,2.044,2.326,N
1.38,1.658,1.942,3.144,N
