0.574,0.562,0.538,0.564,0.572,1.134,N
1.146,2.256,0.538,0.568,0.56,0.58,N
0.57,1.142,0.526,0.578,0.562,0.582,N
1.148,0.518,0.578,0.562,0.582,0.574,N
1.152,0.518,0.576,0.562,0.582,0.574,N
0.518,0.574,0.56,0.586,0.57,0.572,N
0.558,0.586,0.56,0.574,0.576,0.572,N
0.584,0.556,0.57,0.574,0.572,0.568,N
0.566,0.562,0.566,0.572,0.57,0.58,N
0.56,0.56,0.57,0.57,0.578,0.558,N
0.558,0.568,0.566,0.578,0.562,0.594,N
0.6,0.552,0.58,0.572,0.562,0.566,N
0.558,0.586,0.57,0.552,0.57,1.156,N
0.588,0.578,0.542,0.566,1.156,0.546,N
0.582,0.546,0.566,1.702,0.582,0.576,N
0.55,0.558,1.704,0.582,0.576,0.578,N
0.558,0.57,1.118,0.58,0.576,0.58,N
0.576,1.124,0.58,0.576,0.576,0.574,N
0.534,0.58,0.572,0.576,0.574,0.576,N
0.586,0.568,0.582,0.564,0.582,0.564,N
0.582,0.552,3.992,0.574,0.556,0.566,N
0.62,0.536,3.416,0.552,0.572,0.586,N
0.548,3.414,0.552,0.574,0.58,0.572,N
2.282,0.53,0.574,0.592,0.56,0.578,N
0.57,1.718,0.526,0.572,1.154,0.578,N
0.576,0.524,0.57,1.152,0.578,0.574,N
0.528,0.57,1.148,0.578,0.574,0.572,N
0.578,1.138,0.576,0.576,0.57,0.574,N
0.598,0.534,0.572,0.576,0.57,0.574,N
0.542,0.57,0.572,0.566,0.576,0.568,N
0.574,0.568,0.56,0.574,0.568,0.582,N
0.582,0.574,0.55,0.57,1.148,0.572,N
0.58,0.55,0.57,1.14,0.572,0.572,N
0.558,0.57,1.14,0.568,0.574,0.568,N
0.562,0.584,0.56,0.574,0.568,0.542,N
0.59,0.542,0.578,0.552,0.56,0.596,N
0.552,0.576,0.54,0.562,0.594,0.576,N
0.564,0.58,0.566,0.566,0.57,0.584,N
0.588,0.56,0.562,0.57,0.584,0.566,N
0.564,0.558,0.57,0.582,0.568,0.584,N
0.578,1.162,1.112,0.552,1.76,0.592,N
0.568,0.596,1.124,0.544,1.764,1.728,N
0.608,0.594,0.594,1.136,3.448,0.592,N
0.6,0.594,1.14,3.446,0.59,0.582,N
0.596,0.574,0.57,3.446,0.586,0.582,N
0.572,0.58,2.864,0.584,0.58,0.602,N
0.582,2.864,0.584,0.582,0.602,0.556,N
2.862,0.586,0.584,0.602,0.556,0.576,N
2.276,0.58,0.578,0.602,0.558,0.578,N
0.58,0.574,0.592,0.564,0.58,0.576,N
0.574,0.59,0.562,0.578,0.576,0.572,N
0.584,0.56,0.576,0.576,0.574,0.578,N
0.588,0.554,0.574,0.574,0.574,0.578,N
0.556,0.572,0.572,0.572,0.578,0.576,N
0.578,0.566,0.568,0.578,0.576,0.574,N
0.566,0.566,0.576,0.574,0.574,0.572,N
0.568,0.574,0.572,0.572,0.572,0.582,N
0.58,0.582,0.564,0.566,0.574,0.578,N
0.588,0.564,0.562,0.57,0.578,1.724,N
0.572,0.562,0.568,0.576,1.722,0.58,N
0.568,0.572,0.57,1.722,0.578,0.564,N
0.568,0.58,0.566,1.72,0.574,0.564,N
0.564,0.588,0.562,1.722,0.566,2.288,N
0.566,0.582,1.15,0.556,2.288,0.584,N
0.572,0.58,0.574,0.588,0.552,2.282,N
0.582,0.572,0.592,0.556,2.276,0.584,N
1.144,1.178,0.554,2.326,0.57,0.59,N
1.154,1.178,2.876,0.57,0.588,0.562,N
2.88,0.568,0.59,0.56,0.55,1.16,N
1.14,0.566,0.588,0.558,1.716,0.6,N
0.584,1.146,0.56,0.588,0.554,1.72,N
0.592,0.56,0.586,0.55,0.594,0.552,N
0.568,0.582,0.566,0.59,0.554,0.546,N
0.564,0.58,1.158,0.574,1.164,0.574,N
0.584,0.596,0.57,1.142,0.58,1.174,N
0.586,0.594,0.576,1.142,0.576,2.306,N
0.59,0.58,0.582,1.14,2.862,0.584,N
0.586,0.574,0.57,2.858,0.58,0.578,N
0.578,0.572,2.856,0.58,0.576,0.578,N
0.578,0.58,0.594,1.68,1.734,0.582,N
0.58,0.594,1.674,1.738,0.582,0.584,N
0.6,0.556,1.124,2.312,0.578,0.58,N
0.558,1.128,2.31,0.576,0.58,0.57,N
1.134,0.582,1.726,0.574,0.58,0.57,N
0.572,0.58,0.564,0.578,0.568,1.736,N
0.578,0.586,0.562,0.576,0.566,1.734,N
0.59,0.568,0.578,0.56,2.874,0.558,N
0.57,0.584,0.558,2.872,0.554,0.578,N
0.584,0.564,0.6,2.266,0.554,0.578,N
0.55,0.578,0.55,0.572,0.596,0.572,N
0.58,0.544,0.574,0.592,0.574,0.572,N
0.546,0.572,0.59,0.574,0.572,0.578,N
0.576,0.586,0.57,0.572,0.576,0.574,N
0.586,0.562,0.57,0.576,0.574,0.578,N
0.556,0.57,0.572,0.572,0.578,0.57,N
0.576,0.566,0.57,0.576,0.57,0.574,N
0.566,0.562,0.572,0.572,0.572,0.572,N
0.564,0.568,0.57,0.574,0.57,0.572,N
0.57,0.564,0.572,0.572,0.572,0.568,N
0.56,0.57,0.568,0.574,0.568,0.57,N
0.57,0.558,0.57,0.562,0.572,0.576,N
0.556,0.57,0.554,0.572,0.576,0.56,N
0.574,0.552,0.572,0.574,0.558,0.588,N
0.554,0.568,0.572,0.558,0.588,0.584,N
0.568,0.568,0.558,0.586,0.584,0.574,N
0.566,0.556,0.586,0.582,0.574,0.56,N
0.554,0.586,0.58,0.572,0.562,0.586,N
0.588,0.568,0.57,0.562,0.584,0.576,N
0.564,0.566,0.558,0.584,0.576,0.572,N
0.566,0.552,0.58,0.576,0.572,0.58,N
0.548,0.572,0.576,0.572,0.578,0.572,N
0.568,0.572,0.57,0.578,0.572,0.56,N
0.564,0.562,0.576,0.564,0.564,0.584,N
0.564,0.576,0.552,0.56,0.584,0.574,N
0.576,0.552,0.562,0.584,0.57,0.582,N
0.554,0.56,0.58,0.572,0.58,0.568,N
0.562,0.578,0.57,0.582,0.566,0.582,N
0.576,0.568,0.58,0.568,0.582,0.576,N
0.568,0.576,0.566,0.582,0.576,0.578,N
0.574,0.564,0.58,0.576,0.578,0.576,N
0.566,0.576,0.576,0.576,0.576,0.574,N
0.572,0.572,0.576,0.576,0.574,0.58,N
0.57,0.574,0.574,0.574,0.58,0.564,N
0.576,0.572,0.572,0.58,0.564,0.57,N
0.572,0.566,0.58,0.564,0.57,0.574,N
0.562,0.576,0.556,0.57,0.576,0.592,N
0.576,0.56,0.57,0.572,0.59,0.574,N
0.562,0.566,0.572,0.59,0.572,0.584,N
0.57,0.566,0.59,0.572,0.584,0.576,N
0.566,0.588,0.57,0.584,0.576,0.572,N
0.582,0.57,0.582,0.574,0.572,0.58,N
0.574,0.578,0.572,0.572,0.578,0.586,N
0.574,0.57,0.572,0.578,0.584,0.574,N
0.572,0.568,0.578,0.582,0.574,0.588,N
0.57,0.576,0.58,0.574,0.588,0.568,N
0.576,0.58,0.57,0.586,0.57,0.568,N
0.584,0.566,0.582,0.572,0.566,0.572,N
0.56,0.588,0.56,0.56,0.574,0.59,N
0.59,0.562,0.558,0.572,0.59,0.582,N
0.57,0.554,0.572,0.59,0.58,0.568,N
0.558,0.566,0.592,0.58,0.568,0.586,N
0.566,0.59,0.578,0.568,0.586,0.582,N
0.586,0.578,0.564,0.586,0.582,0.582,N
0.578,0.56,0.586,0.582,0.58,0.58,N
0.558,0.584,0.58,0.58,0.578,0.574,N
0.578,0.578,0.578,0.576,0.576,0.578,N
0.574,0.576,0.576,0.574,0.578,0.576,N
0.574,0.572,0.574,0.578,0.576,0.566,N
0.572,0.57,0.576,0.578,0.564,0.572,N
0.564,0.574,0.576,0.566,0.572,0.586,N
0.572,0.576,0.56,0.572,0.588,0.582,N
0.574,0.558,0.568,0.586,0.584,0.578,N
0.562,0.56,0.588,0.582,0.578,0.578,N
0.552,0.586,0.582,0.576,0.58,0.57,N
0.578,0.58,0.576,0.578,0.57,0.582,N
0.58,0.572,0.576,0.57,0.582,0.572,N
0.574,0.57,0.568,0.582,0.572,0.58,N
0.568,0.562,0.58,0.572,0.58,0.576,N
0.562,0.576,0.57,0.58,0.576,0.572,N
0.574,0.566,0.578,0.576,0.572,0.56,N
0.566,0.574,0.574,0.574,0.558,0.562,N
0.574,0.566,0.574,0.556,0.562,0.598,N
0.56,0.574,0.552,0.562,0.596,0.572,N
0.572,0.55,0.558,0.596,0.57,0.588,N
0.548,0.556,0.596,0.568,0.588,0.578,N
0.554,0.594,0.568,0.586,0.578,0.582,N
0.59,0.564,0.586,0.578,0.582,0.572,N
0.56,0.584,0.578,0.58,0.572,0.574,N
0.58,0.576,0.576,0.572,0.574,0.576,N
0.576,0.572,0.572,0.572,0.576,0.58,N
0.57,0.57,0.57,0.578,0.578,0.558,N
0.57,0.566,0.576,0.576,0.558,0.572,N
0.562,0.574,0.576,0.558,0.572,0.58,N
0.57,0.57,0.556,0.572,0.578,0.58,N
0.57,0.56,0.562,0.572,0.58,0.584,N
0.562,0.558,0.574,0.578,0.586,0.578,N
0.558,0.564,0.574,0.586,0.58,0.588,N
0.56,0.568,0.586,0.58,0.584,0.568,N
0.564,0.584,0.578,0.584,0.568,0.572,N
0.58,0.578,0.582,0.566,0.572,0.58,N
0.578,0.58,0.562,0.574,0.578,0.584,N
0.586,0.554,0.57,0.578,0.584,0.576,N
0.558,0.564,0.578,0.582,0.576,0.578,N
0.56,0.576,0.582,0.576,0.578,0.572,N
0.572,0.582,0.572,0.58,0.572,0.572,N
0.578,0.57,0.576,0.574,0.57,0.592,N
0.572,0.57,0.57,0.572,0.592,0.578,N
0.57,0.57,0.568,0.59,0.578,0.582,N
0.57,0.564,0.59,0.578,0.582,0.588,N
0.574,0.566,0.584,0.578,0.58,0.588,N
0.584,0.584,0.554,0.608,0.734,0.952,N
0.588,0.55,0.608,0.726,0.954,1.2,N
0.556,0.604,0.718,0.954,0.63,0.576,N
0.598,1.192,1.102,0.582,0.57,0.57,N
0.6,1.188,1.098,0.59,0.568,1.158,N
1.186,1.1,0.594,0.564,1.156,0.596,N
0.588,0.592,0.568,1.156,0.588,0.568,N
0.596,0.56,1.156,0.588,0.566,0.568,N
0.6,0.556,1.152,0.588,0.564,0.57,N
0.6,0.56,1.148,0.586,0.564,0.57,N
0.6,0.564,1.15,0.584,0.564,1.728,N
0.578,0.576,4.014,0.574,0.578,0.57,N
0.58,0.578,0.58,0.568,3.444,1.148,N
0.58,0.584,0.576,0.566,0.56,3.456,N
0.584,0.58,0.57,0.558,3.45,0.586,N
0.58,0.574,0.566,3.44,1.16,0.578,N
0.58,0.562,3.436,1.162,0.576,0.582,N
0.564,3.434,1.164,0.574,0.584,0.574,N
0.596,2.264,2.316,0.576,0.58,0.576,N
1.696,0.578,1.734,0.576,0.58,0.576,N
0.574,1.732,0.574,0.58,0.576,0.572,N
0.59,0.566,0.54,0.59,0.586,0.576,N
0.566,0.536,0.59,0.588,0.578,0.574,N
0.538,0.588,0.584,0.578,0.574,0.574,N
0.59,0.574,0.576,0.574,0.576,0.582,N
0.568,0.57,0.574,0.574,0.582,0.572,N
0.566,0.572,0.574,0.58,0.572,0.57,N
0.574,0.568,0.578,0.572,0.57,0.574,N
0.566,0.574,0.568,0.57,0.574,0.576,N
0.576,0.558,0.57,0.574,0.574,0.578,N
0.556,0.566,0.574,0.572,0.578,0.566,N
0.564,0.57,0.57,0.578,0.564,0.564,N
0.568,0.564,0.576,0.564,0.566,0.578,N
0.562,0.574,0.562,0.564,0.578,0.576,N
0.572,0.56,0.562,0.576,0.578,0.578,N
0.562,0.558,0.574,0.578,0.576,0.576,N
0.556,0.572,0.576,0.578,0.574,0.568,N
0.568,0.572,0.576,0.574,0.568,0.556,N
0.564,0.568,0.568,0.558,0.588,0.576,N
0.564,0.566,0.558,0.586,0.578,0.572,N
0.564,0.556,0.584,0.576,0.572,0.572,N
0.554,0.58,0.576,0.572,0.57,0.562,N
0.578,0.57,0.57,0.572,0.56,0.564,N
0.56,0.566,0.57,0.558,0.566,0.588,N
0.566,0.564,0.556,0.564,0.586,0.59,N
0.568,0.552,0.56,0.588,0.588,0.576,N
0.55,0.556,0.588,0.59,0.574,0.576,N
0.554,0.586,0.592,0.572,0.576,0.58,N
0.578,0.592,0.572,0.574,0.582,0.574,N
0.586,0.57,0.574,0.58,0.574,0.576,N
0.568,0.572,0.58,0.574,0.574,0.578,N
0.572,0.574,0.572,0.576,0.576,0.578,N
0.57,0.57,0.574,0.576,0.578,0.578,N
0.568,0.57,0.576,0.578,0.578,0.57,N
0.568,0.574,0.576,0.578,0.57,0.572,N
0.568,0.576,0.576,0.57,0.572,0.578,N
0.57,0.576,0.566,0.572,0.58,0.582,N
0.576,0.566,0.568,0.578,0.582,0.578,N
0.568,0.562,0.578,0.582,0.578,0.58,N
0.56,0.572,0.584,0.578,0.58,0.578,N
0.566,0.58,0.578,0.582,0.576,0.574,N
0.576,0.576,0.58,0.576,0.576,0.572,N
0.572,0.578,0.576,0.574,0.572,0.582,N
0.572,0.574,0.572,0.576,0.578,0.58,N
0.57,0.568,0.578,0.578,0.58,0.576,N
0.564,0.578,0.574,0.58,0.578,0.572,N
0.576,0.57,0.576,0.58,0.572,0.544,N
0.558,0.574,0.578,0.572,0.546,0.594,N
0.57,0.57,0.572,0.55,0.584,0.59,N
0.568,0.572,0.54,0.594,0.586,0.57,N
0.574,0.532,0.598,0.584,0.57,0.578,N
0.532,0.596,0.582,0.57,0.578,0.578,N
0.588,0.58,0.568,0.578,0.578,0.578,N
0.572,0.566,0.576,0.578,0.58,0.566,N
0.566,0.574,0.576,0.578,0.568,0.576,N
0.57,0.574,0.576,0.568,0.574,0.57,N
0.568,0.574,0.568,0.574,0.57,0.576,N
0.572,0.562,0.574,0.57,0.576,0.568,N
0.58,0.572,0.572,0.564,0.574,0.574,N
0.574,0.564,0.56,0.572,0.574,0.594,N
0.566,0.554,0.574,0.574,0.592,0.566,N
0.548,0.57,0.576,0.59,0.566,0.584,N
0.568,0.572,0.59,0.564,0.586,0.576,N
0.568,0.588,0.564,0.584,0.576,0.572,N
0.582,0.56,0.584,0.576,0.572,0.576,N
0.558,0.582,0.576,0.57,0.576,0.578,N
0.58,0.57,0.572,0.574,0.578,0.572,N
0.568,0.568,0.576,0.576,0.572,0.58,N
0.566,0.574,0.576,0.57,0.582,0.564,N
0.57,0.574,0.57,0.58,0.566,0.562,N
0.566,0.566,0.58,0.562,0.566,0.584,N
0.558,0.574,0.558,0.57,0.584,0.572,N
0.574,0.56,0.562,0.584,0.57,0.588,N
0.56,0.558,0.582,0.57,0.588,0.576,N
0.552,0.58,0.568,0.59,0.574,0.578,N
0.584,0.57,0.576,0.582,0.576,0.562,N
0.568,0.572,0.58,0.576,0.564,0.578,N
0.572,0.578,0.574,0.564,0.58,0.576,N
0.576,0.572,0.564,0.578,0.576,0.57,N
0.566,0.566,0.548,0.58,0.598,0.568,N
0.566,0.546,0.58,0.596,0.568,0.574,N
0.556,0.578,0.56,0.564,0.576,0.558,N
0.576,0.558,0.562,0.576,0.556,0.598,N
0.556,0.556,0.576,0.556,0.596,0.584,N
0.558,0.572,0.556,0.594,0.584,0.572,N
0.572,0.552,0.592,0.582,0.572,0.538,N
0.546,0.594,0.578,0.57,0.538,0.596,N
0.596,0.568,0.564,0.54,0.594,0.58,N
0.598,0.566,0.556,0.538,0.594,0.58,N
0.578,0.55,0.532,0.594,0.58,0.57,N
0.556,0.53,0.59,0.578,0.572,0.572,N
0.536,0.586,0.574,0.572,0.572,0.564,N
0.568,0.566,0.57,0.56,0.558,0.592,N
0.562,0.566,0.556,0.556,0.59,0.552,N
0.568,0.566,0.554,1.144,0.554,0.602,N
0.574,0.55,1.138,0.556,0.602,0.574,N
0.552,1.136,0.558,0.602,0.572,0.568,N
0.572,0.564,0.582,0.562,0.576,0.574,N
0.582,0.554,0.576,0.572,0.576,0.548,N
0.55,0.574,0.572,0.574,0.55,0.572,N
0.57,0.572,0.568,0.552,0.572,0.582,N
0.57,0.566,0.544,0.572,0.58,0.582,N
0.564,0.544,0.572,0.58,0.58,0.574,N
0.54,0.572,0.58,0.578,0.574,0.57,N
0.57,0.576,0.58,0.572,0.572,0.584,N
0.572,0.576,0.574,0.57,0.584,0.572,N
0.576,0.57,0.57,0.584,0.572,0.558,N
0.57,0.568,0.584,0.57,0.558,0.588,N
0.584,0.566,0.57,0.56,0.586,0.578,N
0.552,0.564,0.56,0.586,0.578,0.578,N
0.556,0.56,0.584,0.576,0.578,0.572,N
0.56,0.582,0.574,0.578,0.572,0.558,N
0.57,0.57,0.578,0.572,0.558,0.568,N
0.564,0.578,0.572,0.552,0.57,0.578,N
0.578,0.568,0.548,0.572,0.576,0.58,N
0.572,0.54,0.57,0.576,0.58,0.576,N
0.536,0.566,0.578,0.578,0.576,0.576,N
0.558,0.568,0.572,0.57,0.572,0.574,N
0.57,0.566,0.57,0.572,0.572,0.576,N
0.56,0.566,0.57,0.574,0.574,0.58,N
0.56,0.568,0.572,0.574,0.58,0.548,N
0.56,0.57,0.572,0.58,0.548,0.572,N
0.564,0.566,0.574,0.55,0.576,0.578,N
0.564,0.572,0.542,0.578,0.576,0.578,N
0.576,0.534,0.576,0.578,0.576,0.568,N
0.524,0.576,0.576,0.576,0.568,0.588,N
0.572,0.572,0.578,0.566,0.588,0.58,N
0.568,0.564,0.588,0.578,0.566,0.562,N
0.562,0.586,0.578,0.566,0.564,0.578,N
0.582,0.576,0.564,0.564,0.578,0.578,N
0.574,0.558,0.564,0.578,0.578,0.566,N
0.554,0.562,0.574,0.578,0.568,0.558,N
0.558,0.574,0.576,0.568,0.56,0.578,N
0.58,0.568,0.566,0.558,0.58,0.58,N
0.558,0.562,0.554,0.578,0.584,0.58,N
0.568,0.548,0.578,0.58,0.584,0.588,N
0.546,0.574,0.578,0.584,0.588,0.558,N
0.57,0.574,0.584,0.586,0.558,0.59,N
0.568,0.582,0.586,0.558,0.59,0.572,N
0.578,0.586,0.554,0.59,0.572,0.568,N
0.588,0.548,0.588,0.572,0.568,0.578,N
0.542,0.586,0.568,0.57,0.578,0.57,N
0.586,0.562,0.568,0.578,0.572,0.586,N
0.558,0.566,0.576,0.57,0.586,0.562,N
0.564,0.576,0.568,0.584,0.564,0.55,N
0.58,0.554,0.584,0.564,0.556,0.592,N
0.55,0.592,0.558,0.55,0.594,0.552,N
0.588,0.556,0.552,0.59,0.556,0.576,N
0.562,0.544,0.592,0.554,0.576,0.594,N
0.544,0.59,0.552,0.574,0.594,0.574,N
0.592,0.548,0.574,0.592,0.572,0.572,N
0.544,0.57,0.594,0.572,0.57,0.582,N
0.568,0.59,0.572,0.57,0.58,0.55,N
0.59,0.566,0.57,0.58,0.55,0.596,N
0.566,0.568,0.578,0.55,0.596,0.578,N
0.57,0.572,0.55,0.594,0.576,0.566,N
0.562,0.55,0.592,0.576,0.566,0.57,N
0.546,0.59,0.576,0.568,0.566,0.57,N
0.582,0.576,0.56,0.562,0.57,0.582,N
0.574,0.56,0.556,0.57,0.582,0.576,N
0.56,0.552,0.568,0.58,0.576,0.584,N
0.554,0.56,0.58,0.578,0.58,0.568,N
0.552,0.58,0.576,0.58,0.568,0.572,N
0.572,0.576,0.578,0.568,0.572,0.576,N
0.572,0.578,0.566,0.572,0.576,0.572,N
0.58,0.556,0.572,0.574,0.574,0.574,N
0.548,0.57,0.572,0.574,0.572,0.574,N
0.568,0.568,0.572,0.574,0.574,0.568,N
0.568,0.566,0.572,0.574,0.57,0.564,N
0.562,0.568,0.574,0.57,0.566,0.554,N
0.556,0.57,0.57,0.564,0.556,0.584,N
0.564,0.57,0.554,0.56,0.582,0.578,N
0.57,0.552,0.558,0.582,0.578,0.58,N
0.548,0.556,0.582,0.58,0.578,0.57,N
0.556,0.578,0.58,0.578,0.57,0.576,N
0.574,0.576,0.578,0.57,0.576,0.568,N
0.574,0.576,0.572,0.574,0.568,0.576,N
0.574,0.568,0.572,0.57,0.576,0.564,N
0.568,0.568,0.568,0.574,0.568,0.57,N
0.564,0.568,0.57,0.568,0.57,0.578,N
0.566,0.564,0.568,0.57,0.578,0.564,N
0.56,0.564,0.57,0.578,0.564,0.564,N
0.556,0.572,0.574,0.564,0.568,0.574,N
0.574,0.57,0.554,0.568,0.576,0.576,N
0.568,0.552,0.566,0.576,0.576,0.574,N
0.572,0.562,0.57,0.574,0.57,0.568,N
0.552,0.568,0.574,0.57,0.568,0.578,N
0.564,0.57,0.57,0.568,0.576,0.564,N
0.566,0.562,0.566,0.576,0.566,0.57,N
0.56,0.562,0.574,0.568,0.566,0.554,N
0.558,0.572,0.56,0.562,0.56,0.586,N
0.57,0.558,0.56,0.558,0.588,0.562,N
0.56,0.552,0.556,0.588,0.562,0.586,N
0.546,0.552,0.588,0.564,0.584,0.57,N
0.544,0.588,0.564,0.584,0.572,0.572,N
0.566,0.578,0.57,0.572,0.57,0.57,N
0.57,0.564,0.574,0.568,0.57,0.57,N
0.56,0.57,0.568,0.57,0.57,0.58,N
0.566,0.562,0.568,0.572,0.58,0.57,N
0.562,0.562,0.57,0.578,0.572,0.556,N
0.57,0.54,0.568,0.582,0.58,0.578,N
0.534,0.566,0.582,0.58,0.578,0.564,N
0.564,0.58,0.578,0.578,0.562,0.584,N
0.552,0.582,0.568,0.57,0.576,0.572,N
0.568,0.564,0.57,0.576,0.57,0.586,N
0.562,0.568,0.576,0.57,0.584,0.574,N
0.566,0.576,0.566,0.584,0.574,0.558,N
0.588,0.552,0.584,0.572,0.558,0.574,N
0.582,0.56,0.556,0.572,0.582,0.562,N
0.56,0.552,0.572,0.58,0.562,0.594,N
0.552,0.568,0.582,0.558,0.598,0.566,N
0.566,0.578,0.558,0.598,0.566,0.576,N
0.574,0.556,0.598,0.566,0.576,0.568,N
0.554,0.594,0.566,0.578,0.566,0.582,N
0.59,0.564,0.578,0.566,0.58,0.592,N
0.59,0.56,0.576,0.564,0.582,0.59,N
0.568,0.57,0.56,0.584,0.586,0.562,N
0.572,0.572,0.558,0.584,0.582,1.14,N
0.576,0.576,0.562,0.608,0.552,1.14,N
0.58,0.582,0.592,0.55,1.138,2.868,N
0.58,0.6,0.556,1.138,2.862,1.158,N
0.606,0.56,0.562,0.588,2.848,1.742,N
0.568,0.594,0.552,0.57,4.024,0.576,N
0.576,1.15,2.858,1.12,0.584,0.59,N
0.586,0.568,3.976,0.584,0.59,0.584,N
0.598,0.546,2.834,0.584,0.592,0.58,N
0.554,2.282,0.546,0.586,0.592,0.578,N
0.578,1.134,0.534,0.586,0.592,0.582,N
1.138,0.53,0.586,0.592,0.582,0.576,N
0.53,0.584,0.594,0.582,0.574,0.582,N
0.536,0.58,0.592,0.582,0.574,0.58,N
0.582,0.586,0.582,0.574,0.578,0.554,N
0.588,0.586,0.576,0.572,0.576,0.556,N
0.59,0.578,0.566,0.576,0.554,2.31,N
0.582,0.568,0.578,0.546,2.31,0.572,N
0.57,0.584,0.542,2.306,0.572,0.564,N
0.588,0.544,2.298,0.576,0.562,0.588,N
0.592,1.694,0.578,0.56,0.59,0.572,N
1.69,0.568,0.562,0.592,0.568,0.584,N
1.138,0.57,0.56,0.59,0.568,0.584,N
0.566,0.556,0.59,0.568,0.586,0.556,N
0.558,0.586,0.568,0.584,0.556,0.596,N
0.58,0.564,0.586,0.556,0.594,0.556,N
0.562,0.584,0.554,0.594,0.556,0.586,N
0.58,0.554,0.592,0.554,0.588,0.578,N
0.554,0.586,0.554,0.588,0.578,0.562,N
0.572,0.546,0.586,0.578,0.564,0.566,N
0.54,0.586,0.576,0.564,0.564,0.584,N
0.582,0.576,0.56,0.564,0.584,0.56,N
0.578,0.55,0.562,0.586,0.556,0.574,N
0.552,0.558,0.586,0.548,0.572,0.576,N
0.558,0.582,0.546,0.572,0.572,0.578,N
0.582,0.54,0.572,0.57,0.58,0.57,N
0.534,0.57,0.57,0.58,0.57,0.574,N
0.57,0.568,0.578,0.572,0.572,0.576,N
0.568,0.574,0.572,0.572,0.576,0.558,N
0.566,0.57,0.572,0.574,0.56,0.576,N
0.564,0.572,0.572,0.562,0.572,0.576,N
0.57,0.566,0.562,0.572,0.576,0.578,N
0.562,0.556,0.572,0.576,0.576,0.572,N
0.55,0.57,0.574,0.574,0.572,0.556,N
0.57,0.57,0.572,0.572,0.558,0.56,N
0.564,0.564,0.576,0.554,0.56,0.584,N
0.564,0.574,0.548,0.558,0.586,0.572,N
0.576,0.542,0.558,0.584,0.572,0.592,N
0.538,0.554,0.584,0.572,0.59,0.566,N
0.552,0.584,0.572,0.588,0.566,0.574,N
0.578,0.572,0.586,0.568,0.572,0.568,N
0.57,0.584,0.566,0.572,0.568,0.576,N
0.576,0.562,0.572,0.57,0.574,0.574,N
0.56,0.568,0.568,0.574,0.574,0.57,N
0.572,0.558,0.574,0.574,0.57,0.572,N
0.55,0.572,0.572,0.57,0.572,0.554,N
0.568,0.57,0.568,0.572,0.554,0.574,N
0.566,0.564,0.572,0.554,0.57,0.59,N
0.56,0.57,0.55,0.566,0.59,0.576,N
0.568,0.546,0.568,0.588,0.574,0.576,N
0.54,0.568,0.588,0.572,0.576,0.572,N
0.566,0.586,0.572,0.574,0.574,0.57,N
0.564,0.564,0.576,0.57,0.566,0.576,N
0.568,0.56,0.57,0.566,0.576,0.576,N
0.562,0.566,0.566,0.568,0.556,0.56,N
0.566,0.56,0.562,0.56,0.564,0.586,N
0.558,0.562,0.554,0.564,0.586,0.564,N
0.562,0.548,0.564,0.584,0.564,0.584,N
0.562,0.562,0.57,0.572,0.572,0.566,N
0.552,0.568,0.572,0.57,0.564,0.592,N
0.558,0.566,0.564,0.586,0.544,0.578,N
0.558,0.562,0.58,0.55,0.574,0.582,N
0.566,0.578,0.568,0.576,0.572,0.572,N
0.56,0.57,0.564,0.576,0.568,0.576,N
0.57,0.56,0.576,0.566,0.578,0.574,N
0.554,0.574,0.566,0.574,0.566,0.574,N
0.564,0.564,0.574,0.566,0.572,0.55,N
0.558,0.562,0.546,0.578,0.566,0.58,N
0.556,0.548,0.578,0.566,0.578,0.578,N
0.538,0.576,0.566,0.578,0.578,0.574,N
0.576,0.562,0.578,0.578,0.574,0.572,N
0.558,0.578,0.578,0.574,0.57,0.568,N
0.576,0.576,0.572,0.572,0.57,0.562,N
0.572,0.57,0.572,0.57,0.562,0.584,N
0.564,0.568,0.57,0.562,0.584,0.56,N
0.566,0.568,0.562,0.584,0.558,0.58,N
0.56,0.562,0.582,0.56,0.58,0.554,N
0.56,0.58,0.56,0.58,0.556,0.564,N
0.572,0.558,0.576,0.56,0.566,0.578,N
0.548,0.574,0.554,0.566,0.578,0.588,N
0.572,0.554,0.564,0.578,0.588,0.588,N
0.546,0.562,0.578,0.588,0.59,0.56,N
0.562,0.574,0.588,0.588,0.562,0.572,N
0.566,0.586,0.59,0.56,0.572,0.562,N
0.584,0.59,0.558,0.572,0.562,0.57,N
0.594,0.55,0.57,0.564,0.568,0.582,N
0.544,0.568,0.564,0.568,0.58,0.576,N
0.566,0.562,0.566,0.582,0.574,0.572,N
0.556,0.562,0.582,0.576,0.57,0.57,N
0.546,0.582,0.574,0.57,0.572,0.562,N
0.578,0.57,0.57,0.572,0.562,0.582,N
0.558,0.558,0.574,0.562,0.582,0.572,N
0.556,0.572,0.562,0.582,0.572,0.576,N
0.57,0.558,0.58,0.572,0.576,0.584,N
0.552,0.578,0.572,0.574,0.584,0.57,N
0.574,0.57,0.576,0.582,0.57,0.564,N
0.566,0.574,0.582,0.57,0.564,0.6,N
0.574,0.58,0.57,0.564,0.598,0.596,N
0.574,0.57,0.562,0.598,0.6,0.53,N
0.57,0.558,0.596,0.606,0.524,0.576,N
0.548,0.596,0.61,0.518,0.576,0.578,N
0.59,0.61,0.514,0.578,0.576,0.546,N
0.61,0.51,0.576,0.576,0.546,0.574,N
0.53,0.55,0.576,0.548,0.58,0.584,N
0.548,0.568,0.546,0.58,0.582,0.562,N
0.564,0.542,0.578,0.584,0.56,0.582,N
0.528,0.576,0.584,0.56,0.584,0.578,N
0.572,0.578,0.564,0.582,0.578,0.568,N
0.576,0.562,0.582,0.578,0.566,0.568,N
0.562,0.578,0.578,0.562,0.572,0.57,N
0.572,0.576,0.562,0.574,0.568,0.57,N
0.578,0.55,0.576,0.57,0.57,0.568,N
0.534,0.576,0.57,0.568,0.57,0.572,N
0.552,0.57,0.564,0.572,0.572,0.542,N
0.566,0.558,0.57,0.574,0.546,0.546,N
0.558,0.56,0.572,0.554,0.542,0.612,N
0.56,0.566,0.548,0.546,0.602,0.572,N
0.564,0.546,0.542,0.608,0.566,0.572,N
0.54,0.542,0.604,0.568,0.57,0.58,N
0.544,0.6,0.568,0.57,0.58,0.568,N
0.594,0.566,0.57,0.578,0.568,0.57,N
0.552,0.566,0.578,0.568,0.57,0.576,N
0.566,0.576,0.564,0.572,0.576,0.574,N
0.57,0.548,0.574,0.572,0.574,0.566,N
0.542,0.568,0.572,0.574,0.566,0.574,N
0.556,0.566,0.572,0.568,0.574,0.564,N
0.566,0.564,0.57,0.572,0.566,0.556,N
0.56,0.56,0.574,0.566,0.558,0.578,N
0.554,0.568,0.564,0.558,0.568,0.564,N
0.57,0.558,0.554,0.566,0.566,0.578,N
0.562,0.546,0.566,0.564,0.578,0.578,N
0.54,0.564,0.566,0.576,0.578,0.572,N
0.566,0.558,0.576,0.578,0.574,0.556,N
0.546,0.57,0.572,0.576,0.56,0.556,N
0.558,0.57,0.574,0.562,0.554,0.588,N
0.568,0.568,0.56,0.556,0.588,0.56,N
0.564,0.552,0.556,0.586,0.564,0.566,N
0.544,0.556,0.58,0.568,0.566,0.574,N
0.552,0.578,0.564,0.568,0.574,0.556,N
0.578,0.556,0.568,0.574,0.56,0.546,N
0.548,0.562,0.574,0.562,0.548,0.574,N
0.556,0.574,0.552,0.554,0.572,0.578,N
0.576,0.546,0.552,0.574,0.574,0.59,N
0.542,0.55,0.574,0.576,0.588,0.562,N
0.566,0.562,0.57,0.53,0.584,0.584,N
0.564,0.572,1.094,0.586,0.57,0.578,N
0.564,1.094,0.586,0.568,0.58,0.554,N
0.57,0.6,1.072,0.564,0.582,0.556,N
0.59,1.08,0.562,0.584,0.554,0.586,N
0.56,0.554,0.584,0.554,0.586,0.566,N
0.546,0.586,0.548,0.586,0.566,0.564,N
0.582,0.538,0.588,0.566,0.562,0.564,N
0.536,0.584,0.564,0.564,0.564,0.568,N
0.57,0.562,0.562,0.564,0.568,0.582,N
0.554,0.558,0.564,0.57,0.58,0.562,N
0.556,0.556,0.57,0.58,0.562,0.556,N
0.548,0.568,0.578,0.566,0.556,0.57,N
0.564,0.572,0.562,0.556,0.572,0.572,N
0.572,0.554,0.554,0.576,0.57,0.582,N
0.554,0.546,0.58,0.57,0.58,0.57,N
0.536,0.578,0.572,0.582,0.57,0.57,N
0.564,0.578,0.58,0.57,0.57,0.552,N
0.57,0.576,0.57,0.572,0.552,0.582,N
0.576,0.564,0.572,0.556,0.58,0.566,N
0.556,0.572,0.558,0.576,0.57,0.566,N
0.57,0.554,0.574,0.57,0.57,0.566,N
0.548,0.57,0.57,0.57,0.568,0.56,N
0.574,0.562,0.568,0.57,0.56,0.56,N
0.554,0.564,0.568,0.562,0.562,0.552,N
0.562,0.556,0.564,0.562,0.558,0.582,N
0.558,0.558,0.556,0.56,0.582,0.57,N
0.558,0.554,0.56,0.582,0.572,0.568,N
0.552,0.55,0.584,0.568,0.574,0.56,N
0.542,0.58,0.568,0.576,0.556,0.566,N
0.55,0.554,0.568,0.576,0.562,0.576,N
0.564,0.552,0.574,0.564,0.574,0.558,N
0.55,0.566,0.562,0.574,0.558,0.57,N
0.564,0.554,0.574,0.556,0.57,0.576,N
0.55,0.57,0.552,0.568,0.578,0.552,N
0.572,0.54,0.568,0.576,0.556,0.568,N
0.544,0.566,0.568,0.556,0.572,0.57,N
0.566,0.564,0.552,0.572,0.57,0.576,N
0.56,0.546,0.572,0.57,0.574,0.56,N
0.54,0.568,0.57,0.574,0.558,0.572,N
0.56,0.568,0.576,0.558,0.574,0.564,N
0.568,0.576,0.556,0.574,0.562,0.58,N
0.572,0.55,0.572,0.564,0.576,0.556,N
0.548,0.566,0.562,0.576,0.558,0.554,N
0.558,0.56,0.574,0.56,0.554,0.576,N
0.556,0.572,0.556,0.556,0.576,0.554,N
0.57,0.548,0.556,0.578,0.554,0.558,N
0.546,0.55,0.576,0.554,0.564,0.578,N
0.548,0.568,0.554,0.572,0.572,0.542,N
0.564,0.552,0.566,0.572,0.542,0.602,N
0.548,0.566,0.568,0.546,0.598,0.568,N
0.558,0.562,0.55,0.6,0.564,0.558,N
0.554,0.55,0.6,0.564,0.556,0.578,N
0.534,0.6,0.564,0.554,0.578,0.556,N
0.594,0.564,0.554,0.576,0.558,0.59,N
0.578,0.538,0.574,0.558,0.588,0.558,N
0.528,0.57,0.554,0.592,0.562,0.552,N
0.562,0.546,0.592,0.568,0.552,0.58,N
0.534,0.592,0.566,0.554,0.58,0.57,N
0.6,0.55,0.556,0.58,0.57,0.548,N
0.536,0.556,0.58,0.572,0.552,0.572,N
0.558,0.576,0.564,0.556,0.572,0.57,N
0.576,0.558,0.554,0.572,0.57,0.564,N
0.558,0.546,0.57,0.572,0.562,0.564,N
0.538,0.566,0.574,0.562,0.562,0.582,N
0.558,0.57,0.566,0.56,0.582,0.566,N
0.56,0.564,0.562,0.58,0.566,0.564,N
0.556,0.56,0.576,0.566,0.568,0.564,N
0.556,0.572,0.566,0.568,0.566,0.566,N
0.572,0.562,0.564,0.568,0.566,0.574,N
0.558,0.558,0.566,0.568,0.576,0.552,N
0.532,0.57,0.554,0.588,0.54,0.562,N
0.57,0.538,0.588,0.544,0.564,0.58,N
0.548,0.574,0.54,0.568,0.576,0.564,N
0.566,0.538,0.566,0.576,0.564,0.576,N
0.536,0.564,0.574,0.568,0.574,0.566,N
0.556,0.572,0.572,0.572,0.568,0.57,N
0.564,0.57,0.574,0.57,0.572,0.544,N
0.564,0.568,0.57,0.572,0.544,0.582,N
0.556,0.566,0.572,0.544,0.586,0.562,N
0.558,0.566,0.548,0.582,0.568,0.562,N
0.568,0.54,0.576,0.57,0.568,0.56,N
0.534,0.572,0.566,0.568,0.564,0.558,N
0.578,0.554,0.566,0.566,0.56,0.552,N
0.556,0.554,0.566,0.562,0.56,0.56,N
0.56,0.552,0.562,0.562,0.562,0.57,N
0.554,0.558,0.556,0.564,0.57,0.57,N
0.56,0.548,0.564,0.57,0.568,0.572,N
0.54,0.564,0.57,0.568,0.576,0.56,N
0.556,0.566,0.564,0.58,0.56,0.572,N
0.56,0.564,0.574,0.562,0.57,0.562,N
0.57,0.556,0.562,0.566,0.57,0.548,N
0.554,0.558,0.56,0.576,0.546,0.578,N
0.554,0.556,0.57,0.546,0.578,0.586,N
0.568,0.548,0.55,0.574,0.588,0.546,N
0.546,0.548,0.57,0.586,0.554,0.552,N
0.544,0.564,0.584,0.556,0.552,0.558,N
0.568,0.576,0.55,0.556,0.558,0.582,N
0.582,0.54,0.56,0.554,0.584,0.562,N
0.538,0.558,0.55,0.586,0.562,0.574,N
0.554,0.546,0.588,0.56,0.574,0.568,N
0.546,0.584,0.56,0.574,0.568,0.566,N
0.578,0.558,0.576,0.568,0.564,0.564,N
0.56,0.57,0.568,0.564,0.566,0.562,N
0.562,0.566,0.564,0.568,0.562,0.562,N
0.562,0.558,0.566,0.564,0.566,0.554,N
0.556,0.558,0.562,0.568,0.556,0.564,N
0.556,0.558,0.562,0.558,0.572,0.534,N
0.558,0.554,0.558,0.572,0.536,0.576,N
0.558,0.548,0.568,0.54,0.578,0.55,N
0.554,0.57,0.548,0.56,0.576,0.558,N
0.564,0.54,0.56,0.576,0.562,0.528,N
0.532,0.56,0.57,0.568,0.534,0.574,N
0.56,0.56,0.568,0.54,0.572,0.56,N
0.57,0.552,0.534,0.582,0.566,0.576,N
0.56,0.524,0.582,0.566,0.578,0.556,N
0.52,0.58,0.566,0.578,0.558,0.564,N
0.56,0.562,0.576,0.562,0.566,0.568,N
0.554,0.574,0.566,0.566,0.572,0.558,N
0.562,0.556,0.566,0.572,0.562,0.564,N
0.544,0.562,0.57,0.562,0.57,0.566,N
0.56,0.56,0.56,0.572,0.572,0.548,N
0.562,0.546,0.57,0.578,0.548,0.566,N
0.554,0.55,0.578,0.552,0.57,0.558,N
0.558,0.562,0.552,0.568,0.564,0.564,N
0.56,0.542,0.568,0.564,0.57,0.542,N
0.542,0.56,0.562,0.572,0.55,0.562,N
0.566,0.55,0.566,0.552,0.568,0.564,N
0.55,0.566,0.544,0.568,0.566,0.566,N
0.568,0.534,0.566,0.566,0.568,0.56,N
0.538,0.554,0.568,0.57,0.558,0.584,N
0.548,0.556,0.572,0.56,0.586,0.546,N
0.55,0.562,0.562,0.586,0.548,0.562,N
0.556,0.558,0.582,0.554,0.562,0.568,N
0.55,0.578,0.554,0.564,0.566,0.566,N
0.574,0.55,0.562,0.566,0.572,0.56,N
0.544,0.558,0.562,0.576,0.564,0.56,N
0.554,0.556,0.572,0.568,0.564,0.538,N
0.558,0.558,0.566,0.568,0.54,0.558,N
0.564,0.554,0.566,0.546,0.558,0.574,N
0.56,0.56,0.54,0.562,0.574,0.56,N
0.56,0.534,0.562,0.574,0.56,0.566,N
0.53,0.558,0.574,0.56,0.568,0.566,N
0.55,0.572,0.558,0.572,0.566,0.56,N
0.566,0.554,0.574,0.566,0.56,0.562,N
0.552,0.568,0.564,0.562,0.562,0.564,N
0.564,0.558,0.562,0.562,0.564,0.56,N
0.558,0.554,0.562,0.562,0.562,0.566,N
0.554,0.556,0.558,0.564,0.568,0.558,N
0.554,0.56,0.556,0.568,0.562,0.568,N
0.562,0.548,0.566,0.564,0.572,0.544,N
0.55,0.56,0.562,0.572,0.552,0.552,N
0.562,0.552,0.57,0.556,0.554,0.566,N
0.552,0.568,0.55,0.556,0.564,0.554,N
0.568,0.54,0.558,0.562,0.558,0.58,N
0.534,0.554,0.56,0.566,0.576,0.568,N
0.542,0.558,0.568,0.576,0.57,0.576,N
0.544,0.564,0.58,0.568,0.58,0.546,N
0.55,0.582,0.568,0.58,0.544,0.574,N
0.584,0.562,0.58,0.546,0.576,0.56,N
0.556,0.574,0.55,0.57,0.572,0.562,N
0.57,0.542,0.566,0.578,0.562,0.56,N
0.536,0.56,0.576,0.566,0.562,0.55,N
0.564,0.564,0.568,0.562,0.554,0.552,N
0.552,0.564,0.562,0.552,0.554,0.584,N
0.552,0.552,0.556,0.566,0.55,0.554,N
0.558,0.548,0.558,0.556,0.552,0.568,N
0.554,0.554,0.55,0.556,0.574,0.542,N
0.56,0.544,0.554,0.57,0.552,0.54,N
0.546,0.55,0.568,0.56,0.536,0.56,N
0.546,0.57,0.542,0.55,0.56,0.558,N
0.57,0.546,0.54,0.562,0.56,0.562,N
0.558,0.526,0.56,0.564,0.566,0.548,N
0.536,0.552,0.56,0.574,0.552,0.554,N
0.55,0.548,0.564,0.562,0.552,0.554,N
0.55,0.56,0.556,0.558,0.56,0.554,N
0.562,0.546,0.556,0.56,0.556,0.548,N
0.554,0.546,0.554,0.564,0.574,0.546,N
0.556,0.552,0.556,0.566,0.562,0.528,N
0.554,0.552,0.554,0.572,0.536,0.592,N
0.554,0.574,0.54,0.544,0.594,0.542,N
0.572,0.536,0.542,0.592,0.544,0.528,N
0.556,0.522,0.592,0.55,0.534,0.582,N
0.516,0.592,0.55,0.534,0.586,0.558,N
0.592,0.538,0.532,0.594,0.558,0.552,N
0.542,0.522,0.596,0.558,0.556,0.542,N
0.52,0.586,0.56,0.562,0.554,0.554,N
0.584,0.55,0.56,0.552,0.558,0.568,N
0.55,0.55,0.544,0.572,0.568,0.554,N
0.558,0.532,0.57,0.566,0.562,0.55,N
0.552,0.54,0.568,0.564,0.558,0.54,N
0.55,0.564,0.558,0.566,0.536,0.576,N
0.562,0.556,0.556,0.546,0.58,0.55,N
0.552,0.554,0.542,0.582,0.552,0.56,N
0.56,0.53,0.58,0.552,0.562,0.564,N
0.526,0.574,0.554,0.566,0.562,0.562,N
0.572,0.544,0.566,0.564,0.564,0.556,N
0.544,0.556,0.564,0.566,0.558,0.554,N
0.556,0.562,0.562,0.566,0.554,0.546,N
0.56,0.556,0.562,0.562,0.54,0.558,N
0.558,0.554,0.556,0.552,0.554,0.562,N
0.562,0.55,0.546,0.56,0.562,0.55,N
0.55,0.558,0.552,0.574,0.552,0.536,N
0.55,0.578,0.546,0.572,0.538,0.558,N
0.538,0.56,0.56,0.56,0.546,0.56,N
0.558,0.558,0.55,0.558,0.566,0.54,N
0.57,0.544,0.55,0.566,0.548,0.542,N
0.558,0.54,0.56,0.558,0.534,0.558,N
0.546,0.564,0.538,0.546,0.556,0.544,N
0.564,0.544,0.536,0.56,0.542,0.578,N
0.542,0.526,0.56,0.552,0.576,0.542,N
0.542,0.548,0.548,0.578,0.55,0.536,N
0.556,0.538,0.578,0.552,0.532,0.554,N
0.544,0.574,0.544,0.542,0.544,0.552,N
0.574,0.548,0.532,0.556,0.538,0.554,N
0.542,0.53,0.548,0.556,0.538,0.558,N
0.524,0.55,0.538,0.556,0.546,0.55,N
0.548,0.55,0.538,0.56,0.538,0.558,N
0.538,0.544,0.548,0.554,0.546,0.542,N
0.534,0.554,0.538,0.564,0.524,0.56,N
0.542,0.548,0.546,0.544,0.542,0.552,N
0.528,0.562,0.524,0.558,0.54,0.556,N
0.546,0.534,0.546,0.55,0.546,0.56,N
0.536,0.556,0.53,0.546,0.538,0.544,N
0.542,0.538,0.534,0.552,0.534,0.548,N
0.526,0.546,0.536,0.546,0.536,0.56,N
0.526,0.55,0.534,0.548,0.548,0.536,N
0.53,0.544,0.538,0.56,0.524,0.55,N
0.532,0.544,0.552,0.534,0.54,0.546,N
0.528,0.562,0.522,0.55,0.538,0.554,N
0.534,0.546,0.534,0.544,0.534,0.54,N
0.538,0.542,0.53,0.546,0.534,0.542,N
0.538,0.534,0.536,0.544,0.536,0.536,N
0.53,0.542,0.532,0.55,0.528,0.53,N
0.546,0.524,0.53,0.542,0.528,0.53,N
0.536,0.528,0.528,0.538,0.532,0.526,N
0.53,0.528,0.526,0.538,0.53,0.528,N
0.528,0.526,0.528,0.54,0.526,0.524,N
0.528,0.53,0.526,0.534,0.526,0.53,N
0.536,0.524,0.524,0.53,0.536,0.526,N
0.53,0.52,0.524,0.54,0.528,0.52,N
0.52,0.526,0.532,0.526,0.526,0.53,N
0.532,0.526,0.52,0.528,0.534,0.53,N
0.532,0.516,0.52,0.54,0.536,0.526,N
0.528,0.53,0.53,0.54,0.528,0.52,N
0.538,0.532,0.526,0.534,0.528,0.526,N
0.544,0.522,0.526,0.53,0.534,0.526,N
0.528,0.522,0.522,0.538,0.534,0.524,N
0.528,0.522,0.524,0.542,0.53,0.53,N
0.528,0.524,0.528,0.538,0.536,0.52,N
0.538,0.524,0.526,0.542,0.524,0.524,N
0.526,0.52,0.538,0.526,0.526,0.53,N
0.522,0.53,0.52,0.534,0.53,0.528,N
0.532,0.542,0.526,0.544,0.532,0.53,N
0.546,0.53,0.53,0.538,0.536,0.522,N
0.538,0.538,0.524,0.538,0.54,0.514,N
0.528,0.544,0.538,0.548,0.528,0.538,N
0.528,0.554,0.53,0.554,0.526,0.538,N
0.534,0.548,0.53,0.544,0.538,0.538,N
0.526,0.552,0.524,0.546,0.538,0.536,N
0.522,0.55,0.53,0.548,0.536,0.544,N
0.52,0.548,0.534,0.544,0.54,0.544,N
0.524,0.55,0.532,0.552,0.534,0.526,N
0.53,0.546,0.532,0.558,0.52,0.542,N
0.534,0.544,0.53,0.542,0.536,0.552,N
0.526,0.56,0.518,0.544,0.54,0.55,N
0.526,0.534,0.542,0.546,0.54,0.554,N
0.512,0.546,0.538,0.552,0.542,0.544,N
0.526,0.546,0.54,0.56,0.532,0.538,N
0.528,0.554,0.54,0.548,0.53,0.544,N
0.532,0.562,0.528,0.544,0.536,0.538,N
0.534,0.55,0.524,0.552,0.528,0.544,N
0.526,0.544,0.532,0.546,0.534,0.548,N
0.522,0.55,0.526,0.55,0.54,0.544,N
0.528,0.548,0.532,0.552,0.532,0.53,N
0.52,0.548,0.54,0.548,0.524,0.534,N
0.53,0.55,0.53,0.538,0.536,0.536,N
0.544,0.536,0.522,0.544,0.536,0.552,N
0.53,0.536,0.53,0.54,0.542,0.522,N
0.518,0.54,0.536,0.552,0.52,0.576,N
0.524,0.538,0.544,0.518,0.574,0.532,N
0.526,0.55,0.518,0.58,0.522,0.55,N
0.532,0.53,0.56,0.544,0.54,0.542,N
0.51,0.58,0.522,0.552,0.534,0.538,N
0.54,0.546,0.536,0.544,0.536,0.542,N
0.516,0.554,0.53,0.544,0.538,0.552,N
0.528,0.544,0.534,0.546,0.54,0.554,N
0.522,0.546,0.538,0.55,0.544,0.54,N
0.526,0.548,0.536,0.554,0.532,0.54,N
0.532,0.548,0.54,0.546,0.534,0.544,N
0.534,0.546,0.532,0.552,0.528,0.546,N
0.536,0.542,0.534,0.546,0.532,0.548,N
0.528,0.548,0.53,0.546,0.534,0.556,N
0.53,0.544,0.534,0.546,0.544,0.542,N
0.522,0.546,0.534,0.556,0.532,0.542,N
0.528,0.548,0.54,0.546,0.53,0.544,N
0.524,0.556,0.53,0.548,0.534,0.552,N
0.532,0.548,0.526,0.548,0.54,0.528,N
0.528,0.544,0.534,0.554,0.524,0.544,N
0.518,0.554,0.532,0.534,0.544,0.542,N
0.526,0.552,0.524,0.558,0.524,0.556,N
0.526,0.534,0.544,0.542,0.542,0.532,N
0.516,0.558,0.522,0.56,0.53,0.544,N
0.534,0.546,0.534,0.548,0.536,0.55,N
0.52,0.558,0.528,0.55,0.536,0.55,N
0.528,0.544,0.538,0.548,0.536,0.54,N
0.522,0.548,0.536,0.55,0.526,0.528,N
0.526,0.546,0.536,0.538,0.528,0.582,N
0.524,0.546,0.522,0.584,0.52,0.526,N
0.518,0.532,0.564,0.544,0.526,0.536,N
0.514,0.58,0.522,0.532,0.54,0.554,N
0.572,0.528,0.522,0.54,0.556,0.534,N
0.52,0.534,0.534,0.56,0.532,0.584,N
0.514,0.542,0.554,0.534,0.572,0.508,N
0.526,0.562,0.528,0.584,0.5,0.518,N
0.552,0.532,0.584,0.504,0.512,0.568,N
0.524,0.578,0.502,0.522,0.556,0.534,N
0.582,0.506,0.508,0.562,0.522,0.574,N
0.506,0.514,0.556,0.538,0.556,0.576,N
0.5,0.564,0.518,0.578,0.548,0.528,N
0.532,0.54,0.552,0.578,0.51,0.534,N
0.506,0.578,0.548,0.534,0.522,0.534,N
0.538,0.578,0.51,0.542,0.532,0.55,N
0.552,0.526,0.514,0.546,0.548,0.536,N
0.516,0.54,0.526,0.56,0.524,0.56,N
0.51,0.548,0.542,0.542,0.544,0.536,N
0.516,0.56,0.524,0.564,0.52,0.538,N
0.538,0.536,0.546,0.538,0.54,0.546,N
0.528,0.554,0.52,0.554,0.536,0.538,N
0.544,0.53,0.538,0.55,0.524,0.556,N
0.514,0.546,0.544,0.53,0.548,0.528,N
0.53,0.552,0.52,0.556,0.524,0.562,N
0.536,0.528,0.544,0.53,0.562,0.554,N
0.51,0.558,0.522,0.564,0.54,0.528,N
0.534,0.534,0.554,0.558,0.52,0.554,N
0.512,0.564,0.54,0.532,0.552,0.544,N
0.54,0.558,0.52,0.556,0.534,0.552,N
0.532,0.534,0.544,0.55,0.532,0.546,N
0.512,0.556,0.532,0.556,0.528,0.564,N
0.532,0.55,0.53,0.55,0.54,0.512,N
0.526,0.552,0.524,0.566,0.514,0.556,N
0.54,0.536,0.538,0.54,0.54,0.544,N
0.528,0.546,0.536,0.55,0.536,0.55,N
0.52,0.562,0.526,0.548,0.542,0.54,N
0.526,0.55,0.536,0.554,0.526,0.546,N
0.52,0.548,0.54,0.544,0.536,0.556,N
0.526,0.556,0.522,0.552,0.546,0.534,N
0.532,0.546,0.532,0.564,0.52,0.542,N
0.516,0.558,0.54,0.538,0.53,0.574,N
0.526,0.562,0.518,0.548,0.546,0.552,N
0.536,0.53,0.538,0.57,0.522,0.552,N
0.514,0.544,0.55,0.548,0.526,0.554,N
0.53,0.566,0.526,0.546,0.536,0.524,N
0.516,0.548,0.53,0.526,0.562,0.552,N
0.514,0.55,0.524,0.562,0.544,0.546,N
0.514,0.534,0.556,0.554,0.534,0.552,N
0.508,0.564,0.542,0.548,0.532,0.564,N
0.542,0.556,0.53,0.554,0.542,0.556,N
0.532,0.548,0.53,0.566,0.53,0.52,N
0.52,0.556,0.54,0.558,0.512,0.548,N
0.538,0.552,0.538,0.528,0.53,0.548,N
0.536,0.554,0.51,0.546,0.53,0.54,N
0.536,0.514,0.54,0.544,0.526,0.6,N
0.506,0.538,0.54,0.526,0.588,0.552,N
0.532,0.54,0.528,0.6,0.534,0.52,N
0.534,0.548,0.516,0.55,0.596,0.5,N
0.524,0.52,0.552,1.096,0.542,0.548,N
0.508,0.544,1.098,0.546,0.554,0.532,N
0.52,0.57,0.538,0.542,0.554,0.538,N
0.574,0.542,0.534,0.558,0.532,0.578,N
0.55,0.522,0.562,0.542,0.56,0.552,N
0.516,0.506,0.64,0.508,0.536,0.56,N
0.512,0.524,1.12,0.568,0.532,0.506,N
0.534,1.048,0.602,0.526,0.584,0.516,N
0.574,1.08,0.534,0.576,0.53,0.54,N
1.082,0.536,0.58,0.51,0.562,0.576,N
0.53,0.582,0.51,0.564,0.572,0.538,N
0.54,0.572,0.516,0.562,0.564,0.552,N
0.588,1.064,0.576,0.538,0.564,0.548,N
0.576,1.066,0.566,0.546,0.54,0.572,N
1.06,0.572,0.54,0.57,0.538,0.544,N
0.548,0.548,0.556,0.558,0.55,0.558,N
0.552,0.546,0.554,0.558,0.558,0.55,N
0.552,0.546,0.552,0.566,0.548,0.56,N
0.552,0.544,0.562,0.554,0.562,0.55,N
0.552,0.55,0.554,0.566,0.544,0.556,N
0.56,0.548,0.558,0.562,0.538,0.568,N
0.548,0.562,0.546,0.554,0.564,0.558,N
0.564,0.54,0.554,0.566,0.56,0.552,N
0.556,0.534,0.568,0.564,0.56,0.556,N
0.534,0.564,0.562,0.564,0.562,0.55,N
0.556,0.554,0.562,0.572,0.554,0.548,N
0.556,0.55,0.57,0.56,0.554,0.552,N
0.558,0.55,0.56,0.56,0.55,0.56,N
0.562,0.542,0.558,0.558,0.56,0.554,N
0.552,0.544,0.558,0.564,0.554,0.554,N
0.554,0.542,0.562,0.564,0.552,0.556,N
0.544,0.556,0.562,0.558,0.562,0.536,N
0.558,0.548,0.56,0.568,0.532,0.564,N
0.558,0.548,0.558,0.546,0.562,0.558,N
0.554,0.558,0.538,0.564,0.56,0.558,N
0.564,0.526,0.564,0.564,0.564,0.554,N
0.534,0.554,0.564,0.566,0.56,0.554,N
0.552,0.556,0.562,0.57,0.556,0.55,N
0.558,0.55,0.568,0.564,0.552,0.558,N
0.558,0.55,0.564,0.56,0.562,0.552,N
0.556,0.552,0.558,0.566,0.558,0.552,N
0.552,0.546,0.564,0.566,0.554,0.554,N
0.55,0.55,0.566,0.564,0.554,0.554,N
0.556,0.548,0.564,0.564,0.556,0.548,N
0.554,0.548,0.564,0.562,0.552,0.552,N
0.552,0.548,0.56,0.562,0.548,0.564,N
0.558,0.55,0.554,0.56,0.564,0.56,N
0.552,0.544,0.558,0.568,0.558,0.56,N
0.548,0.546,0.57,0.562,0.56,0.574,N
0.534,0.566,0.568,0.56,0.58,0.562,N
0.544,0.566,0.56,0.582,0.564,0.546,N
0.548,0.558,0.582,0.564,0.554,0.558,N
0.556,0.574,0.566,0.558,0.566,0.548,N
0.568,0.558,0.558,0.572,0.55,0.556,N
0.56,0.54,0.57,0.556,0.576,0.544,N
0.542,0.558,0.556,0.576,0.556,0.564,N
0.556,0.548,0.57,0.564,0.57,0.532,N
0.54,0.556,0.568,0.574,0.536,0.566,N
0.576,0.538,0.57,0.546,0.568,0.56,N
0.548,0.56,0.54,0.572,0.562,0.576,N
0.562,0.53,0.572,0.562,0.58,0.548,N
0.522,0.566,0.568,0.576,0.558,0.572,N
0.544,0.568,0.572,0.562,0.574,0.552,N
0.558,0.564,0.564,0.576,0.56,0.578,N
0.56,0.558,0.576,0.566,0.586,0.548,N
0.53,0.57,0.568,0.586,0.56,0.538,N
0.558,0.548,0.584,0.566,0.54,0.586,N
0.542,0.572,0.568,0.546,0.586,0.568,N
0.564,0.556,0.548,0.588,0.568,0.554,N
0.536,0.548,0.584,0.572,0.562,0.56,N
0.528,0.586,0.57,0.564,0.566,0.534,N
0.588,0.56,0.554,0.57,0.54,0.594,N
0.562,0.548,0.566,0.54,0.592,0.556,N
0.552,0.554,0.542,0.592,0.558,0.558,N
0.548,0.534,0.592,0.56,0.56,0.562,N
0.524,0.588,0.562,0.56,0.574,0.56,N
0.586,0.554,0.566,0.574,0.564,0.542,N
0.542,0.564,0.568,0.57,0.542,0.566,N
0.56,0.56,0.568,0.548,0.574,0.558,N
0.574,0.546,0.55,0.582,0.552,0.602,N
0.542,0.538,0.58,0.558,0.602,0.522,N
0.534,0.57,0.566,0.59,0.538,0.542,N
0.566,0.56,0.584,0.548,0.538,0.556,N
0.544,0.602,0.524,0.55,0.558,0.564,N
0.592,0.526,0.548,0.558,0.564,0.56,N
0.538,0.538,0.558,0.566,0.568,0.564,N
0.53,0.552,0.57,0.572,0.566,0.552,N
0.546,0.57,0.57,0.57,0.562,0.56,N
0.548,0.56,0.576,0.566,0.564,0.552,N
0.552,0.57,0.564,0.572,0.558,0.566,N
0.554,0.556,0.572,0.566,0.564,0.536,N
0.554,0.558,0.568,0.56,0.544,0.572,N
0.55,0.556,0.556,0.554,0.572,0.576,N
0.544,0.548,0.56,0.574,0.58,0.55,N
0.562,0.53,0.576,0.578,0.546,0.574,N
0.53,0.572,0.574,0.548,0.576,0.578,N
0.564,0.572,0.548,0.57,0.586,0.544,N
0.572,0.546,0.562,0.588,0.546,0.564,N
0.548,0.548,0.582,0.554,0.562,0.58,N
0.562,0.566,0.556,0.564,0.582,0.544,N
0.57,0.538,0.566,0.578,0.552,0.596,N
0.528,0.562,0.574,0.56,0.588,0.546,N
0.558,0.572,0.564,0.584,0.554,0.56,N
0.582,0.544,0.592,0.546,0.564,0.558,N
0.542,0.598,0.532,0.56,0.57,0.552,N
0.594,0.528,0.554,0.574,0.558,0.56,N
0.546,0.528,0.576,0.566,0.57,0.586,N
0.556,0.536,0.568,0.57,0.59,0.518,N
0.564,0.546,0.562,0.59,0.528,0.57,N
0.554,0.554,0.588,0.532,0.572,0.548,N
0.556,0.584,0.526,0.572,0.552,0.57,N
0.586,0.516,0.568,0.562,0.568,0.556,N
0.516,0.562,0.566,0.57,0.566,0.55,N
0.566,0.548,0.564,0.564,0.566,0.542,N
0.55,0.552,0.56,0.57,0.554,0.548,N
0.562,0.544,0.564,0.56,0.564,0.554,N
0.552,0.554,0.554,0.566,0.558,0.59,N
0.564,0.534,0.56,0.574,0.56,0.56,N
0.552,0.554,0.574,0.582,0.558,0.558,N
0.558,0.554,0.58,0.562,0.56,0.544,N
0.546,0.572,0.558,0.564,0.548,0.59,N
0.574,0.542,0.562,0.568,0.576,0.556,N
0.536,0.558,0.568,0.576,0.56,0.564,N
0.554,0.556,0.578,0.566,0.57,0.544,N
0.536,0.582,0.568,0.57,0.552,0.572,N
0.594,0.558,0.566,0.562,0.574,0.564,N
0.554,0.566,0.558,0.574,0.566,0.57,N
0.568,0.554,0.57,0.568,0.57,0.572,N
0.55,0.568,0.564,0.57,0.574,0.566,N
0.566,0.566,0.568,0.576,0.564,0.578,N
0.562,0.566,0.576,0.564,0.578,0.56,N
0.554,0.574,0.56,0.576,0.568,0.564,N
0.562,0.554,0.576,0.57,0.566,0.57,N
0.54,0.576,0.572,0.568,0.568,0.564,N
0.566,0.568,0.57,0.576,0.568,0.536,N
0.552,0.566,0.578,0.57,0.542,0.608,N
0.552,0.568,0.574,0.548,0.6,0.57,N
0.566,0.57,0.544,0.606,0.566,0.552,N
0.57,0.57,1.144,0.562,0.554,0.58,N
0.57,1.138,0.56,0.558,0.582,0.554,N
1.136,0.558,0.562,0.58,0.55,0.822,N
1.14,0.556,0.562,0.58,0.548,0.822,N
0.56,0.576,0.55,0.822,0.848,0.614,N
0.564,0.572,0.546,0.82,0.86,0.608,N
0.57,0.544,0.816,0.9,0.578,0.632,N
0.55,0.806,0.896,0.582,0.636,1.016,N
0.774,0.89,0.586,0.662,0.544,1.062,N
0.884,0.758,0.502,0.534,1.054,0.558,N
0.862,0.592,0.676,0.532,1.026,0.58,N
0.592,0.674,0.54,1.012,0.588,0.674,N
0.586,0.674,0.536,1.016,0.588,1.186,N
0.592,0.668,0.534,1.016,0.592,1.184,N
0.672,0.53,1.016,0.592,0.674,0.514,N
0.53,1.014,0.592,0.672,0.52,1.082,N
0.502,0.956,0.602,0.698,0.888,2.94,N
0.672,0.608,0.692,0.892,2.94,1.148,N
0.61,0.694,0.892,2.944,1.146,0.572,N
0.698,0.89,3.524,0.572,0.572,0.578,N
1.044,3.13,0.97,0.574,0.578,0.57,N
1.272,2.852,0.57,0.572,0.566,0.548,N
3.51,0.58,0.572,0.572,0.578,0.546,N
0.552,0.58,0.572,0.584,0.568,0.58,N
0.576,0.566,0.586,0.57,0.578,0.57,N
0.566,0.578,0.57,0.582,0.568,0.582,N
0.574,0.564,0.582,0.57,0.582,0.574,N
0.56,0.576,0.57,0.586,0.572,0.576,N
0.572,0.564,0.586,0.574,0.576,0.586,N
0.562,0.582,0.57,0.58,0.588,0.562,N
0.58,0.562,0.58,0.59,0.56,0.58,N
0.562,0.572,0.592,0.56,0.58,0.574,N
0.568,0.592,0.554,0.584,0.572,0.59,N
0.59,0.546,0.578,0.576,0.592,0.568,N
0.552,0.568,0.576,0.594,0.568,0.588,N
0.564,0.57,0.594,0.568,0.59,0.57,N
0.566,0.59,0.566,0.594,0.57,0.568,N
0.584,0.562,0.596,0.57,0.568,0.58,N
0.558,0.59,0.57,0.57,0.58,0.58,N
0.59,0.562,0.57,0.582,0.58,0.58,N
0.56,0.564,0.582,0.582,0.58,0.578,N
0.56,0.576,0.58,0.586,0.578,0.576,N
0.574,0.57,0.59,0.58,0.574,0.568,N
0.568,0.58,0.576,0.578,0.57,0.582,N
0.576,0.572,0.578,0.57,0.582,0.572,N
0.574,0.564,0.566,0.59,0.57,0.586,N
0.556,0.556,0.594,0.572,0.586,0.586,N
0.552,0.588,0.574,0.588,0.586,0.566,N
0.582,0.568,0.588,0.586,0.566,0.58,N
0.56,0.582,0.588,0.568,0.58,0.582,N
0.576,0.582,0.57,0.582,0.58,0.576,N
0.578,0.564,0.582,0.582,0.576,0.58,N
0.56,0.576,0.584,0.576,0.582,0.576,N
0.572,0.578,0.578,0.582,0.576,0.582,N
0.572,0.572,0.582,0.578,0.582,0.558,N
0.572,0.576,0.576,0.582,0.564,0.584,N
0.574,0.574,0.58,0.566,0.582,0.572,N
0.57,0.574,0.556,0.598,0.564,0.59,N
0.572,0.546,0.602,0.568,0.586,0.588,N
0.544,0.598,0.572,0.588,0.588,0.576,N
0.594,0.57,0.586,0.594,0.576,0.574,N
0.566,0.58,0.598,0.576,0.574,0.584,N
0.576,0.596,0.576,0.576,0.582,0.586,N
0.592,0.568,0.578,0.584,0.588,0.566,N
0.566,0.574,0.582,0.592,0.564,0.582,N
0.572,0.576,0.596,0.564,0.58,0.566,N
0.572,0.592,0.564,0.58,0.568,0.558,N
0.584,0.564,0.58,0.568,0.562,0.592,N
0.568,0.578,0.564,0.568,0.586,0.578,N
0.576,0.56,0.556,0.598,0.572,0.596,N
0.56,0.546,0.596,0.574,0.6,0.578,N
0.544,0.588,0.576,0.604,0.576,0.58,N
0.588,0.57,0.604,0.578,0.582,0.574,N
0.564,0.602,0.578,0.586,0.574,0.566,N
0.6,0.57,0.588,0.578,0.564,0.592,N
0.568,0.584,0.576,0.568,0.59,0.576,N
0.582,0.572,0.568,0.59,0.578,0.582,N
0.568,0.562,0.59,0.58,0.58,0.554,N
0.562,0.582,0.58,0.582,0.552,0.58,N
0.576,0.574,0.582,0.556,0.578,0.588,N
0.572,0.58,0.56,0.574,0.584,0.576,N
0.576,0.548,0.58,0.59,0.574,0.582,N
0.544,0.576,0.594,0.578,0.58,0.58,N
0.58,0.586,0.578,0.58,0.58,0.578,N
0.58,0.572,0.58,0.58,0.58,0.572,N
0.568,0.572,0.582,0.582,0.572,0.566,N
0.57,0.574,0.584,0.572,0.566,0.578,N
0.57,0.58,0.57,0.568,0.58,0.576,N
0.58,0.564,0.568,0.58,0.578,0.586,N
0.562,0.564,0.58,0.58,0.584,0.578,N
0.564,0.572,0.58,0.59,0.576,0.56,N
0.57,0.574,0.588,0.578,0.558,0.584,N
0.57,0.582,0.578,0.564,0.58,0.582,N
0.58,0.574,0.556,0.586,0.584,0.58,N
0.576,0.546,0.588,0.588,0.58,0.568,N
0.546,0.582,0.592,0.58,0.566,0.58,N
0.578,0.588,0.582,0.568,0.578,0.574,N
0.586,0.58,0.564,0.58,0.572,0.586,N
0.578,0.562,0.58,0.574,0.584,0.57,N
0.558,0.578,0.572,0.586,0.57,0.584,N
0.576,0.566,0.588,0.572,0.582,0.572,N
0.562,0.584,0.572,0.584,0.572,0.584,N
0.582,0.564,0.586,0.572,0.586,0.566,N
0.564,0.582,0.572,0.584,0.566,0.576,N
0.576,0.57,0.584,0.566,0.578,0.582,N
0.568,0.584,0.562,0.576,0.584,0.574,N
0.58,0.556,0.57,0.592,0.574,0.57,N
0.56,0.56,0.592,0.578,0.568,0.59,N
0.556,0.588,0.58,0.57,0.588,0.58,N
0.588,0.574,0.574,0.59,0.58,0.584,N
0.572,0.57,0.59,0.582,0.582,0.57,N
0.566,0.584,0.58,0.586,0.568,0.574,N
0.576,0.576,0.586,0.568,0.574,0.586,N
0.576,0.582,0.564,0.578,0.588,0.572,N
0.582,0.554,0.582,0.59,0.57,0.59,N
0.55,0.578,0.596,0.572,0.588,0.568,N
0.572,0.586,0.57,0.588,0.568,0.59,N
0.582,0.568,0.58,0.574,0.588,0.584,N
0.576,0.55,0.584,0.596,0.586,0.578,N
0.544,0.576,0.598,0.592,0.58,0.58,N
0.574,0.588,0.594,0.588,0.576,0.586,N
0.582,0.584,0.596,0.578,0.586,0.586,N
0.58,0.59,0.578,0.588,0.59,0.578,N
0.582,0.586,0.574,0.584,0.598,0.578,N
0.59,0.57,0.578,0.6,0.582,0.58,N
0.578,0.576,0.588,1.174,1.16,0.574,N
0.578,0.584,1.17,1.164,0.572,0.59,N
0.58,0.578,0.584,1.172,0.568,0.592,N
0.59,0.578,1.164,0.568,0.59,0.584,N
0.59,1.162,0.564,0.594,0.584,0.58,N
1.172,0.552,0.594,0.596,0.58,0.586,N
0.59,0.55,0.586,1.186,0.584,0.588,N
0.562,0.582,1.178,0.59,0.59,0.58,N
0.588,0.572,0.596,0.594,0.58,0.584,N
0.568,0.59,0.598,0.582,0.584,0.584,N
0.584,0.588,0.588,0.588,0.584,0.582,N
0.58,0.584,0.582,0.596,0.588,0.586,N
0.58,0.576,0.594,0.596,0.586,0.576,N
0.574,0.586,0.6,0.592,0.574,0.564,N
0.582,0.588,0.606,0.572,0.568,0.582,N
0.592,0.594,0.574,0.566,0.582,0.586,N
0.602,0.568,0.568,0.582,0.584,0.584,N
0.57,0.56,0.586,0.588,0.588,0.586,N
0.552,0.59,0.586,0.598,0.582,0.58,N
0.586,0.582,0.598,0.584,0.58,0.588,N
0.58,0.588,0.588,0.588,0.588,0.578,N
0.584,0.584,0.588,0.594,0.58,0.582,N
0.584,0.58,0.598,0.582,0.582,0.578,N
0.576,0.592,0.586,0.584,0.578,0.572,N
0.586,0.582,0.59,0.58,0.572,0.584,N
0.58,0.59,0.582,0.574,0.586,0.562,N
0.59,0.584,0.572,0.59,0.56,0.578,N
0.578,0.566,0.59,0.562,0.574,0.588,N
0.564,0.588,0.56,0.574,0.588,0.59,N
0.592,0.544,0.576,0.596,0.588,0.576,N
0.538,0.572,0.598,0.594,0.572,0.588,N
0.572,0.594,0.596,0.574,0.588,0.582,N
0.592,0.584,0.58,0.596,0.582,0.578,N
0.574,0.576,0.6,0.586,0.578,0.578,N
0.576,0.594,0.588,0.58,0.58,0.58,N
0.594,0.578,0.584,0.586,0.576,0.576,N
0.57,0.578,0.592,0.576,0.576,0.58,N
0.578,0.59,0.574,0.578,0.582,0.572,N
0.592,0.564,0.58,0.586,0.566,0.58,N
0.56,0.574,0.586,0.566,0.578,0.594,N
0.572,0.582,0.564,0.578,0.596,0.582,N
0.584,0.552,0.578,0.604,0.582,0.578,N
0.548,0.57,0.606,0.588,0.58,0.58,N
0.568,0.598,0.592,0.584,0.578,0.582,N
0.596,0.584,0.588,0.58,0.58,0.574,N
0.586,0.582,0.582,0.584,0.57,0.586,N
0.578,0.58,0.582,0.572,0.584,0.574,N
0.582,0.58,0.572,0.586,0.574,0.576,N
0.576,0.572,0.584,0.574,0.578,0.584,N
0.574,0.58,0.574,0.582,0.582,0.574,N
0.578,0.566,0.586,0.586,0.574,0.568,N
0.568,0.578,0.586,0.572,0.57,0.584,N
0.574,0.584,0.57,0.572,0.582,0.584,N
0.584,0.566,0.564,0.59,0.58,0.586,N
0.568,0.554,0.594,0.58,0.584,0.58,N
0.552,0.588,0.584,0.588,0.576,0.586,N
0.582,0.578,0.594,0.578,0.586,0.582,N
0.576,0.59,0.578,0.592,0.582,0.57,N
0.59,0.572,0.592,0.582,0.57,0.584,N
0.572,0.588,0.584,0.572,0.582,0.58,N
0.586,0.578,0.578,0.58,0.584,0.586,N
0.574,0.582,0.574,0.592,0.584,0.556,N
0.588,0.564,0.596,0.586,0.562,0.59,N
0.558,0.594,0.586,0.566,0.584,0.584,N
0.566,0.59,0.582,0.566,0.584,0.582,N
0.598,0.578,0.58,0.564,0.598,0.58,N
0.584,0.586,0.594,0.55,1.768,1.174,N
0.586,0.586,0.586,0.562,2.938,1.768,N
0.578,0.592,0.58,0.586,4.104,0.574,N
0.604,0.582,0.588,4.09,0.572,0.596,N
0.586,0.58,0.592,3.492,1.176,0.582,N
0.58,0.596,2.908,0.582,1.76,0.606,N
0.586,2.324,1.166,0.588,0.584,0.606,N
0.586,1.184,0.564,2.914,0.592,0.588,N
0.592,0.578,2.912,0.59,0.582,0.602,N
0.582,1.162,0.598,0.586,0.58,0.588,N
0.584,0.586,0.594,0.586,0.584,0.568,N
0.578,0.59,0.596,0.584,0.57,0.596,N
0.588,0.594,0.58,0.578,0.592,0.554,N
0.604,0.558,0.594,0.592,0.554,0.592,N
0.554,0.586,0.594,0.554,0.59,0.586,N
0.584,0.59,0.552,0.588,0.588,0.588,N
0.584,0.546,0.584,0.6,0.586,0.588,N
0.552,0.588,0.594,0.596,0.586,0.586,N
0.58,0.586,0.6,0.588,0.588,0.58,N
0.582,0.588,0.594,0.596,0.578,0.582,N
0.582,0.586,0.604,0.58,0.582,0.584,N
0.584,0.594,0.586,0.588,0.58,0.582,N
0.584,0.582,0.598,0.584,0.58,0.578,N
0.582,0.59,0.59,0.582,0.576,0.596,N
0.582,0.586,0.588,0.584,0.592,0.572,N
0.58,0.58,0.594,0.594,0.578,0.578,N
0.578,0.59,0.596,0.58,0.576,0.59,N
0.592,0.59,0.582,0.574,0.59,0.594,N
0.592,0.582,0.57,0.6,0.586,0.59,N
0.576,0.57,0.594,0.596,0.588,0.588,N
0.572,0.584,0.6,0.594,0.586,0.582,N
0.582,0.59,0.598,0.59,0.582,0.582,N
0.584,0.592,0.592,0.588,0.582,0.58,N
0.592,0.578,0.594,0.588,0.578,0.582,N
0.574,0.584,0.596,0.584,0.58,0.586,N
0.578,0.588,0.592,0.584,0.584,0.59,N
0.58,0.59,0.588,0.586,0.59,0.564,N
0.584,0.582,0.588,0.598,0.568,0.582,N
0.58,0.582,0.6,0.568,0.582,0.588,N
0.578,0.6,0.566,0.58,0.59,0.586,N
0.6,0.562,0.578,0.598,0.588,0.582,N
0.568,0.576,0.592,0.596,0.586,0.58,N
0.574,0.586,0.592,0.596,0.578,0.586,N
0.582,0.586,0.602,0.58,0.584,0.58,N
0.582,0.594,0.586,0.586,0.58,0.586,N
0.588,0.582,0.59,0.584,0.586,0.584,N
0.58,0.582,0.594,0.586,0.584,0.578,N
0.578,0.588,0.59,0.588,0.58,0.578,N
0.59,0.58,0.594,0.582,0.576,0.574,N
0.572,0.59,0.592,0.578,0.576,0.574,N
0.588,0.588,0.578,0.578,0.572,0.588,N
0.584,0.574,0.578,0.57,0.588,0.584,N
0.584,0.57,0.56,0.596,0.586,0.588,N
0.566,0.558,0.594,0.594,0.586,0.582,N
0.568,0.588,0.592,0.592,0.582,0.588,N
0.582,0.584,0.596,0.584,0.588,0.582,N
0.582,0.59,0.588,0.59,0.58,0.584,N
0.588,0.582,0.592,0.584,0.582,0.59,N
0.582,0.586,0.586,0.584,0.592,0.584,N
0.584,0.576,0.586,0.6,0.584,0.584,N
0.572,0.582,0.604,0.588,0.578,0.578,N
0.58,0.596,0.598,0.576,0.582,0.578,N
0.596,0.592,0.58,0.582,0.574,0.584,N
0.59,0.582,0.584,0.57,0.584,0.604,N
0.596,0.582,0.566,0.592,0.598,0.592,N
0.572,0.57,0.592,0.604,0.586,0.59,N
0.568,0.58,0.608,0.596,0.586,0.588,N
0.578,0.598,0.604,0.584,0.588,0.59,N
0.588,0.592,0.59,0.598,0.578,0.582,N
0.582,0.584,0.606,0.584,0.574,0.59,N
0.584,0.582,0.594,0.598,0.568,0.592,N
0.588,0.598,0.566,0.594,0.59,0.61,N
0.588,0.59,1.758,0.592,0.574,0.578,N
0.582,0.57,0.582,1.204,0.572,0.574,N
0.576,0.594,0.61,0.57,0.572,0.596,N
0.588,0.616,0.564,0.57,0.598,0.598,N
0.62,0.548,0.574,0.606,0.594,0.592,N
0.562,0.572,0.6,0.604,0.59,0.584,N
0.566,0.596,0.6,0.6,0.582,0.592,N
0.594,0.59,0.6,0.588,0.592,0.586,N
0.586,0.588,0.59,0.602,0.586,0.586,N
0.584,0.584,0.604,0.59,0.584,0.59,N
0.582,0.59,0.594,0.592,0.586,0.586,N
0.584,0.58,0.598,0.598,0.582,0.592,N
0.578,0.586,0.602,0.586,0.584,0.584,N
0.582,0.584,0.59,0.598,0.576,0.588,N
0.58,0.584,0.606,0.57,0.59,0.596,N
0.58,0.604,0.57,0.59,0.594,0.6,N
0.592,0.572,0.582,0.606,0.594,0.612,N
0.57,0.58,0.604,0.602,0.592,0.592,N
0.582,0.592,0.6,0.602,0.584,0.606,N
0.592,0.59,0.614,0.58,0.596,0.586,N
0.586,0.6,0.586,0.6,0.58,0.594,N
0.59,0.58,0.61,0.58,0.592,0.59,N
0.576,0.598,0.584,0.596,0.588,0.59,N
0.588,0.582,0.598,0.592,0.588,0.592,N
0.578,0.588,0.594,0.594,0.588,0.57,N
0.582,0.586,0.6,0.592,0.57,0.588,N
0.584,0.594,0.594,0.572,0.584,0.592,N
0.584,0.6,0.572,0.586,0.59,0.6,N
0.59,0.562,0.596,0.594,0.594,0.584,N
0.562,0.588,0.59,0.606,0.582,0.588,N
0.58,0.584,0.61,0.578,0.59,0.588,N
0.578,0.602,0.576,0.598,0.588,0.588,N
0.598,0.572,0.594,0.596,0.588,0.588,N
0.572,0.586,0.594,0.594,0.586,0.586,N
0.578,0.586,0.596,0.594,0.582,0.588,N
0.58,0.59,0.598,0.586,0.582,0.59,N
0.584,0.588,0.594,0.584,0.588,0.574,N
0.582,0.588,0.59,0.59,0.574,0.594,N
0.59,0.584,0.588,0.578,0.592,0.586,N
0.58,0.59,0.572,0.6,0.582,0.586,N
0.592,0.56,0.606,0.588,0.58,0.592,N
0.56,0.592,0.59,0.586,0.59,0.59,N
0.586,0.58,0.588,0.592,0.596,0.588,N
0.578,0.58,0.592,0.598,0.588,0.586,N
0.578,0.588,0.592,0.598,0.582,0.59,N
0.586,0.582,0.604,0.586,0.588,0.588,N
0.582,0.588,0.598,0.59,0.582,0.59,N
0.582,0.588,0.596,0.588,0.588,0.59,N
0.58,0.586,0.6,0.588,0.584,0.582,N
0.58,0.59,0.592,0.594,0.574,0.594,N
0.59,0.584,0.596,0.574,0.592,0.59,N
0.58,0.602,0.568,0.598,0.572,0.602,N
0.596,0.564,0.602,0.58,0.596,0.582,N
0.566,0.59,0.596,0.596,0.578,0.598,N
0.584,0.586,0.602,0.582,0.594,0.584,N
0.594,0.568,0.578,1.184,0.586,0.588,N
0.582,0.588,0.59,0.568,0.594,0.59,N
0.59,0.59,0.562,0.594,0.596,0.576,N
0.592,0.562,0.586,0.6,0.574,1.18,N
0.572,0.584,0.592,0.574,1.186,0.582,N
0.586,0.584,0.572,1.194,0.578,0.576,N
0.59,0.566,1.192,0.576,0.576,0.59,N
0.578,1.19,0.574,0.576,0.586,0.598,N
0.6,0.57,0.578,0.59,0.594,0.586,N
0.572,0.572,0.592,0.6,0.586,0.578,N
0.572,0.588,0.604,0.588,0.574,0.592,N
0.586,0.6,0.588,0.574,0.594,0.582,N
0.6,0.578,0.572,0.602,0.58,0.584,N
0.584,0.574,0.594,0.576,0.588,0.584,N
0.576,0.588,0.58,0.59,0.582,0.572,N
0.588,0.576,0.588,0.582,0.572,0.59,N
0.582,0.59,0.574,0.576,0.588,0.586,N
0.588,0.564,0.578,0.594,0.588,0.582,N
0.574,0.568,0.594,0.598,0.582,0.586,N
0.584,0.588,0.584,0.584,0.596,0.58,N
0.584,0.58,0.58,0.59,0.598,0.582,N
0.58,0.576,0.586,0.6,1.746,0.594,N
0.576,0.58,0.592,1.758,0.59,0.574,N
0.58,0.586,1.766,0.586,0.57,0.596,N
0.59,0.584,1.176,0.582,0.572,0.596,N
0.584,1.18,0.582,0.572,0.59,0.578,N
0.6,0.564,0.582,0.594,0.572,0.59,N
0.594,0.566,1.176,0.576,0.588,0.592,N
0.568,0.596,0.582,0.592,0.59,0.582,N
0.59,0.578,0.59,0.596,0.58,0.588,N
0.574,0.588,0.598,0.582,0.59,0.586,N
0.586,0.594,0.584,0.594,0.58,0.586,N
0.582,1.184,0.578,0.578,0.592,0.59,N
0.59,0.566,0.58,0.596,0.6,1.172,N
0.582,0.584,0.576,0.588,1.188,0.57,N
0.586,0.582,0.584,1.184,0.572,0.59,N
0.586,0.582,1.176,0.57,0.598,1.792,N
0.586,0.584,0.564,0.6,1.79,0.61,N
0.58,0.564,0.598,1.784,0.604,0.586,N
0.572,0.616,1.77,0.598,0.576,1.18,N
0.57,0.594,0.596,0.604,0.578,0.586,N
0.582,0.578,0.59,1.182,0.586,0.59,N
0.594,0.58,0.578,0.596,0.568,2.984,N
0.59,0.582,0.588,0.608,0.576,0.588,N
0.6,0.588,0.582,0.592,0.588,0.592,N
0.602,0.588,0.582,0.58,0.6,1.77,N
0.602,0.584,0.574,0.588,1.778,1.166,N
0.61,0.576,0.58,2.94,0.59,0.614,N
0.584,0.582,0.588,2.346,0.588,1.2,N
0.588,0.588,1.768,0.574,1.786,0.594,N
0.604,0.598,0.584,1.74,1.786,1.192,N
0.604,0.596,1.178,0.554,2.974,0.598,N
0.608,1.178,0.56,3.566,0.578,0.596,N
0.604,0.572,0.59,0.594,3.544,0.596,N
0.596,0.616,0.58,4.126,0.59,0.578,N
0.61,0.596,0.59,0.574,2.948,1.172,N
0.604,0.596,0.578,2.938,1.166,0.6,N
0.588,0.584,2.352,1.16,0.594,0.608,N
0.586,0.594,2.342,0.574,0.594,0.606,N
0.582,1.764,0.574,0.588,0.598,0.594,N
0.588,1.174,0.572,0.592,0.592,0.588,N
0.586,0.562,0.6,0.6,0.582,0.59,N
0.568,0.59,0.604,0.588,0.586,0.592,N
0.584,0.592,0.594,0.592,0.586,0.594,N
0.586,0.584,0.6,0.588,0.588,0.588,N
0.578,0.586,0.6,0.592,0.578,0.59,N
0.582,0.58,0.59,0.6,0.582,0.582,N
0.582,0.584,0.592,0.59,0.582,1.198,N
0.584,0.586,0.58,0.588,1.192,1.166,N
0.588,0.572,0.586,1.196,0.578,0.58,N
0.578,0.584,1.192,0.578,0.578,0.604,N
0.584,1.768,0.578,0.596,0.598,0.594,N
0.588,1.166,0.586,0.6,0.584,0.596,N
0.564,0.578,0.608,0.59,0.59,0.586,N
0.57,0.576,0.594,0.602,0.59,0.584,N
0.586,0.584,0.596,0.602,0.576,0.59,N
0.602,0.582,0.582,0.61,0.564,0.6,N
0.606,0.59,0.594,0.602,0.556,2.382,N
0.608,0.592,2.366,0.588,1.162,0.618,N
0.616,1.758,0.602,0.574,1.196,1.19,N
0.614,1.146,0.606,0.588,0.596,1.788,N
0.552,0.606,0.58,0.596,0.604,1.182,N
0.612,0.578,0.584,0.61,1.178,0.558,N
0.576,0.622,0.58,0.58,0.596,1.188,N
0.592,0.596,0.59,1.184,0.548,3.604,N
0.596,0.61,0.584,0.586,0.554,3.59,N
0.578,0.582,1.206,0.586,0.586,0.602,N
0.582,1.206,0.58,0.586,0.598,0.608,N
0.592,1.198,0.582,0.586,0.6,0.602,N
0.592,0.576,0.586,0.602,0.602,0.6,N
0.616,0.576,0.576,0.598,0.608,0.594,N
0.606,0.594,0.568,0.602,0.598,0.6,N
0.592,0.578,0.598,0.6,0.6,1.798,N
0.592,0.614,0.594,0.592,1.782,2.952,N
0.624,0.592,0.608,0.584,1.188,2.948,N
0.608,0.612,0.598,1.174,2.942,0.608,N
0.608,0.61,0.59,0.58,2.94,0.604,N
0.6,0.606,0.586,2.934,1.806,0.592,N
0.606,0.594,2.928,1.81,0.586,0.604,N
0.602,1.77,0.552,1.81,0.584,0.6,N
1.79,0.548,1.804,0.592,0.6,0.594,N
1.798,0.546,1.808,1.182,0.6,0.592,N
0.552,1.802,0.582,0.598,0.596,0.602,N
1.188,0.594,0.598,0.59,0.598,0.6,N
1.198,0.586,0.598,0.598,0.59,0.6,N
0.594,0.574,0.596,0.596,0.6,0.59,N
0.594,0.588,0.586,0.604,0.592,1.188,N
0.588,0.584,0.59,0.604,1.18,0.592,N
0.59,0.586,0.594,1.19,0.582,0.586,N
0.596,0.586,1.19,0.584,0.584,0.594,N
0.586,0.588,0.594,0.59,0.584,0.59,N
0.586,0.588,0.586,0.578,1.802,0.588,N
0.602,0.59,0.58,0.576,2.39,0.6,N
0.598,0.586,0.58,0.584,1.792,0.598,N
0.598,0.594,0.588,0.584,1.782,0.594,N
0.586,0.592,0.6,0.59,1.184,2.384,N
0.6,0.602,0.586,0.59,2.366,1.194,N
0.602,0.602,0.58,2.366,1.192,0.578,N
0.614,0.58,2.366,1.176,0.584,0.614,N
0.602,0.588,1.764,1.182,0.582,0.624,N
0.596,1.184,0.57,1.19,0.582,1.22,N
0.592,0.602,0.57,1.184,0.586,1.216,N
0.61,0.574,1.176,0.588,0.602,0.61,N
0.592,0.578,0.578,0.62,0.596,1.782,N
0.608,0.586,0.578,0.598,0.612,1.77,N
0.588,0.6,0.588,0.594,2.374,1.186,N
0.588,0.59,0.614,0.59,1.778,1.172,N
0.604,0.612,0.566,0.64,1.156,0.584,N
0.602,0.572,0.644,0.558,1.174,2.4,N
0.598,0.628,0.576,0.582,2.98,1.174,N
0.62,0.592,0.59,0.584,3.556,1.202,N
0.588,0.6,0.594,3.546,1.202,0.606,N
0.596,0.6,0.596,0.586,3.566,0.604,N
0.592,0.604,0.602,1.18,2.97,0.596,N
0.596,0.6,1.19,3.566,0.588,0.594,N
0.594,0.6,0.606,4.142,0.594,0.598,N
0.592,0.61,0.58,3.556,0.596,0.598,N
0.582,0.584,1.198,1.782,2.384,0.592,N
0.59,0.606,0.598,1.768,2.392,0.582,N
0.606,0.604,0.6,1.168,2.978,0.582,N
0.598,0.614,0.59,0.576,2.976,1.18,N
0.606,0.6,0.58,2.96,1.788,0.59,N
0.596,0.594,0.586,2.37,1.79,0.59,N
0.596,0.598,0.588,1.776,2.378,0.588,N
0.598,0.6,0.59,1.186,2.96,0.59,N
0.596,0.604,0.594,0.586,3.55,0.6,N
0.592,0.614,0.584,3.538,0.608,0.588,N
0.6,0.568,2.968,0.596,0.6,0.59,N
0.598,0.572,2.974,0.592,0.592,1.192,N
0.606,0.598,0.586,1.178,0.602,0.584,N
0.608,0.59,1.168,0.606,0.586,1.78,N
0.606,0.598,0.57,0.592,0.6,2.352,N
0.6,0.61,0.576,0.588,2.94,1.194,N
0.592,0.594,0.58,2.356,1.186,0.602,N
0.592,0.606,0.58,2.354,1.18,1.196,N
0.608,0.588,0.592,1.758,2.376,0.588,N
0.604,0.6,0.58,1.158,2.98,0.588,N
0.59,0.59,0.572,2.964,0.592,0.598,N
0.576,0.586,1.78,0.588,0.586,0.6,N
0.582,0.598,2.36,0.584,0.59,0.602,N
0.614,0.58,1.778,0.586,0.588,0.592,N
0.594,0.586,0.586,0.594,0.594,0.584,N
0.586,0.582,0.582,0.6,0.592,1.768,N
0.584,0.58,0.588,0.6,1.762,0.568,N
0.592,0.582,0.582,2.36,0.566,0.602,N
0.584,0.586,1.77,0.564,0.598,0.598,N
0.592,0.588,2.328,0.6,0.592,0.6,N
0.592,1.736,0.598,0.592,0.598,0.598,N
0.58,1.156,0.598,0.596,0.59,0.6,N
0.562,0.59,0.6,0.596,0.586,0.6,N
0.588,0.59,0.6,0.592,0.586,0.59,N
0.594,0.582,0.588,0.606,0.588,0.582,N
0.6,0.59,0.584,0.594,0.602,0.58,N
0.604,0.586,0.584,0.6,0.584,2.958,N
0.562,3.558,0.598,0.586,0.596,0.59,N
0.602,0.604,2.362,0.588,1.192,0.588,N
0.616,0.592,1.77,0.59,1.778,0.586,N
0.612,0.588,0.57,0.6,0.6,2.366,N
0.602,0.574,0.594,0.592,2.37,0.556,N
0.572,0.6,0.582,2.368,0.562,0.602,N
0.584,0.576,1.782,0.568,0.596,0.6,N
0.582,0.602,1.174,0.568,0.594,0.596,N
0.592,1.188,0.546,0.608,0.588,0.598,N
0.602,0.542,0.608,0.594,0.59,0.594,N
0.556,0.594,0.598,0.594,0.59,0.59,N
0.596,0.584,0.604,0.592,0.586,0.596,N
0.612,0.58,0.592,0.596,0.59,0.592,N
0.588,0.586,0.588,0.594,0.596,0.586,N
0.598,0.592,0.584,0.584,0.606,0.586,N
0.608,0.59,0.574,0.596,0.596,2.358,N
0.602,0.576,0.588,0.588,2.356,1.186,N
0.598,0.594,0.592,0.58,2.356,1.78,N
0.592,0.606,0.58,2.354,2.366,0.588,N
0.608,0.586,2.352,2.362,0.59,0.594,N
0.604,0.588,1.754,2.962,0.592,0.584,N
0.598,0.6,1.158,3.556,0.588,0.586,N
0.606,0.594,0.574,3.538,1.19,0.586,N
0.602,0.58,0.588,2.944,1.188,1.178,N
0.602,0.594,0.584,0.586,3.526,0.602,N
0.602,0.596,0.582,3.518,0.594,0.6,N
0.586,0.584,1.78,0.564,0.602,0.594,N
0.588,0.596,1.18,0.562,0.6,0.594,N
0.568,0.598,1.202,0.566,0.538,0.616,N
0.598,0.576,0.62,0.57,0.542,0.61,N
0.562,0.574,0.578,2.894,0.574,0.588,N
3.15,1.052,0.532,0.518,0.536,0.512,N
0.508,0.54,0.532,0.518,0.536,0.512,N
0.514,0.544,0.53,0.514,0.536,0.522,N
0.53,0.518,0.536,0.51,0.558,0.518,N
0.53,0.518,0.53,0.516,0.556,0.52,N
0.512,0.534,0.52,0.55,0.522,0.522,N
0.504,0.546,0.508,0.558,0.516,0.532,N
0.512,0.54,0.504,0.562,0.516,0.532,N
0.534,0.51,0.556,0.518,0.526,0.522,N
0.532,0.518,0.554,0.518,0.522,0.52,N
0.52,0.55,0.516,0.526,1.036,1.06,N
0.556,0.512,0.534,0.514,0.522,1.062,N
0.516,0.532,0.516,0.526,1.062,0.524,N
0.518,0.53,1.044,1.058,1.568,1.052,N
0.524,1.042,1.054,0.528,1.048,1.056,N
0.514,0.522,1.064,0.522,1.042,1.056,N
0.526,1.068,0.514,1.044,1.048,0.524,N
1.074,0.514,1.052,1.048,0.518,2.12,N
0.514,0.538,0.52,1.068,3.166,1.058,N
0.53,0.528,1.07,3.166,1.054,0.534,N
1.592,1.57,1.054,1.06,0.53,1.072,N
1.592,1.578,1.05,1.06,0.528,1.064,N
0.518,0.536,1.056,0.524,1.608,0.532,N
0.524,0.54,1.054,0.526,1.606,0.53,N
0.55,0.526,0.526,0.528,1.606,0.524,N
0.53,0.53,0.526,1.602,0.526,2.112,N
0.534,0.51,0.534,0.544,0.524,1.08,N
0.512,0.538,0.534,0.526,1.082,0.52,N
0.536,0.54,0.526,0.536,0.542,0.52,N
0.534,0.544,0.524,0.538,0.546,0.522,N
0.534,0.526,0.538,0.546,0.518,0.53,N
0.526,0.532,0.546,0.518,0.528,0.538,N
0.52,1.082,0.518,0.528,0.538,0.506,N
0.552,0.516,0.526,0.538,0.512,0.514,N
0.51,0.526,0.544,0.51,0.518,0.544,N
0.51,0.522,0.546,0.508,0.52,0.542,N
0.524,0.538,0.504,0.516,0.554,0.532,N
0.504,0.512,0.55,0.534,0.534,1.058,N
0.502,0.518,0.542,0.538,0.532,1.058,N
0.514,0.552,0.532,0.534,1.058,0.538,N
0.55,0.53,0.534,1.062,0.534,0.532,N
0.542,0.534,0.53,1.058,0.54,0.532,N
0.526,0.526,1.068,0.534,0.524,0.534,N
0.528,0.528,0.532,0.534,0.524,0.532,N
0.528,0.528,0.534,0.524,0.534,0.52,N
0.524,0.536,0.528,0.53,0.522,0.542,N
0.536,0.522,0.532,0.526,0.538,0.538,N
0.536,0.516,0.534,0.526,0.534,0.544,N
0.522,0.53,0.522,0.542,0.536,0.532,N
0.534,0.524,0.536,0.54,0.534,0.542,N
0.514,0.538,0.548,0.53,0.54,0.534,N
0.54,0.538,0.532,0.536,0.54,0.532,N
0.544,0.532,0.54,0.536,0.53,0.532,N
0.53,0.528,0.544,0.534,0.534,0.52,N
0.526,0.546,0.528,0.538,0.52,0.524,N
0.54,0.528,0.53,0.528,0.528,0.544,N
0.532,0.53,0.52,0.53,0.544,0.528,N
0.532,0.518,0.526,0.544,0.534,0.514,N
0.526,0.528,0.538,0.536,0.516,0.538,N
0.532,0.534,0.532,0.522,0.54,0.53,N
0.54,0.534,0.514,0.542,0.53,0.55,N
0.54,0.512,0.534,0.536,0.548,0.524,N
0.512,0.54,0.534,0.548,0.53,0.518,N
0.53,0.54,0.548,0.53,0.52,0.542,N
0.538,0.546,0.522,0.528,0.54,0.546,N
0.544,0.53,0.514,0.55,0.544,0.528,N
0.528,0.52,0.546,0.55,0.53,0.52,N
0.524,0.544,0.536,0.542,0.524,0.526,N
0.552,0.54,0.53,0.532,0.526,0.516,N
0.544,0.53,0.522,0.528,0.522,0.538,N
0.534,0.52,0.526,0.522,0.54,0.538,N
0.53,0.522,0.516,0.548,0.534,0.516,N
0.524,0.52,0.54,0.538,0.516,0.542,N
0.518,0.54,0.538,0.516,0.542,0.546,N
0.548,0.536,0.51,0.546,0.548,0.522,N
0.54,0.51,0.544,0.546,0.528,0.54,N
0.506,0.544,0.546,0.526,0.542,0.528,N
0.544,0.546,0.524,0.542,0.536,0.542,N
0.508,0.56,0.54,0.538,0.526,0.54,N
0.552,0.54,0.54,0.528,0.536,0.514,N
0.542,0.542,0.524,0.53,0.52,0.546,N
0.536,0.526,0.538,0.516,0.55,0.51,N
0.514,0.552,0.51,0.546,0.554,0.528,N
0.55,0.522,0.538,0.552,0.528,0.536,N
0.5,0.552,0.554,0.526,0.534,0.53,N
0.53,0.538,0.532,0.548,0.518,0.522,N
0.54,0.532,0.542,0.518,0.528,0.53,N
0.53,0.54,0.518,0.526,0.534,0.544,N
0.512,0.524,0.536,0.544,0.53,0.542,N
0.514,0.548,0.536,0.532,0.542,0.54,N
0.53,0.544,0.53,0.546,0.542,0.528,N
0.54,0.528,0.544,0.544,0.534,0.526,N
0.528,0.546,0.538,0.538,0.524,0.524,N
0.548,0.542,0.528,0.526,0.528,0.53,N
0.54,0.534,0.524,0.526,0.53,0.542,N
0.542,0.518,0.526,0.53,0.546,0.53,N
0.522,0.528,0.53,0.544,0.536,0.524,N
0.524,0.53,0.542,0.538,0.526,0.534,N
0.528,0.544,0.532,0.53,0.534,0.544,N
0.542,0.542,0.516,0.542,0.542,0.534,N
0.538,0.52,0.536,0.544,0.538,0.536,N
0.512,0.544,0.544,0.536,0.536,0.526,N
0.54,0.544,0.534,0.54,0.528,0.532,N
0.544,0.534,0.538,0.526,0.536,0.54,N
0.534,0.54,0.518,0.544,0.538,0.522,N
0.542,0.518,0.538,0.544,0.52,0.534,N
0.508,0.544,0.536,0.528,0.534,0.53,N
0.548,0.534,0.526,0.534,0.534,0.526,N
0.54,0.52,0.536,0.534,0.526,0.544,N
0.526,0.53,0.534,0.528,0.546,0.518,N
0.534,0.534,0.522,0.556,0.514,0.532,N
0.534,0.522,0.548,0.522,0.532,0.54,N
0.522,0.548,0.52,0.53,0.542,0.55,N
0.558,0.514,0.53,0.544,0.544,0.536,N
0.52,0.528,0.542,0.55,0.536,0.52,N
0.528,0.544,0.546,0.538,0.516,0.54,N
0.54,0.544,0.536,0.518,0.538,0.554,N
0.548,0.54,0.514,0.54,0.556,0.514,N
0.538,0.514,0.54,0.556,0.528,0.522,N
0.514,0.536,0.558,0.528,0.518,0.532,N
0.538,0.56,0.51,0.534,0.53,0.528,N
0.538,0.56,0.52,0.524,0.53,0.528,N
0.526,0.516,0.536,0.52,0.546,0.532,N
0.538,0.522,0.538,0.532,0.532,0.526,N
0.528,0.532,0.526,0.542,0.526,0.522,N
0.54,0.53,0.524,0.542,0.52,0.532,N
0.534,0.52,0.536,0.524,0.536,0.538,N
0.528,0.53,0.522,0.53,0.544,0.542,N
0.548,0.512,0.532,0.558,0.53,0.54,N
0.514,0.532,0.544,0.546,0.55,0.516,N
0.526,0.56,0.53,0.544,0.52,0.538,N
0.564,0.522,0.544,0.522,0.534,0.512,N
0.538,0.552,0.516,0.532,0.522,0.526,N
0.546,0.518,0.534,0.522,0.526,0.54,N
0.524,0.534,0.514,0.532,0.54,0.53,N
0.528,0.514,0.532,0.54,0.538,0.522,N
0.524,0.524,0.54,0.53,0.536,0.524,N
0.522,0.54,0.528,0.538,0.524,0.53,N
0.542,0.532,0.52,0.532,0.534,0.542,N
0.542,0.524,0.524,0.536,0.542,0.528,N
0.532,0.524,0.532,0.546,0.532,0.518,N
0.528,0.536,0.54,0.528,0.526,0.53,N
0.536,0.54,0.528,0.518,0.542,0.544,N
0.542,0.534,0.516,0.538,0.548,0.532,N
0.522,0.522,0.538,0.55,0.534,0.532,N
0.512,0.546,0.542,0.538,0.534,0.528,N
0.534,0.552,0.53,0.538,0.53,0.522,N
0.55,0.532,0.532,0.534,0.526,0.536,N
0.54,0.528,0.53,0.528,0.538,0.538,N
0.538,0.53,0.52,0.542,0.536,0.53,N
0.53,0.524,0.54,0.54,0.532,0.53,N
0.524,0.538,0.54,0.53,0.536,0.54,N
0.54,0.538,0.53,0.542,0.542,0.528,N
0.54,0.528,0.532,0.548,0.53,0.536,N
0.524,0.546,0.538,0.532,0.534,0.53,N
0.532,0.552,0.526,0.536,0.53,0.536,N
0.54,0.534,0.534,0.526,0.544,0.534,N
0.526,0.536,0.528,0.542,0.538,0.54,N
0.534,0.526,0.542,0.536,0.548,0.522,N
0.524,0.548,0.532,0.542,0.536,0.52,N
0.542,0.54,0.538,0.528,0.53,0.536,N
0.536,0.542,0.526,0.53,0.538,0.528,N
0.542,0.532,0.522,0.542,0.528,0.53,N
0.524,0.532,0.532,0.536,0.536,0.526,N
0.526,0.534,0.53,0.534,0.536,0.536,N
0.532,0.53,0.534,0.53,0.542,0.546,N
0.536,0.54,0.522,0.544,0.54,0.536,N
0.534,0.522,0.548,0.542,0.54,0.526,N
0.518,0.548,0.538,0.54,0.534,0.534,N
0.538,0.54,0.536,0.532,0.538,0.538,N
0.538,0.538,0.526,0.542,0.538,0.532,N
0.538,0.532,0.534,0.544,0.528,0.53,N
0.524,0.54,0.538,0.534,0.532,0.526,N
0.538,0.54,0.53,0.532,0.528,0.524,N
0.544,0.526,0.53,0.53,0.526,0.53,N
0.53,0.528,0.528,0.528,0.53,0.546,N
0.532,0.526,0.524,0.532,0.55,0.516,N
0.53,0.524,0.53,0.55,0.524,0.518,N
0.526,0.528,0.546,0.524,0.52,0.536,N
0.526,0.548,0.522,0.518,0.54,0.536,N
0.552,0.522,0.514,0.546,0.536,0.538,N
0.524,0.514,0.54,0.54,0.542,0.524,N
0.51,0.548,0.532,0.544,0.53,0.534,N
0.542,0.536,0.538,0.526,0.542,0.534,N
0.54,0.54,0.522,0.54,0.54,0.526,N
0.546,0.526,0.534,0.54,0.53,0.526,N
0.524,0.54,0.536,0.528,0.53,0.53,N
0.538,0.54,0.522,0.53,0.534,0.52,N
0.544,0.524,0.528,0.53,0.524,0.536,N
0.528,0.53,0.526,0.522,0.54,0.542,N
0.534,0.53,0.516,0.538,0.548,0.512,N
0.528,0.52,0.536,0.544,0.518,0.542,N
0.52,0.534,0.544,0.516,0.544,0.536,N
0.536,0.55,0.508,0.546,0.534,0.534,N
0.548,0.51,0.544,0.538,0.538,0.52,N
0.504,0.55,0.536,0.536,0.526,0.538,N
0.538,0.536,0.536,0.526,0.542,0.534,N
0.536,0.54,0.516,0.546,0.532,0.526,N
0.54,0.518,0.54,0.534,0.53,0.53,N
0.524,0.538,0.536,0.528,0.534,0.526,N
0.544,0.534,0.524,0.536,0.534,0.518,N
0.532,0.526,0.532,0.53,0.528,0.54,N
0.528,0.53,0.528,0.526,0.544,0.528,N
0.536,0.528,0.52,0.546,0.53,0.524,N
0.538,0.518,0.538,0.536,0.522,0.53,N
0.524,0.542,0.53,0.52,0.534,0.532,N
0.548,0.528,0.52,0.526,0.54,0.536,N
0.54,0.516,0.528,0.532,0.542,0.526,N
0.514,0.532,0.536,0.536,0.532,0.532,N
0.52,0.544,0.534,0.526,0.54,0.532,N
0.534,0.536,0.53,0.532,0.54,0.536,N
0.534,0.53,0.532,0.534,0.542,0.53,N
0.526,0.534,0.534,0.54,0.534,0.524,N
0.528,0.538,0.538,0.532,0.53,0.526,N
0.532,0.542,0.53,0.528,0.528,0.534,N
0.542,0.532,0.526,0.526,0.534,0.532,N
0.536,0.526,0.526,0.53,0.534,0.538,N
0.532,0.522,0.532,0.528,0.54,0.52,N
0.524,0.534,0.528,0.542,0.524,0.53,N
0.528,0.532,0.538,0.518,0.538,0.538,N
0.528,0.538,0.52,0.532,0.544,0.534,N
0.54,0.522,0.53,0.538,0.54,0.538,N
0.516,0.532,0.544,0.534,0.544,0.522,N
0.52,0.548,0.532,0.538,0.53,0.538,N
0.536,0.54,0.538,0.524,0.544,0.544,N
0.528,0.544,0.522,0.546,0.546,0.532,N
0.534,0.528,0.54,0.546,0.536,0.526,N
0.516,0.548,0.544,0.532,0.532,0.524,N
0.542,0.546,0.532,0.526,0.532,0.534,N
0.548,0.53,0.528,0.526,0.538,0.536,N
0.532,0.53,0.526,0.534,0.538,0.526,N
0.524,0.532,0.534,0.536,0.532,0.52,N
0.524,0.538,0.532,0.528,0.53,0.548,N
0.534,0.534,0.528,0.52,0.554,0.538,N
0.532,0.536,0.524,0.544,0.536,0.536,N
0.526,0.524,0.548,0.542,0.54,0.534,N
0.514,0.546,0.538,0.536,0.546,0.538,N
0.528,0.548,0.534,0.536,0.548,0.528,N
0.54,0.538,0.538,0.542,0.534,0.536,N
0.526,0.548,0.544,0.526,0.544,0.522,N
0.53,0.55,0.526,0.544,0.53,0.528,N
0.542,0.53,0.538,0.522,0.54,0.538,N
0.542,0.53,0.528,0.54,0.538,0.532,N
0.516,0.538,0.542,0.52,0.558,0.528,N
0.524,0.546,0.528,0.54,0.546,0.518,N
0.534,0.534,0.54,0.532,0.534,0.528,N
0.518,0.556,0.53,0.522,0.538,0.528,N
0.546,0.54,0.516,0.528,0.538,0.532,N
0.544,0.522,0.524,0.528,0.542,0.528,N
0.532,0.526,0.526,0.534,0.538,0.53,N
0.532,0.536,0.528,0.532,0.542,0.524,N
0.528,0.54,0.528,0.532,0.536,0.528,N
0.53,0.538,0.532,0.526,0.536,0.532,N
0.538,0.536,0.524,0.528,0.538,0.532,N
0.536,0.532,0.526,0.53,0.542,0.534,N
0.53,0.534,0.528,0.53,0.548,0.524,N
0.526,0.536,0.53,0.54,0.534,0.522,N
0.526,0.536,0.538,0.524,0.53,0.548,N
0.532,0.542,0.524,0.524,0.554,0.542,N
0.534,0.532,0.526,0.544,0.546,0.536,N
0.522,0.52,0.558,0.536,0.548,0.526,N
0.516,0.548,0.544,0.536,0.544,0.538,N
0.55,0.54,0.544,0.528,0.55,0.54,N
0.53,0.542,0.534,0.544,0.548,0.53,N
0.538,0.532,0.544,0.542,0.538,0.528,N
0.518,0.55,0.546,0.53,0.54,0.524,N
0.538,0.544,0.534,0.526,0.538,0.536,N
0.538,0.536,0.532,0.53,0.54,0.544,N
0.526,0.54,0.526,0.536,0.544,0.524,N
0.524,0.538,0.532,0.546,0.534,0.514,N
0.526,0.536,0.546,0.52,0.528,0.54,N
0.532,0.546,0.522,0.524,0.544,0.546,N
0.544,0.532,0.516,0.542,0.55,0.532,N
0.52,0.52,0.548,0.544,0.54,0.52,N
0.508,0.548,0.546,0.532,0.532,0.536,N
0.536,0.552,0.532,0.518,0.552,0.532,N
0.538,0.54,0.522,0.542,0.54,0.544,N
0.53,0.524,0.544,0.532,0.55,0.522,N
0.516,0.554,0.54,0.534,0.538,0.534,N
0.54,0.546,0.538,0.52,0.546,0.526,N
0.534,0.55,0.518,0.536,0.534,0.528,N
0.536,0.538,0.53,0.526,0.536,0.524,N
0.52,0.54,0.528,0.53,0.534,0.534,N
0.53,0.532,0.53,0.522,0.544,0.526,N
0.528,0.532,0.522,0.536,0.534,0.528,N
0.532,0.53,0.534,0.522,0.542,0.528,N
0.526,0.54,0.524,0.528,0.542,0.518,N
0.534,0.532,0.528,0.526,0.532,0.532,N
0.532,0.53,0.528,0.52,0.542,0.534,N
0.528,0.542,0.514,0.534,0.546,0.52,N
0.53,0.528,0.532,0.534,0.534,0.538,N
0.514,0.544,0.532,0.526,0.548,0.522,N
0.536,0.54,0.522,0.538,0.532,0.53,N
0.536,0.528,0.536,0.524,0.538,0.532,N
0.53,0.544,0.52,0.528,0.544,0.516,N
0.544,0.526,0.526,0.536,0.52,0.532,N
0.528,0.53,0.534,0.516,0.528,0.54,N
0.534,0.536,0.514,0.522,0.55,0.536,N
0.542,0.516,0.528,0.528,0.548,0.528,N
0.516,0.53,0.536,0.54,0.534,0.524,N
0.522,0.55,0.534,0.526,0.534,0.53,N
0.534,0.544,0.528,0.522,0.54,0.538,N
0.542,0.53,0.522,0.528,0.548,0.522,N
0.528,0.53,0.528,0.54,0.528,0.536,N
0.522,0.536,0.54,0.522,0.542,0.524,N
0.522,0.546,0.526,0.532,0.532,0.53,N
0.542,0.528,0.534,0.52,0.538,0.526,N
0.526,0.54,0.52,0.53,0.53,0.534,N
0.538,0.528,0.526,0.526,0.536,0.53,N
0.532,0.526,0.528,0.526,0.538,0.518,N
0.532,0.528,0.53,0.53,0.524,0.53,N
0.528,0.534,0.526,0.518,0.532,0.538,N
0.534,0.528,0.516,0.528,0.546,0.532,N
0.532,0.522,0.526,0.532,0.544,0.532,N
0.516,0.528,0.542,0.532,0.54,0.524,N
0.54,0.542,0.536,0.528,0.544,0.53,N
0.534,0.54,0.528,0.534,0.544,0.528,N
0.53,0.536,0.534,0.53,0.544,0.518,N
0.524,0.542,0.534,0.526,0.53,0.534,N
0.53,0.544,0.53,0.518,0.54,0.532,N
0.532,0.54,0.516,0.534,0.536,0.528,N
0.532,0.524,0.534,0.524,0.54,0.534,N
0.52,0.54,0.526,0.532,0.54,0.524,N
0.538,0.532,0.528,0.538,0.522,0.538,N
0.524,0.536,0.536,0.518,0.544,0.538,N
0.532,0.538,0.524,0.528,0.55,0.524,N
0.538,0.526,0.53,0.536,0.536,0.534,N
0.516,0.54,0.542,0.524,0.538,0.528,N
0.526,0.546,0.526,0.534,0.528,0.534,N
0.536,0.534,0.532,0.522,0.54,0.536,N
0.528,0.534,0.528,0.532,0.544,0.526,N
0.532,0.53,0.534,0.532,0.54,0.526,N
0.52,0.538,0.538,0.528,0.54,0.526,N
0.53,0.544,0.526,0.518,0.548,0.524,N
0.532,0.536,0.526,0.534,0.53,0.53,N
0.528,0.538,0.526,0.526,0.534,0.532,N
0.528,0.538,0.524,0.528,0.534,0.516,N
0.546,0.524,0.528,0.528,0.52,0.532,N
0.526,0.528,0.526,0.52,0.53,0.524,N
0.528,0.526,0.518,0.522,0.534,0.526,N
0.53,0.514,0.526,0.526,0.532,0.53,N
0.52,0.53,0.522,0.53,0.532,0.532,N
0.528,0.524,0.532,0.524,0.542,0.528,N
0.53,0.532,0.526,0.532,0.536,0.534,N
0.532,0.53,0.528,0.532,0.54,0.52,N
0.528,0.528,0.534,0.53,0.534,0.528,N
0.538,0.528,0.536,0.52,0.532,0.53,N
0.534,0.538,0.516,0.532,0.534,0.524,N
0.534,0.546,0.526,0.528,0.54,0.516,N
0.546,0.526,0.53,0.532,0.522,0.536,N
0.522,0.542,0.53,0.522,0.538,0.532,N
0.538,0.54,0.52,0.528,0.54,0.516,N
0.536,0.522,0.534,0.536,0.526,0.538,N
0.516,0.536,0.532,0.524,0.536,0.526,N
0.528,0.538,0.518,0.544,0.526,0.532,N
0.538,0.52,0.544,0.522,0.538,0.532,N
0.526,0.532,0.526,0.53,0.548,0.512,N
0.546,0.522,0.534,0.536,0.526,0.536,N
0.522,0.536,0.532,0.51,0.556,0.522,N
0.532,0.544,0.51,0.542,0.532,0.528,N
0.544,0.514,0.54,0.524,0.532,0.522,N
0.52,0.542,0.52,0.534,0.526,0.53,N
0.56,0.518,0.53,0.522,0.536,0.528,N
0.526,0.522,0.522,0.53,0.54,0.53,N
0.532,0.522,0.532,0.528,0.538,0.534,N
0.526,0.53,0.526,0.532,0.538,0.532,N
0.526,0.538,0.53,0.534,0.544,0.528,N
0.53,0.536,0.532,0.528,0.544,0.522,N
0.534,0.534,0.532,0.536,0.526,0.526,N
0.534,0.538,0.532,0.522,0.532,0.536,N
0.538,0.534,0.52,0.528,0.544,0.518,N
0.544,0.522,0.528,0.53,0.53,0.53,N
0.524,0.528,0.53,0.52,0.538,0.524,N
0.532,0.536,0.516,0.53,0.528,0.524,N
0.54,0.516,0.528,0.52,0.534,0.518,N
0.526,0.53,0.518,0.522,0.52,0.534,N
0.532,0.52,0.52,0.518,0.534,0.536,N
0.522,0.522,0.52,0.524,0.542,0.528,N
0.534,0.516,0.524,0.534,0.53,0.528,N
0.516,0.532,0.534,0.528,0.528,0.53,N
0.53,0.538,0.528,0.522,0.534,0.528,N
0.54,0.528,0.524,0.528,0.532,0.534,N
0.528,0.526,0.528,0.526,0.538,0.53,N
0.528,0.528,0.528,0.53,0.538,0.522,N
0.534,0.526,0.534,0.526,0.53,0.526,N
0.528,0.536,0.526,0.526,0.528,0.526,N
0.536,0.53,0.524,0.522,0.528,0.538,N
0.532,0.522,0.522,0.526,0.542,0.518,N
0.526,0.524,0.524,0.534,0.524,0.52,N
0.526,0.524,0.53,0.522,0.522,0.538,N
0.524,0.528,0.522,0.52,0.542,0.536,N
0.538,0.52,0.518,0.532,0.546,0.522,N
0.528,0.518,0.536,0.536,0.528,0.526,N
0.516,0.542,0.538,0.522,0.53,0.532,N
0.538,0.54,0.522,0.524,0.534,0.54,N
0.542,0.522,0.526,0.53,0.544,0.516,N
0.526,0.526,0.53,0.536,0.524,0.526,N
0.528,0.528,0.538,0.516,0.53,0.53,N
0.53,0.54,0.514,0.524,0.534,0.514,N
0.546,0.514,0.522,0.524,0.522,0.534,N
0.514,0.522,0.522,0.518,0.538,0.53,N
0.524,0.524,0.512,0.532,0.536,0.522,N
0.53,0.526,0.53,0.524,0.526,0.528,N
0.53,0.528,0.526,0.522,0.532,0.526,N
0.53,0.528,0.52,0.528,0.53,0.528,N
0.532,0.518,0.526,0.526,0.534,0.516,N
0.522,0.524,0.526,0.522,0.52,0.53,N
0.536,0.512,0.524,0.546,0.548,0.502,N
0.516,0.528,0.552,0.534,0.512,0.544,N
0.532,0.56,0.512,0.518,0.542,0.526,N
0.564,0.524,0.5,0.542,0.524,0.528,N
0.558,0.536,1.04,0.504,0.552,0.516,N
0.506,0.536,0.522,0.512,0.544,0.528,N
0.53,0.538,0.51,0.534,0.532,0.52,N
0.536,0.514,0.526,0.53,0.524,0.522,N
0.536,0.518,0.53,0.522,0.526,0.52,N
0.51,0.53,0.52,0.524,0.522,0.53,N
0.53,0.516,0.524,0.52,0.532,0.53,N
0.518,0.52,0.52,0.53,0.532,0.514,N
0.522,0.518,0.528,0.528,0.512,0.542,N
0.518,0.524,0.532,0.51,0.542,0.528,N
0.526,0.536,0.506,0.536,0.538,0.524,N
0.536,0.506,0.536,0.528,0.532,0.532,N
0.53,0.528,0.514,0.536,0.544,0.522,N
0.534,0.514,0.534,0.54,0.534,0.524,N
0.522,0.532,0.518,0.536,0.54,0.518,N
0.53,0.52,0.534,0.536,0.524,0.524,N
0.524,0.534,0.53,0.526,0.528,0.528,N
0.544,0.526,0.522,0.528,0.536,0.522,N
0.53,0.522,0.52,0.54,0.528,0.524,N
0.524,0.52,0.534,0.534,0.518,0.518,N
0.522,0.53,0.53,0.514,0.528,0.542,N
0.528,0.522,0.52,0.524,0.546,0.514,N
0.538,0.522,0.524,0.516,0.542,0.514,N
0.524,0.51,0.542,0.51,0.506,0.566,N
0.528,0.506,0.544,0.51,1.074,0.532,N
0.554,0.512,0.522,0.532,0.532,0.53,N
0.55,0.508,1.06,0.534,0.532,0.524,N
0.514,0.548,0.548,0.512,0.528,0.52,N
1.052,0.556,0.51,0.522,0.524,0.53,N
0.546,0.524,0.524,0.52,0.536,0.522,N
0.534,0.522,0.516,0.53,0.536,0.528,N
0.516,0.528,0.514,0.528,0.53,0.536,N
0.518,0.53,0.522,0.536,0.528,0.528,N
0.516,0.534,0.522,0.53,0.526,0.532,N
0.524,0.538,0.524,0.524,0.53,0.524,N
0.544,0.518,0.524,0.53,0.516,0.522,N
0.53,0.526,0.526,0.514,0.524,1.058,N
0.532,0.526,0.514,0.526,0.552,0.504,N
0.532,0.514,0.532,0.524,0.518,1.076,N
0.51,0.544,0.532,0.502,1.07,0.532,N
0.534,1.046,0.572,0.5,0.528,0.526,N
0.518,0.52,1.08,0.514,0.538,0.526,N
0.506,1.076,0.522,0.53,0.534,0.526,N
1.07,0.528,0.526,0.528,0.534,0.526,N
0.532,0.522,0.524,0.528,0.534,0.508,N
0.532,0.524,0.526,0.522,0.512,0.542,N
0.52,0.528,0.524,0.51,0.54,0.528,N
0.528,0.524,0.504,0.54,0.532,0.52,N
0.528,0.502,0.53,0.532,0.53,0.532,N
0.504,0.534,0.528,0.528,0.536,0.502,N
0.542,0.528,0.522,0.52,0.522,0.53,N
0.524,0.518,0.522,0.518,0.534,0.528,N
0.516,0.526,0.506,0.538,0.53,0.53,N
0.532,0.5,0.534,0.526,0.536,0.52,N
1.034,0.532,0.526,0.526,0.53,0.52,N
0.532,0.526,0.524,0.526,0.522,0.522,N
0.526,0.524,0.524,0.518,0.524,0.53,N
0.524,0.522,0.518,0.518,0.532,0.524,N
0.516,0.52,0.516,0.53,0.528,0.522,N
0.52,0.516,0.524,0.528,0.522,0.518,N
0.516,0.52,0.526,0.522,0.52,0.532,N
0.516,0.524,0.524,0.52,0.532,0.536,N
0.522,0.526,0.514,0.526,0.542,0.532,N
0.526,0.512,0.528,0.54,0.534,0.522,N
0.514,0.532,0.538,0.53,0.524,0.53,N
0.532,0.534,0.53,0.526,0.53,0.524,N
0.54,0.53,0.524,0.524,0.532,0.526,N
0.532,0.522,0.524,0.53,0.532,0.526,N
0.524,0.526,0.526,0.532,0.526,0.528,N
0.528,0.524,0.528,0.528,0.53,0.516,N
0.53,0.526,0.528,0.526,0.52,0.522,N
0.526,0.526,0.528,0.512,0.528,0.534,N
0.524,0.53,0.508,0.53,0.536,0.516,N
0.532,0.508,0.526,0.536,0.518,0.514,N
0.51,0.52,0.536,0.518,0.516,0.538,N
0.516,0.534,0.522,0.514,0.538,0.53,N
0.532,0.52,0.508,0.542,0.53,0.53,N
0.522,0.506,0.54,0.53,0.532,0.518,N
0.508,0.538,0.53,0.526,0.524,0.532,N
0.54,0.528,0.528,0.52,0.534,0.526,N
0.526,0.528,0.518,0.532,0.532,0.528,N
0.528,0.518,0.528,0.532,0.528,0.516,N
0.518,0.526,0.53,0.528,0.516,0.528,N
0.526,0.53,0.526,0.514,0.53,0.514,N
0.528,0.526,0.512,0.526,0.518,0.524,N
0.524,0.51,0.526,0.516,0.526,0.53,N
0.51,0.526,0.514,0.524,0.532,0.52,N
0.524,0.512,0.524,0.532,0.52,0.526,N
0.512,0.522,0.53,0.516,0.532,0.522,N
0.52,0.53,0.52,0.526,0.524,0.524,N
0.524,0.522,0.538,0.514,0.524,0.52,N
0.522,0.54,0.506,0.522,0.526,0.526,N
0.524,0.52,0.522,0.524,0.526,0.522,N
0.526,0.522,0.524,0.528,0.522,0.532,N
0.522,0.522,0.528,0.522,0.532,0.518,N
0.52,0.528,0.518,0.532,0.524,0.514,N
0.524,0.516,0.532,0.52,0.518,0.528,N
0.516,0.532,0.514,0.518,0.53,0.518,N
0.53,0.512,0.518,0.524,0.522,0.516,N
0.51,0.518,0.522,0.52,0.518,0.534,N
0.514,0.522,0.518,0.516,0.534,0.528,N
0.52,0.518,0.514,0.532,0.532,0.514,N
0.512,0.51,0.534,0.532,0.514,0.53,N
0.51,0.534,0.53,0.514,0.528,0.512,N
0.534,0.526,0.512,0.526,0.522,0.528,N
0.526,0.51,0.53,0.516,0.53,0.522,N
0.51,0.528,0.512,0.532,0.522,0.526,N
0.53,0.506,0.534,0.52,0.528,0.524,N
0.504,0.534,0.516,0.526,0.53,0.526,N
0.526,0.516,0.528,0.53,0.53,0.516,N
0.518,0.524,0.526,0.526,0.522,0.52,N
0.522,0.522,0.526,0.522,0.522,0.524,N
0.522,0.524,0.522,0.522,0.522,0.516,N
0.52,0.522,0.52,0.52,0.52,0.528,N
0.518,0.522,0.516,0.52,0.532,0.52,N
0.518,0.52,0.514,0.53,0.524,0.502,N
0.52,0.518,0.512,0.526,0.528,1.042,N
0.518,0.512,0.528,0.528,1.038,0.518,N
0.512,0.522,0.53,1.04,0.524,0.522,N
0.524,0.53,1.034,0.522,0.526,0.526,N
0.5,0.53,0.52,0.53,0.53,0.528,N
1.034,0.52,0.526,0.53,0.53,0.534,N
0.522,0.522,0.526,0.532,0.538,0.52,N
0.522,0.522,0.53,0.538,0.528,0.51,N
0.522,0.528,0.532,0.536,0.508,0.526,N
0.528,0.532,0.532,0.51,0.526,0.52,N
0.53,0.524,0.512,0.524,0.526,0.516,N
0.516,0.51,0.526,0.526,0.516,0.52,N
0.508,0.526,0.526,0.516,0.52,0.516,N
0.526,0.524,0.514,0.522,0.514,0.516,N
0.522,0.514,0.524,0.512,0.516,0.514,N
0.512,0.522,0.514,0.516,0.512,0.534,N
0.524,0.512,0.514,0.512,0.536,0.522,N
0.514,0.51,0.514,0.538,0.518,0.524,N
0.51,0.514,0.536,0.514,0.53,0.534,N
0.512,0.532,0.514,0.526,0.538,0.514,N
0.528,0.516,0.526,0.528,0.524,0.522,N
0.518,0.524,0.522,0.524,0.528,0.518,N
0.522,0.522,0.518,0.528,0.52,0.518,N
0.522,0.512,0.528,0.52,0.518,0.522,N
0.508,0.522,0.52,0.514,0.524,0.522,N
0.52,0.52,0.514,0.522,0.522,0.532,N
0.518,0.512,0.524,0.518,0.536,0.516,N
0.51,0.522,0.518,0.536,0.518,0.516,N
0.518,0.516,0.532,0.522,0.516,0.532,N
0.512,0.532,0.522,0.514,0.534,0.522,N
0.522,0.52,0.514,0.536,0.532,0.532,N
0.52,0.514,0.53,0.528,0.544,0.52,N
0.512,0.532,0.522,0.548,0.522,0.526,N
0.536,0.526,0.536,0.524,0.532,0.526,N
0.532,0.53,0.522,0.528,0.534,0.538,N
0.536,0.518,0.526,0.536,0.54,0.514,N
0.522,0.524,0.53,0.538,0.52,0.524,N
0.524,0.526,0.54,0.514,0.53,0.528,N
0.524,0.54,0.508,0.532,0.534,0.518,N
0.54,0.514,0.518,0.532,0.532,0.532,N
0.516,0.518,0.532,0.526,0.536,0.516,N
0.534,0.532,0.518,0.534,0.524,0.53,N
0.536,0.516,0.534,0.514,0.54,0.524,N
0.52,0.53,0.512,0.54,0.528,0.53,N
0.526,0.516,0.53,0.534,0.532,0.526,N
0.524,0.528,0.526,0.534,0.53,0.516,N
0.538,0.526,0.532,0.526,0.522,0.52,N
0.526,0.53,0.524,0.518,0.524,0.526,N
0.526,0.524,0.514,0.522,0.528,0.53,N
0.522,0.512,0.522,0.524,0.534,0.534,N
0.512,0.518,0.526,0.532,0.536,0.51,N
0.516,0.526,0.524,0.54,0.508,0.524,N
0.526,0.522,0.54,0.502,0.53,0.528,N
0.524,0.536,0.504,0.526,0.536,0.53,N
0.536,0.506,0.516,0.538,0.536,0.528,N
0.506,0.52,0.528,0.538,0.536,0.532,N
0.528,0.532,0.53,0.528,0.542,0.51,N
0.53,0.526,0.536,0.512,0.528,0.526,N
0.528,0.534,0.51,0.524,0.53,0.53,N
0.534,0.504,0.52,0.534,0.534,0.52,N
0.504,0.52,0.528,0.532,0.524,0.526,N
0.518,0.526,0.53,0.528,0.524,0.52,N
0.524,0.528,0.526,0.526,0.516,0.522,N
0.528,0.52,0.528,0.508,0.528,0.53,N
0.516,0.528,0.51,0.52,0.54,0.532,N
0.526,0.516,0.514,0.542,0.53,0.52,N
0.516,0.518,0.528,0.536,0.518,0.548,N
0.518,0.52,0.534,0.532,0.524,0.522,N
0.52,0.528,0.53,0.53,0.524,0.524,N
0.53,0.526,0.53,0.524,0.526,0.52,N
0.524,0.526,0.524,0.528,0.52,0.518,N
0.522,0.522,0.53,0.518,0.52,0.516,N
0.52,0.528,0.522,0.516,0.516,0.51,N
0.528,0.522,0.516,0.516,0.51,0.524,N
0.522,0.516,0.516,0.508,0.524,0.516,N
0.514,0.516,0.508,0.524,0.516,0.516,N
0.514,0.512,0.51,0.522,0.516,0.518,N
0.51,0.51,0.522,0.516,0.518,0.51,N
0.52,0.516,0.518,0.508,0.5,0.518,N
0.518,0.516,0.516,0.51,0.502,0.516,N
0.514,0.518,0.508,0.502,0.516,0.508,N
0.516,0.508,0.502,0.516,0.508,0.5,N
0.508,0.504,0.514,0.508,0.502,0.504,N
0.504,0.514,0.508,0.504,0.504,0.504,N
0.514,0.51,0.504,0.504,0.506,0.51,N
0.504,0.504,0.504,0.516,0.996,1.01,N
0.506,0.502,0.516,0.996,1.01,0.5,N
0.5,0.518,0.996,1.01,0.5,0.996,N
0.508,0.5,0.504,0.992,0.996,0.5,N
0.502,0.5,0.998,0.994,1.002,0.502,N
0.992,0.5,0.5,1.002,0.5,0.994,N
0.996,0.996,0.51,0.988,0.5,0.5,N
0.5,0.994,1.004,0.998,0.996,0.5,N
0.502,0.996,1.0,1.0,0.996,1.002,N
1.0,0.5,1.002,0.998,0.996,0.988,N
0.504,0.992,0.502,0.5,0.982,0.998,N
0.996,0.502,0.988,0.99,0.992,0.994,N
0.986,1.492,0.986,0.502,0.504,0.986,N
0.986,1.49,0.992,1.0,0.99,0.502,N
0.99,0.502,0.5,0.988,0.502,0.992,N
0.99,1.004,0.988,0.5,0.996,0.996,N
0.504,0.998,0.502,0.506,0.504,0.506,N
0.5,0.5,0.504,0.502,0.504,0.51,N
0.504,0.502,1.0,0.504,0.51,0.51,N
0.506,0.998,0.504,0.51,0.508,0.506,N
0.998,0.504,0.51,0.508,0.506,0.508,N
1.0,0.51,0.506,0.504,0.508,0.512,N
0.512,0.506,0.502,0.508,0.51,0.506,N
0.51,0.506,0.502,0.504,0.512,0.504,N
0.508,0.502,0.504,0.512,0.502,0.502,N
0.504,0.504,0.512,0.5,0.5,0.506,N
0.506,0.504,0.512,0.996,0.506,0.506,N
0.512,0.5,1.0,0.504,0.51,0.508,N
0.504,1.0,0.5,0.51,0.508,0.5,N
0.504,0.506,0.506,1.0,0.514,0.512,N
0.508,0.504,0.998,0.516,0.512,0.506,N
0.998,0.508,0.514,0.512,0.508,0.508,N
0.508,0.516,0.512,0.508,0.506,0.512,N
0.518,0.51,0.508,0.506,0.512,0.512,N
0.51,0.506,0.506,0.512,0.51,0.506,N
0.508,0.504,0.512,0.51,0.506,0.508,N
0.504,0.512,0.51,0.506,0.508,0.506,N
0.504,0.512,0.512,0.502,0.506,0.506,N
0.512,0.51,0.502,0.504,0.506,0.51,N
0.512,0.502,0.502,0.506,0.508,0.508,N
0.502,0.502,0.506,0.506,0.506,0.51,N
0.502,0.506,0.504,0.506,0.508,0.508,N
0.504,0.504,0.506,0.508,0.508,0.504,N
0.504,0.506,0.506,0.508,0.504,0.514,N
0.506,0.506,1.004,0.518,0.52,0.51,N
0.508,0.506,0.502,0.516,0.516,0.512,N
0.504,0.504,0.516,0.516,0.512,0.51,N
0.504,0.516,0.516,0.512,0.51,0.512,N
0.516,0.516,0.512,0.51,0.512,0.516,N
0.518,0.51,0.51,0.512,0.516,0.508,N
0.512,0.51,0.512,0.516,0.508,0.508,N
0.51,0.512,0.516,0.508,0.506,0.512,N
0.512,0.516,0.508,0.504,0.51,0.51,N
0.516,0.508,0.504,0.51,0.51,0.512,N
0.508,0.504,0.51,0.512,0.51,0.514,N
0.504,0.51,0.512,0.51,0.514,0.51,N
0.51,0.51,0.512,0.512,0.51,0.508,N
0.51,0.512,0.512,0.51,0.508,0.524,N
0.51,0.514,0.508,0.508,0.526,0.526,N
0.512,0.51,0.508,0.522,0.524,0.518,N
0.512,0.506,0.522,0.518,0.518,0.514,N
0.508,0.52,0.518,0.518,0.514,0.516,N
0.52,0.518,0.518,0.514,0.516,0.522,N
0.518,0.516,0.514,0.516,0.52,0.514,N
0.518,0.512,0.516,0.518,0.516,0.508,N
0.514,0.514,0.518,0.514,0.51,0.514,N
0.514,0.52,0.516,0.508,0.516,0.514,N
0.516,0.514,0.51,0.514,0.514,0.516,N
0.514,0.51,0.514,0.514,0.516,0.512,N
0.51,0.514,0.514,0.516,0.512,0.516,N
0.514,0.514,0.516,0.512,0.516,0.518,N
0.514,0.514,0.512,0.514,0.518,0.534,N
0.514,0.512,0.514,0.518,0.534,0.522,N
0.512,0.514,0.514,0.526,0.524,0.522,N
0.514,0.514,0.524,0.522,0.522,0.52,N
0.516,0.524,0.52,0.52,0.518,0.52,N
0.526,0.518,0.52,0.518,0.518,0.528,N
0.518,0.518,0.518,0.516,0.526,0.52,N
0.518,0.514,0.518,0.522,0.52,0.506,N
0.516,0.516,0.52,0.518,0.508,0.524,N
0.516,0.52,0.52,0.508,0.526,0.534,N
0.518,0.518,0.51,0.52,0.536,0.524,N
0.516,0.51,0.52,0.528,0.526,0.524,N
0.508,0.52,0.526,0.522,0.524,0.522,N
0.526,0.526,0.52,0.522,0.522,0.522,N
0.528,0.52,0.52,0.52,0.522,0.528,N
0.52,0.518,0.52,0.52,0.53,0.526,N
0.52,0.518,0.518,0.526,0.53,0.52,N
0.52,0.518,0.522,0.526,0.522,0.518,N
0.52,0.522,0.522,0.52,0.518,0.526,N
0.522,0.522,0.52,0.516,0.526,0.526,N
0.522,0.518,0.516,0.522,0.526,0.524,N
0.518,0.516,0.52,0.524,0.524,0.526,N
0.516,0.518,0.522,0.52,0.526,0.532,N
0.522,0.52,0.52,0.52,0.536,0.524,N
0.522,0.52,0.52,0.53,0.524,0.514,N
0.524,0.52,0.526,0.52,0.514,0.536,N
0.52,0.524,0.522,0.514,0.536,0.536,N
0.53,0.522,0.512,0.526,0.546,0.526,N
0.526,0.512,0.53,0.534,0.534,0.528,N
0.512,0.538,0.532,0.53,0.534,0.526,N
0.53,0.542,0.526,0.528,0.53,0.53,N
0.542,0.53,0.524,0.526,0.536,0.53,N
0.534,0.528,0.524,0.528,0.54,0.524,N
0.532,0.528,0.526,0.534,0.526,0.524,N
0.53,0.53,0.53,0.526,0.524,0.528,N
0.534,0.53,0.522,0.522,0.53,0.526,N
0.536,0.52,0.522,0.524,0.526,0.53,N
0.524,0.52,0.522,0.522,0.528,0.532,N
0.522,0.524,0.52,0.524,0.532,0.522,N
0.528,0.52,0.524,0.526,0.522,0.524,N
0.526,0.524,0.522,0.518,0.524,0.544,N
0.524,0.522,0.518,0.522,0.548,0.528,N
0.53,0.522,0.52,0.538,0.54,0.528,N
0.52,0.526,0.54,0.534,0.536,0.53,N
0.518,0.548,0.53,0.532,0.536,0.526,N
0.538,0.538,0.528,0.53,0.532,0.53,N
0.542,0.53,0.526,0.528,0.536,0.528,N
0.536,0.53,0.524,0.532,0.536,0.518,N
0.536,0.528,0.526,0.534,0.518,0.536,N
0.532,0.526,0.53,0.518,0.54,0.532,N
0.536,0.53,0.518,0.528,0.546,0.524,N
0.536,0.518,0.532,0.538,0.534,0.526,N
0.516,0.54,0.536,0.528,0.534,0.526,N
0.532,0.542,0.526,0.528,0.532,0.532,N
0.542,0.53,0.524,0.526,0.542,0.524,N
0.532,0.532,0.524,0.534,0.53,0.524,N
0.534,0.528,0.53,0.528,0.526,0.53,N
0.532,0.532,0.524,0.524,0.532,0.526,N
0.54,0.524,0.52,0.526,0.53,0.53,N
0.528,0.522,0.524,0.524,0.534,0.53,N
0.526,0.526,0.522,0.528,0.536,0.528,N
0.532,0.524,0.524,0.532,0.536,0.52,N
0.528,0.534,0.526,0.528,0.522,0.538,N
0.534,0.53,0.526,0.52,0.538,0.538,N
0.536,0.53,0.518,0.528,0.548,0.528,N
0.534,0.518,0.536,0.538,0.538,0.53,N
0.516,0.54,0.538,0.532,0.54,0.526,N
0.526,0.548,0.53,0.532,0.538,0.53,N
0.54,0.536,0.528,0.532,0.54,0.534,N
0.534,0.536,0.528,0.536,0.542,0.522,N
0.53,0.536,0.532,0.54,0.53,0.528,N
0.53,0.54,0.534,0.528,0.534,0.528,N
0.538,0.54,0.522,0.53,0.538,0.526,N
0.542,0.528,0.526,0.53,0.536,0.532,N
0.53,0.53,0.528,0.532,0.54,0.532,N
0.532,0.534,0.528,0.534,0.544,0.52,N
0.53,0.536,0.532,0.538,0.526,0.528,N
0.53,0.538,0.534,0.522,0.53,0.544,N
0.54,0.536,0.52,0.528,0.548,0.54,N
0.54,0.526,0.524,0.544,0.542,0.532,N
0.518,0.528,0.548,0.54,0.54,0.53,N
0.518,0.55,0.538,0.536,0.54,0.526,N
0.538,0.546,0.532,0.534,0.536,0.538,N
0.536,0.54,0.532,0.53,0.546,0.53,N
0.534,0.538,0.528,0.544,0.538,0.524,N
0.53,0.536,0.538,0.536,0.53,0.53,N
0.53,0.544,0.532,0.53,0.536,0.526,N
0.546,0.534,0.524,0.536,0.534,0.526,N
0.54,0.526,0.528,0.532,0.536,0.526,N
0.528,0.534,0.528,0.53,0.538,0.532,N
0.536,0.53,0.526,0.534,0.542,0.522,N
0.526,0.538,0.528,0.538,0.53,0.522,N
0.532,0.536,0.532,0.528,0.524,0.544,N
0.538,0.534,0.526,0.52,0.55,0.542,N
0.544,0.528,0.518,0.544,0.544,0.536,N
0.524,0.52,0.55,0.54,0.542,0.53,N
0.516,0.548,0.54,0.54,0.538,0.528,N
0.538,0.548,0.534,0.536,0.538,0.528,N
0.536,0.542,0.53,0.536,0.536,0.532,N
0.538,0.538,0.53,0.532,0.542,0.528,N
0.534,0.538,0.528,0.54,0.536,0.522,N
0.532,0.536,0.534,0.534,0.528,0.532,N
0.528,0.534,0.538,0.528,0.528,0.54,N
0.524,0.542,0.532,0.524,0.532,0.536,N
0.532,0.536,0.526,0.53,0.532,0.536,N
0.526,0.526,0.538,0.528,0.532,0.534,N
0.52,0.536,0.532,0.528,0.532,0.536,N
0.526,0.532,0.536,0.526,0.528,0.548,N
0.524,0.53,0.534,0.528,0.54,1.096,N
0.53,0.534,0.532,1.098,0.602,0.55,N
0.536,0.53,1.098,0.598,0.554,0.556,N
0.532,1.1,0.598,0.552,0.552,0.544,N
1.096,0.588,0.56,0.55,0.544,0.524,N
0.592,0.554,0.552,0.544,0.53,1.102,N
0.554,0.556,0.538,0.53,1.112,0.598,N
0.542,0.548,0.52,1.112,0.606,0.552,N
0.542,0.524,1.112,0.604,0.548,0.568,N
0.52,1.112,0.604,0.55,0.562,0.548,N
0.6,0.55,0.562,0.548,1.062,0.586,N
0.598,0.548,0.562,0.546,1.066,0.586,N
0.558,0.544,1.07,0.584,1.076,0.59,N
0.538,1.076,0.58,1.08,0.588,0.542,N
1.068,0.578,1.08,0.588,0.546,0.528,N
0.57,1.084,0.588,0.542,0.532,0.54,N
1.088,0.58,0.55,0.53,0.536,0.552,N
1.082,0.58,0.546,0.53,0.54,0.548,N
0.578,0.554,0.524,0.544,0.544,0.544,N
0.53,0.54,0.548,0.544,1.088,0.6,N
0.522,0.546,0.54,0.55,1.09,0.596,N
0.536,0.546,0.538,1.096,0.602,0.548,N
0.552,0.53,1.094,0.604,0.546,0.55,N
0.536,1.102,0.594,0.552,0.542,0.538,N
1.086,0.598,0.552,0.546,0.536,0.538,N
0.556,0.538,0.542,0.538,1.086,0.578,N
0.546,0.534,0.544,1.062,0.6,0.542,N
0.546,0.53,0.542,1.066,0.594,0.548,N
0.53,0.54,1.102,0.56,0.544,0.558,N
0.528,1.1,0.564,0.55,0.554,0.546,N
1.076,0.582,0.552,0.558,0.538,0.542,N
0.552,0.55,0.552,0.546,0.538,0.552,N
0.558,0.536,0.544,0.544,1.078,0.578,N
0.548,0.544,0.536,0.55,1.078,0.576,N
0.544,0.534,0.55,1.076,0.574,0.55,N
0.532,0.546,1.082,0.572,0.546,0.55,N
0.536,1.084,0.572,0.552,0.54,0.554,N
1.076,0.57,0.55,0.546,0.544,0.548,N
0.566,0.552,0.542,0.552,0.538,1.11,N
0.55,0.546,0.546,0.544,1.112,0.616,N
0.542,0.546,0.542,1.116,0.614,0.564,N
0.55,0.536,1.114,0.616,0.572,0.568,N
0.54,1.116,0.616,0.564,0.568,0.554,N
1.112,0.618,0.566,0.566,0.554,0.55,N
0.616,0.572,0.566,0.55,0.55,0.54,N
0.572,0.568,0.556,0.542,0.55,0.54,N
0.566,0.556,0.548,0.54,0.552,0.54,N
0.564,0.554,0.546,0.546,0.544,0.55,N
0.556,0.548,0.542,0.55,0.542,0.548,N
0.544,0.544,0.546,0.55,0.54,0.548,N
0.542,0.548,0.544,0.548,0.54,0.546,N
0.544,0.55,0.54,0.548,0.54,0.546,N
0.542,0.548,0.54,0.546,0.542,0.556,N
0.536,0.548,0.54,0.546,0.548,0.54,N
0.542,0.542,0.544,0.542,0.556,0.534,N
0.538,0.546,0.55,0.538,1.156,0.658,N
0.534,0.554,0.532,1.158,0.66,0.604,N
0.524,1.164,0.658,0.604,0.62,0.608,N
1.158,0.65,0.616,0.606,0.618,0.59,N
0.654,0.612,0.616,0.608,0.596,0.58,N
0.612,0.61,0.618,0.59,0.58,0.574,N
0.618,0.61,0.598,0.58,0.574,0.56,N
0.608,0.596,0.582,0.572,0.562,0.564,N
0.606,0.598,0.58,0.574,0.562,0.564,N
0.592,0.578,0.576,0.564,0.562,0.556,N
0.576,0.574,0.568,0.566,0.552,0.55,N
0.57,0.57,0.568,0.556,0.542,0.572,N
0.558,0.562,0.558,0.548,0.57,0.564,N
0.558,0.556,0.55,0.572,0.562,0.554,N
0.55,0.546,0.574,0.564,0.552,0.554,N
0.534,0.574,0.566,0.558,0.546,0.564,N
0.57,0.564,0.558,0.554,0.554,0.562,N
0.56,0.552,0.556,0.558,0.56,0.55,N
0.554,0.548,0.562,0.564,0.544,0.558,N
0.546,0.556,0.564,0.552,0.55,0.558,N
0.554,0.56,0.552,0.556,0.546,0.56,N
0.56,0.544,0.56,0.55,0.552,0.558,N
0.548,0.55,0.558,0.554,0.548,0.56,N
0.554,0.548,0.558,0.554,0.546,0.558,N
0.548,0.55,0.558,0.548,0.552,0.574,N
0.554,0.546,0.56,0.548,0.574,0.564,N
0.558,0.55,0.574,0.562,0.572,0.568,N
0.552,0.574,0.57,0.57,0.568,0.566,N
0.572,0.568,0.574,0.568,0.568,0.564,N
0.53,0.54,0.524,0.528,0.526,0.53,N
