0.611,0.009643650760992963,-0.007856363606344225,0.33686910673749393,N
0.5950769230769231,0.014999802760044449,0.006215365119707905,0.3273094189708839,N
0.5932307692307692,0.01623933423300849,0.005919914551053235,0.3319523622038271,N
1.0148,0.27892249819618353,0.002830809118351834,0.13681001299509882,N
1.1413333333333335,0.4040291518635203,0.006705483891378912,0.12394919643588567,N
0.9163333333333333,0.41532223099125765,0.013246179885132294,0.11559973405282395,N
0.916,0.41319406255818025,-0.010337328165269105,0.11626092547139649,N
1.0252000000000001,0.4714515457605373,-0.01170406051583176,0.11745999189720786,N
0.8540000000000001,0.3295855983908682,-0.002729879039985981,0.12291080430379013,N
0.8863333333333334,0.25577442318487503,0.01561595352252008,0.10037809994133601,N
1.021,0.5263468438206883,-0.0001467803711616585,0.09491394393143501,N
1.0213333333333334,0.5260414009900319,-0.006710824427831297,0.09125547038165464,N
0.8803333333333333,0.49305093268568334,0.00895670823802483,0.09994814181002583,N
0.8803333333333333,0.49424746388378715,0.010180388721107403,0.09994991051078073,N
1.1199999999999999,0.5279368649122103,0.007102684103480495,0.10000850149665447,N
0.9259999999999998,0.3149518481715366,-0.010078062309037348,0.0960831902116138,N
0.9263333333333333,0.32518182947732827,-0.019785235144614274,0.09279257299135978,N
0.9283333333333332,0.3188216150486385,-0.0041512972052240695,0.09093557746829843,N
0.7452,0.11883837763954876,0.005728402230087678,0.07818083539900371,N
1.106,0.8104574839763856,0.021445694331047774,0.09868212421708458,N
1.346,1.2461139594756172,-0.004256430868925311,0.12030925035178887,N
1.2964,1.271250974434238,-0.007413747957497176,0.15328946390282205,N
1.178,1.1862012195801073,-0.011993249866105905,0.23682839959344595,N
0.0,0.0,0.015850703231060862,0.10831460881902523,N
0.0,0.0,0.005850113702978996,0.08594860466727083,N
0.0,0.0,0.021920150796042814,0.13286401901309222,N
0.0,0.0,0.016050479523647375,0.12638275248443873,N
0.592,0.0,0.01464684371274208,0.12108703891492568,N
0.594,0.0,0.011344685836301018,0.11833832154449021,N
1.1493333333333335,1.3098934647095883,-0.016948146887540087,0.14751443786957627,N
1.2648,1.4047767651837069,-0.011988302006230928,0.15009614998583043,N
1.3803999999999998,1.3668026338868389,-0.0032900289000921097,0.12362727592774804,N
1.2469999999999999,1.2838108635361103,-0.004112229484281456,0.11035938957959016,N
1.2553333333333334,1.2766120092738522,-0.002808173704240928,0.0940383689375806,N
0.6713333333333332,0.21872255383374514,-0.0005034365149664222,0.0969434138482111,N
0.6571428571428571,0.2046986834847947,0.001221695122156783,0.11309831498368927,N
0.6497499999999999,0.1933815852143114,0.0068040339476370905,0.12001872911834456,N
0.6366666666666666,0.18604181131013411,0.004051989943170846,0.1278163982385852,N
0.6300000000000001,0.17760855835234968,0.0003023645904363181,0.1352602894464986,N
0.6239999999999999,0.16836108382121606,-0.0032520972386905836,0.140893469018047,N
0.572,0.01535227369780474,0.0011270983393282187,0.1533523119878117,N
0.5724615384615385,0.014318440958403587,0.0062904218631031576,0.15806719191599583,N
0.5712307692307692,0.013890527188056244,0.005808988369356774,0.16449393037766882,N
0.5703076923076922,0.012148976629168988,0.0007649945542307008,0.171806995650532,N
0.5684615384615384,0.010142184445445832,-0.005042549703708907,0.17750048869288018,N
0.5689230769230769,0.010513445885089144,-0.0006514162917103066,0.18830824361953832,N
0.57,0.011231822922119349,0.006214809744531462,0.1938042831158043,N
0.5692307692307692,0.011301149336742708,0.004977694363291558,0.19517615586503573,N
0.5664615384615386,0.014446801001315023,-0.0015929518249755727,0.2006296631243133,N
0.5636923076923076,0.011789073268103361,-0.005942302324727513,0.20363788087051615,N
0.5652307692307693,0.009814854097068632,-0.001772392281506447,0.2049333933375865,N
0.565076923076923,0.010773625476930185,0.0042344664142209215,0.21012654543199616,N
0.5667692307692307,0.012039383105546954,0.0072320747576613545,0.21218453533816883,N
0.5653846153846154,0.012263381774387431,0.0030695233370379286,0.21669157628477928,N
0.5643076923076923,0.01019339616829378,-0.0049001408290825265,0.22232647344298645,N
0.5646153846153846,0.009458723783962677,-0.0016413586162927903,0.22457863352214988,N
0.5656923076923076,0.012523114723057643,0.0012541477571159662,0.22493104284716892,N
0.5658461538461538,0.01313741664012871,0.0020616688600480805,0.2291537441050041,N
0.566923076923077,0.012999772414940033,0.003219947506870506,0.2286649991184237,N
0.5655384615384615,0.011978284098351805,1.8132172604042797e-06,0.23032504398071946,N
0.5660000000000001,0.010137516005868008,-0.0013028907145787494,0.2343472558953484,N
0.5670769230769231,0.010064878297720665,0.0016006988352750486,0.2365049268418126,N
0.5676923076923077,0.01165784394490621,-0.001363799453856208,0.23527680910804713,N
0.5684615384615386,0.011665962221617752,-0.001315464228919949,0.23986308116197336,N
0.5693846153846154,0.012060988998473602,0.003038391527399538,0.24026162022524453,N
0.5666153846153846,0.010652110383454585,-0.0007992073974460491,0.24292967527220982,N
0.5678461538461538,0.008392727198145114,0.002077459713536356,0.2461096380245005,N
0.5683076923076923,0.00803247845058866,0.0022797653569817874,0.24763798291473502,N
0.5687692307692308,0.009299742313666082,-0.00144273241426983,0.24272125689561255,N
0.5683076923076922,0.011970377639339617,-0.002257513590233065,0.24254556151359405,N
0.5692307692307692,0.01408847781346839,0.0023461074023345455,0.24249413988107132,N
0.566923076923077,0.010658774200423828,-0.0011005009087920515,0.24200974353590296,N
0.5672307692307693,0.008719155270956735,-0.0007741683049649361,0.24409993534450605,N
0.5673846153846154,0.008426500884694831,0.003566650242226364,0.2468914273690069,N
0.5681538461538461,0.007901763715936126,-0.0013593111270030192,0.24330269812316868,N
0.5681538461538461,0.009493691458794747,-0.002685395838119959,0.24442656471034105,N
0.569076923076923,0.013601252987877111,0.002225649594001817,0.24223445662382317,N
0.567076923076923,0.013094106357509641,-0.002538404495799762,0.24520706565637518,N
0.5695384615384615,0.010958771580620358,9.17971052501263e-06,0.24741662426426156,N
0.5700000000000001,0.012477672366764041,0.0016350689386117187,0.2467625266019615,N
0.5710769230769229,0.012590970748067745,0.00036833378865998203,0.24173068806716583,N
0.5715384615384614,0.012555203546525007,-0.0037697227838053376,0.24403597738131433,N
0.5735384615384616,0.01488734818880361,0.00191880494697989,0.24298371268832678,N
0.5716923076923077,0.014397567184368399,0.002209196004717554,0.24300923726292656,N
0.5707692307692308,0.014132090302972177,0.000870060158935517,0.2459653056456619,N
0.5716923076923076,0.012072757733423638,0.0035134389857851855,0.2461158069533347,N
0.572,0.011176899253508387,-0.0002873109329859735,0.24288440201679168,N
0.5715384615384616,0.009580552293501675,-0.002860276526270812,0.24015982759323534,N
0.5713846153846154,0.009555815478935071,-0.00017490102533332003,0.24260251383550402,N
0.5713846153846154,0.008957493309544375,0.0013240802374432838,0.24320976195988758,N
0.571076923076923,0.007630521087776736,0.005497607465571764,0.24378869861918984,N
0.5706153846153845,0.007163351831890944,0.002619123277260193,0.24573004080961117,N
0.5704615384615384,0.007365359509898949,-0.004054149383401979,0.2443061607859909,N
0.5701538461538461,0.00860988835669735,-0.0051243991199406745,0.24209880485561286,N
0.5693846153846154,0.009025932396229296,-0.005091389173285836,0.2424055874896965,N
0.5684615384615385,0.009018062086001715,-0.003566659799218757,0.2409155996504012,N
0.569076923076923,0.008861858968562841,0.006941515885492433,0.23757062443139382,N
0.5686153846153845,0.008279153259737633,0.0048293887724145754,0.24313423600415437,N
0.5692307692307691,0.008576836839856201,0.0007812788003339708,0.24423356647608596,N
0.5693846153846154,0.010239730026026891,-0.005291779555502174,0.23878928003993682,N
0.569076923076923,0.01042527652067531,-0.003923151139633747,0.2616331930646106,N
0.5707692307692308,0.013021602442768487,0.005182047203080732,0.255449164286578,N
0.5680000000000001,0.012649110640673486,0.001967394468639941,0.2548494439189594,N
0.5693333333333334,0.0122565175405668,0.006060848092531727,0.27317801088988547,N
0.5704999999999999,0.01336974195712092,-0.004437420072632968,0.26414120950618425,N
0.6043333333333334,0.15368980303050545,0.011776796034018894,0.183527536852023,N
0.6063333333333333,0.15238729897497658,0.025701276993388315,0.18531068300476058,N
0.5625000000000001,0.016834983417475215,0.01952662984068787,0.19569825897458257,N
0.5633333333333334,0.011925695879998836,0.010730714634710833,0.2008236492028872,N
0.5647692307692307,0.009656833739369333,0.004968694343261134,0.20021524212050956,N
0.567076923076923,0.007829545015384258,0.007887948256296226,0.19607428465903426,N
0.5669230769230769,0.009659284401441355,0.0004184074750270114,0.19588614890284772,N
0.5673846153846153,0.015339935119401737,-0.0015572627892619527,0.1977452359119489,N
0.6198181818181818,0.14703482468252715,-0.006209401356757154,0.20253920405111264,N
0.5666666666666665,0.020580465387244163,-0.00386699899727773,0.20493342148094473,N
0.5686153846153845,0.010477363596296233,0.0017406930293422992,0.20085376290529325,N
0.5686153846153846,0.011378376668984948,0.005388733115654913,0.20117667613199397,N
0.5676923076923076,0.011789073268103367,0.004165187771563629,0.19341287883381067,N
0.5689230769230769,0.012542000444423862,-0.0058626440312049425,0.19180713443526212,N
0.5681666666666666,0.011473399186330453,-0.004315393948371146,0.19144763831974798,N
0.5689230769230769,0.011572258196363965,0.006073110714765916,0.18631702852793963,N
0.5686153846153845,0.010057821002265294,0.006956562858916068,0.1805487717677248,N
0.5686153846153845,0.010680956897052143,-0.0013356224307746831,0.17746858819604794,N
0.5690769230769231,0.013825625808406728,-0.003182755936690706,0.17809732640585027,N
0.5675384615384617,0.009548381937958672,-0.004033083293504664,0.18135162794957033,N
0.5701538461538461,0.01076923076923074,0.0045425082485616225,0.18338848488267478,N
0.5687692307692307,0.012686478848054312,0.007133388996713762,0.18352402962804423,N
0.5676923076923076,0.01089378521052334,0.002161506604966073,0.18872466840599286,N
0.5692307692307691,0.011191712910445033,0.0015925554928775355,0.200366161899097,N
0.5704615384615385,0.012029549416815123,0.005592962719604864,0.2069727461143968,N
0.612,0.16104243747120403,-0.00048723588073822707,0.14312811246051993,N
0.6194545454545454,0.16424835055840595,0.00014880558151132752,0.10670309294561332,N
0.6141666666666666,0.1534198125695925,-0.002191751165484236,0.10570170691557608,N
0.568,0.014371689342086887,0.0008525407543591647,0.10970587483273109,N
0.6181818181818183,0.15300969558217142,0.0046389773309188425,0.11092370782199683,N
0.6207999999999999,0.15935168653014004,-0.010718969971191133,0.10673121504720325,N
0.6218,0.15890739441574145,-0.00223446661568392,0.1021496153406599,N
0.5660000000000001,0.011121704351955558,0.0012726496445823994,0.09303886435917681,N
0.5664615384615385,0.014574030563433878,-0.0003987537625167623,0.09163905275873732,N
0.5663076923076923,0.017022087982675335,-0.00087840689891785,0.09321932543475657,N
0.668909090909091,0.20525171001190207,0.00020719921454236505,0.09590899702494522,N
0.6678181818181819,0.20891312599948347,0.00042111092287639633,0.10101878982163363,N
0.6201818181818182,0.16165384914114714,0.0052343014861160365,0.10812432120310042,N
0.6128333333333335,0.1485383414775084,-0.0020521404171960846,0.12688099249997914,N
0.5683333333333332,0.015871007809489864,0.0003763491285235535,0.1313992825525032,N
0.5675384615384615,0.014404141416302044,0.0058723792528505795,0.13394251553257158,N
0.5647692307692307,0.009846153846153814,-0.005208519068614866,0.12953615871078475,N
0.5656923076923077,0.00837013569768331,0.0004674304233152707,0.1294078280835437,N
0.5661538461538462,0.009526046511023184,0.00415253742288276,0.13259366990532662,N
0.5652307692307692,0.008395546861318274,0.0004912664957924952,0.13663658112228888,N
0.5656923076923077,0.008479700787397303,0.000789736277818412,0.13716524230398544,N
0.565076923076923,0.009466227731024679,-0.000716694346267008,0.1366653795155807,N
0.5650769230769231,0.009269150973164315,-0.0008649054046043227,0.1364598711660573,N
0.5646153846153846,0.012213098022762643,-0.0005664793676780596,0.13628060938401093,N
0.5656923076923076,0.010978192476868445,0.0024761743346440692,0.13501660844510713,N
0.566923076923077,0.008757076597389316,0.005332124734444152,0.12881224747667913,N
0.5663076923076923,0.008765181251227112,-3.188980910707243e-05,0.1289977878643022,N
0.5663076923076922,0.010607577954423478,-0.003118550231047221,0.1297975255485468,N
0.5664615384615383,0.01150662273927084,-0.005564602266350101,0.13880085802146752,N
0.5664615384615385,0.012131430156133095,-0.0031439219799893107,0.14257688627007375,N
0.566,0.011871102599298697,-0.0002294568637989994,0.15235072187038592,N
0.5673846153846154,0.011432332432713379,0.003269720950582448,0.1530901364253152,N
0.5672307692307693,0.010274343296654734,0.0051599913859262285,0.15738126967865276,N
0.5678461538461539,0.01045022012168716,0.0015103764878220715,0.15888498556490954,N
0.5684615384615385,0.013059717187510258,-9.405075134481561e-05,0.16024165589176476,N
0.5687692307692308,0.013463076835174859,-0.0022829127588266684,0.16171299694442742,N
0.569076923076923,0.014938136731001028,0.0005928953619457169,0.16359619687393914,N
0.5675384615384614,0.012845923535475725,0.003493029963595847,0.1630995719240574,N
0.567076923076923,0.011783048700840956,0.007347891837434797,0.16511161666563912,N
0.5683333333333332,0.010192589900947064,3.328645317116499e-05,0.17067724153138306,N
0.5695384615384615,0.011125959834931995,0.0010622900809077462,0.16937818794465628,N
0.5681538461538461,0.01138045662086577,-0.0018653715475974437,0.17000060674766537,N
0.5703076923076924,0.010636545241503734,-0.004100639335852193,0.1668216433781218,N
0.5706153846153846,0.012585330053056933,-0.0037141171218485433,0.1607207295436801,N
0.5683076923076923,0.0105785313462591,-0.002352076533960124,0.15433324141049942,N
0.570153846153846,0.007940607938808563,0.0019032751721346063,0.14668820700056467,N
0.5701538461538461,0.008319080513597376,0.0011746292811264806,0.1450418338748491,N
0.5703333333333332,0.008478731561317903,-0.00393330360947396,0.13964829937221881,N
0.5706666666666667,0.008219218670625276,-0.0035724962103721543,0.13198319966922323,N
0.5713333333333334,0.009706813185707323,0.0059853223518339885,0.15340806633134701,N
0.6218333333333333,0.1732906197371597,0.0027319364355837938,0.14878888332067292,N
0.6276363636363635,0.17989859402516575,0.001493878820051365,0.1441712772524209,N
0.6259999999999999,0.17794176779854898,0.003560882275738466,0.14209289398506061,N
0.626,0.17538321677764016,-0.0008603279027440384,0.12934994285805698,N
0.625090909090909,0.17437340004894122,-0.0015633034188985073,0.12625219054890088,N
0.6241818181818183,0.17531572463924944,-0.003986313357213299,0.12143176056537505,N
0.6285999999999999,0.1650625336046918,-0.003922207190874974,0.11938520037740583,N
0.6277999999999999,0.1673737135872895,-0.0018786490855725372,0.11880211895101038,N
0.6852,0.2230178468194866,-0.00010714122601718503,0.11994604050868848,N
0.6854,0.2200309978162168,-0.000658570063071969,0.12052806062135134,N
0.6968888888888888,0.22875724369560385,-0.003351293095102208,0.11916537485833316,N
0.64325,0.18767242072291812,-0.006142245129812974,0.11519953344516312,N
0.6425714285714286,0.20023333327671,-0.0015105987310475015,0.11637897107943812,N
0.6422857142857143,0.189909538078163,-0.005036524078475763,0.1209416177218047,N
0.5655000000000001,0.00881759604427416,0.006848321171931272,0.08198933645736596,N
0.566,0.00818535277187242,0.002734338494625605,0.07371469274969691,N
1.0393333333333332,0.8313881297097176,-0.0013296992566246282,0.06859686418770028,N
1.1316,0.8778768934195728,-0.0005471863813332583,0.06306017324838782,N
1.129,0.9820799356467884,-0.0007310420658584622,0.06019334215399305,N
1.127,0.9844079438931809,0.00035084669250143687,0.0576016610686967,N
1.3153333333333335,1.0767188841826616,0.00010399442684140115,0.0597738779785483,N
1.3173333333333332,1.0865901813573609,0.0016277302070863268,0.05884062526722934,N
0.5579999999999999,0.018745255810060694,0.002944372693621232,0.32666745155493726,N
0.5604615384615385,0.01182315449651742,0.019921096140753266,0.31055883341178264,N
0.5627692307692308,0.01135547205368977,0.014403320070098098,0.29176816506303077,N
0.564923076923077,0.013555932782714235,0.016749792146787186,0.2866103549054057,N
0.5624615384615385,0.016551157917268685,-0.00042888238460359984,0.28566731084032715,N
0.5643076923076923,0.014880987433038428,-0.0031197117112497534,0.2848770856974186,N
0.5615384615384615,0.014253827473108235,-0.0074712152664713136,0.288790213415997,N
0.5647692307692307,0.015161458455082941,-0.011699917203148131,0.2837021233538673,N
0.5626153846153847,0.016868443280226655,-0.007877744699696178,0.29506032406394234,N
0.5621538461538461,0.016538282646617428,0.004068950431654461,0.28779831660873334,N
0.5616923076923078,0.012424446221273791,0.0010598895334702546,0.2846176130474563,N
0.562,0.012353759938390572,-0.004578321212324638,0.28352969758009294,N
0.5643076923076923,0.01687685996762617,0.006288153045065693,0.2857297849665271,N
0.5623076923076924,0.01866046670776158,-0.006545310233575407,0.2716204159397138,N
0.5632307692307692,0.014476260918397193,-0.011815732155977237,0.24855987625568174,N
0.5618461538461539,0.008319080513597362,-0.01223911011576669,0.24974797309880006,N
0.5624615384615386,0.010731803093289381,-0.0029114023293585587,0.24935051000687414,N
0.5641538461538461,0.013999154665941291,0.006377357827587238,0.2562486034640551,N
0.5612307692307692,0.01885227530097276,-0.0025643070233323487,0.24658928841464312,N
0.5627692307692307,0.015141150480390239,0.009064321500908697,0.24616228601556372,N
0.5641538461538461,0.011189597874441922,-0.004982398274041035,0.25620867925149154,N
0.5663076923076923,0.011200169060431541,-0.0016678280330121684,0.2524094139067502,N
0.564923076923077,0.011990134011322248,-0.00039063414014789557,0.2505250531435159,N
0.5656923076923077,0.013852989765526645,0.002478314363662078,0.24948470994174285,N
0.5664615384615385,0.016175077622523907,0.00851713219294789,0.25412488050994303,N
0.565076923076923,0.015061216308332789,0.005452038472887296,0.2545149097782233,N
0.5673846153846154,0.014063255239417127,0.003883564786507061,0.2532975987687076,N
0.5673333333333334,0.013816254517375105,0.0024514899882859217,0.24869098370991993,N
0.5670000000000001,0.01271482074850707,0.0030026261329921806,0.24637473185296557,N
0.6133333333333333,0.1585692978549827,-0.009976618269456094,0.24338312429775158,N
0.6143333333333333,0.16012668595694957,-0.010672512525392067,0.24229496142849394,N
0.6174999999999999,0.160428852351024,-0.00648080047009826,0.24384934723216317,N
0.6164999999999999,0.16023966425326783,-0.0009181949562554389,0.24487750549227916,N
0.6138333333333333,0.16096264231871385,-0.0010903168511598518,0.25951278484543483,N
0.6136666666666667,0.15727859217183868,-0.012150666244288462,0.24868467024140883,N
0.6161666666666666,0.1551031019103816,-0.00496459925444823,0.2553888494772285,N
0.6151666666666668,0.1573265358701096,0.008090980025303984,0.2503565337866139,N
0.6150000000000001,0.15925974590795586,-0.0013329374629865822,0.2565960172041566,N
0.568,0.01502817866030854,-0.0003128290030378606,0.2601215048773504,N
0.5663076923076923,0.014268764246986977,0.000783743237741348,0.26127922561972,N
0.5690769230769231,0.01071635370293413,0.003903954465594435,0.26443581718491455,N
0.5675384615384617,0.008344647152197276,0.008764482487010429,0.27657530476723213,N
0.5687692307692307,0.009299742313666075,0.005398688757615118,0.2837626885489224,N
0.5678461538461539,0.011051252305272565,0.0036035488736925773,0.29557079918736273,N
0.5667692307692308,0.00916644252908688,-0.00034423671772752334,0.3072824568303394,N
0.5687692307692307,0.005631693913145549,-0.0004016221962856061,0.31163733091109824,N
0.5683076923076923,0.006017725297110107,-0.0005714991608041587,0.31283008681741703,N
0.5687692307692307,0.007787108144519214,-0.002767738606284446,0.3112997205968501,N
0.5692307692307692,0.010656553391107005,-0.0011903920141823907,0.3162355346957974,N
0.5683076923076923,0.010694244428912444,0.0008414927395279766,0.3234262034856312,N
0.5693846153846154,0.007741381923328673,0.006988331224382447,0.3297863749697995,N
0.5690769230769231,0.007630521087776744,0.0019024881626477418,0.3355514730023793,N
0.5693846153846155,0.009778614512043487,-0.004246479727061725,0.3311439970456055,N
0.5690769230769231,0.009941842720863675,-0.006947288705405924,0.3280982528411447,N
0.5693846153846154,0.009127628907194638,-0.0020914048072524626,0.32575337326935316,N
0.5686153846153845,0.008678341400720256,0.0010802932019553654,0.32372701016347,N
0.568923076923077,0.0066847879945847255,0.0035306398325258928,0.3262207489909649,N
0.5687692307692307,0.006727141879715501,0.002065556258587936,0.33074810919019204,N
0.5683076923076922,0.006649287010761308,-0.002706061183583965,0.32212766464682,N
0.569076923076923,0.0071302339853885725,-0.001628880751959753,0.3196381854762962,N
0.5693846153846155,0.007859716784273694,0.0004952843348696968,0.32198712251467243,N
0.5673846153846154,0.008888527277325687,0.0007414323094766524,0.324850851835037,N
0.5663076923076923,0.007558842151715809,-0.0025912213977596532,0.3268858376669734,N
0.5667692307692307,0.0063989644132570285,-0.000495222669175702,0.3290403503845842,N
0.5673846153846154,0.006294545398608822,0.0035108792447415614,0.33107585345507623,N
0.5678461538461538,0.008056016899437538,0.0014977493491037054,0.31776160238133516,N
0.5667692307692308,0.009656833739369331,-0.0033308706794571937,0.3099321676012546,N
0.5658461538461539,0.009264042595276637,-0.0037633459609438522,0.30215536360220424,N
0.5670769230769231,0.009754379990244491,-0.0073290940711689435,0.29845959621708124,N
0.568,0.008264846780654303,0.002828635669533712,0.2983483961822699,N
0.5681538461538461,0.011353387524612343,0.004790530043833649,0.2893311304162041,N
0.5687692307692307,0.011191712910445024,-0.004261225634698443,0.27961574376937215,N
0.5685,0.010988630487917928,-0.002337691348847409,0.26581249375853555,N
0.5670000000000001,0.010785793124908924,-0.0065081808419484655,0.25712672703902323,N
0.5676923076923077,0.010372927896023084,-0.0019836942613559987,0.2461003533528638,N
0.5693333333333334,0.008537498983243763,0.0016159562998514924,0.23502352892404751,N
0.5705454545454546,0.008988514250405996,-0.0014752167228204494,0.22163799745110582,N
0.57,0.011027239001672148,-0.004309545146590923,0.20741653001776889,N
0.5721999999999999,0.014406942770761579,-0.0097861681945658,0.19064401020130523,N
0.7424,0.5039942856818914,-0.007102220339623014,0.18529796270967722,N
0.7432000000000001,0.5036849809156513,0.00767976494251333,0.19669685925113878,N
0.7409999999999999,0.5050926647655853,-0.0005643146794962823,0.20585301669597064,N
0.7422,0.5053525106299562,-0.006408933035422879,0.22778625450465623,N
0.7606666666666667,0.530248579022665,-0.015426252603917695,0.22372021778102724,N
0.7608888888888888,0.532300759688949,0.018498611282142512,0.24305190956318637,N
0.8237777777777776,0.540825249611447,7.970956677100917e-05,0.24094542117212397,N
0.8244444444444443,0.5418927961037457,-0.0014535816782584652,0.2365840413195803,N
0.8235555555555556,0.5415695525478824,-0.0010034455827706758,0.23669173530354393,N
0.8217777777777777,0.5404717646603397,-0.0010721717820015347,0.23444224293257013,N
0.6265999999999999,0.1645066564002807,0.004624925698815359,0.2382982444569144,N
0.622,0.158802335682388,0.008485169158455737,0.24957507779888302,N
0.5701538461538461,0.010211954938631423,0.0014840351619597072,0.273607636148586,N
0.5703076923076923,0.008515909232675688,0.0003160359324014093,0.2919453207600242,N
0.5706153846153845,0.008204487154445135,-0.009039618445703952,0.30108513486000266,N
0.5710769230769229,0.007750548749421518,0.0031901528984525553,0.31605327370926034,N
0.5718461538461537,0.008925729048837084,0.007725235225567631,0.30835382969998654,N
0.5703076923076923,0.010722977595831741,-0.006623926549840889,0.3157840475599578,N
0.5698333333333333,0.012687482895445473,-0.006304897626163377,0.32187735248108823,N
0.5704615384615385,0.011153580898702652,0.003145676658275263,0.32341498971827676,N
0.5716923076923077,0.009948982285676748,0.008920541264346264,0.30715153021859437,N
0.573076923076923,0.011783048700840976,0.004860969411106428,0.30777849856525624,N
0.572,0.013473620951268483,3.7470098615413435e-05,0.3149395341928127,N
0.5715384615384616,0.012530672427259817,0.0017944517702414204,0.3185058779753852,N
0.5713846153846154,0.010767032742721635,-0.001622438618881209,0.3260902403641378,N
0.5716923076923076,0.010102433944235057,0.007426101955444283,0.33857794504275635,N
0.5723076923076923,0.009375783990887726,0.004105166477634532,0.3312454439107826,N
0.5713846153846155,0.010027181991877104,-0.001293104382341363,0.3343203070076304,N
0.5713846153846154,0.008784063029920094,-0.0020213824839548696,0.33325103986545374,N
0.5706153846153845,0.007976296244194275,-0.007019130818947147,0.3339369656241444,N
0.5715384615384614,0.00888053519363802,0.0047914411802305375,0.3401424374480511,N
0.5715384615384613,0.008634593969478308,0.007246686190745204,0.3349353282547267,N
0.5706153846153846,0.009294650748918885,-0.0006801232228170987,0.33034466167668347,N
0.5707692307692308,0.007464313520435787,-0.0045667465348356705,0.3250857101532809,N
0.5696923076923077,0.0066954015836888725,-0.006910003388492558,0.3280886702952404,N
0.5701538461538461,0.008169795721447215,0.0006523795495580018,0.3303436256263949,N
0.5707692307692307,0.008859187722392579,0.0028929652168422733,0.3279880162102105,N
0.5704615384615384,0.008344647152197283,0.0008689651094081679,0.32414658066393953,N
0.5696923076923076,0.007009714307627378,-0.003455115344406924,0.3253654333759329,N
0.568923076923077,0.00635442351632717,-0.007179827865538424,0.3235432848214868,N
0.5696923076923077,0.006317066205430072,0.00016632677297317676,0.3213558647488618,N
0.5695384615384615,0.006709526919186594,0.0014734065743168944,0.32546380232284355,N
0.5701538461538461,0.0077046055541839294,0.0037786809328339208,0.32150774546419447,N
0.5690769230769231,0.00763052108777674,-0.0029394948887415304,0.325696284120343,N
0.5678461538461538,0.008132046330093817,-0.008203099463381146,0.32793927604684625,N
0.569076923076923,0.006911100752374201,0.0009163975672406477,0.32423393776158255,N
0.5686153846153845,0.007859716784273699,0.0024614918156658943,0.3254945907294757,N
0.5693846153846153,0.007781026840862622,0.0048271860826665505,0.3220974526238045,N
0.5684615384615385,0.00877597581350867,-0.0008508673641923092,0.3235739384861791,N
0.5676923076923077,0.007394224517352519,-0.005956048964644185,0.32163470020165497,N
0.5681538461538461,0.009230769230769197,-0.002329057460693467,0.32039461474720227,N
0.5696923076923077,0.007639820934113911,0.003807784731851408,0.31853613597533303,N
0.5698461538461539,0.00794060793880856,0.0005535004340716445,0.32292169882296357,N
0.5703076923076923,0.00810872858652579,0.002768001497238811,0.3227705127519814,N
0.5698461538461538,0.0065849029412408,-1.390795432800842e-05,0.3239530770817543,N
0.5684615384615385,0.006709526919186597,-0.006929414641673294,0.32687690317328,N
0.5695384615384615,0.006234092181339923,-0.0002574928009059129,0.3251336584770668,N
0.5698461538461538,0.006769230769230755,-0.0007623217678697768,0.3203245095787487,N
0.5701538461538461,0.006149998797325108,-0.0013696715095149192,0.3225522935826867,N
0.5706153846153846,0.006720101436258916,0.0004523507016784718,0.3216289844271212,N
0.5696923076923077,0.0071401854682290765,-0.0025601719324227965,0.32082956479338565,N
0.5703076923076924,0.008296288469361679,0.001419749355553382,0.3219687222749677,N
0.5704615384615385,0.008307692307692283,-0.0017642842988435249,0.3186586400392432,N
0.5707692307692308,0.008172692298642089,-0.0027633239643459788,0.3164680796281522,N
0.5706153846153845,0.007621209893231266,-0.00033031105313604685,0.3211209081413557,N
0.571076923076923,0.007868745755411936,0.003962434692250653,0.3221036060921432,N
0.57,0.006656402354702734,-0.002861003094760403,0.32896636439504423,N
0.5706153846153846,0.006146149032442487,0.0008824555546236082,0.32870232552608236,N
0.5707692307692308,0.006996195077478174,0.002392565993035013,0.3274273364946705,N
0.5709230769230769,0.00879214280752585,-0.0022500282724163293,0.3236805847580891,N
0.5704615384615385,0.00812039582793638,-0.001335424185282216,0.3263056846439917,N
0.5707692307692307,0.008395546861318291,0.003052640858552726,0.32653736104019465,N
0.5698461538461538,0.005998027289113189,-0.0014017270510089765,0.3267610843289629,N
0.57,0.005870395085642724,-0.003095011829390377,0.32765997210724856,N
0.5698461538461538,0.006769230769230751,0.0029193210943864005,0.32993194349849747,N
0.57,0.0070601808649746025,-0.002499460466382076,0.3262288285863669,N
0.5695384615384615,0.0073653595098989435,-0.0029985505161554344,0.3267409854672037,N
0.5700000000000001,0.00788377106173472,0.003262922240850019,0.3278024847417771,N
0.5678461538461538,0.0088911897087999,-0.0021676125278138423,0.3314103711916212,N
0.5686153846153845,0.006811059575747253,0.0011360157496820317,0.33393221103973864,N
0.5676923076923077,0.005426212950322547,-0.003914469072117088,0.3317372101315922,N
0.5683076923076922,0.0070534728531369975,-0.002525696947963452,0.33014744768980353,N
0.568,0.009046886417224077,0.0003463827355634635,0.32644352982080893,N
0.5664615384615386,0.011952568984341527,-0.00530397727699458,0.3278111258390277,N
0.5643076923076923,0.010461538461538428,-0.006969329818685555,0.3261138637393791,N
0.5653846153846153,0.008389906587345182,-0.0012694318723890914,0.32452597334907324,N
0.5661538461538461,0.007744438737632717,0.003425192599456444,0.3275567789123234,N
0.567076923076923,0.008471323014114554,0.0013410526978155646,0.32332340362588496,N
0.566153846153846,0.010450220121687165,-0.003921813650391255,0.3247691624562951,N
0.5663076923076923,0.01147160115834289,-0.0030812212549419724,0.32318097971387044,N
0.5663076923076923,0.010520197536786895,-0.00651143413575176,0.3238854542646403,N
0.5673846153846154,0.00871372446677307,0.0008929154845836519,0.3263832946957675,N
0.5683076923076923,0.008869867880245868,0.00558796601641564,0.32694324156938576,N
0.57,0.009114654303752967,0.003332409537409897,0.32399756530938895,N
0.5687692307692307,0.008540886696481212,-0.0002606950096248164,0.32118691154809265,N
0.5686153846153846,0.00968375691191149,-0.005865209476214742,0.32407776922769643,N
0.5706153846153845,0.005942525512562444,0.000339413953679643,0.32253083244945885,N
0.5716923076923076,0.005134867467162645,-2.0173744549633296e-05,0.3202055249317745,N
0.5718461538461537,0.0051716111735297145,0.0013629237419037735,0.3261116678517316,N
0.573076923076923,0.005954462301650336,0.0016072655860027826,0.32521143543535064,N
0.5715384615384616,0.008270572341978815,0.005062553684536174,0.3337521539599774,N
0.5666666666666665,0.01004434611554621,0.017111161164968264,0.23861119215149665,N
0.5670769230769229,0.008615384615384579,0.025216031085657783,0.25127005688672044,N
0.5663076923076923,0.006461538461538427,0.01340533402604498,0.2532853627939342,N
0.5658461538461539,0.005998027289113176,-0.000152766846862896,0.2652226331743085,N
0.5663076923076923,0.008184268355858662,-0.0017373738069280582,0.27583210158713994,N
0.5669230769230769,0.007907752169782371,-0.0008176291705715427,0.28075229546912295,N
0.5669230769230769,0.007426165160705908,-0.003979927187106512,0.2785884254639722,N
0.5669230769230769,0.007258539145898705,0.0016037659281626206,0.2849420883809792,N
0.5676923076923077,0.0061191328619542296,0.0050772808028034635,0.28580246201385623,N
0.5661538461538461,0.00831908051359737,-0.007159178668073216,0.2896648484632483,N
0.5666153846153846,0.008091196179879783,-0.005040578591972228,0.2902551457086845,N
0.5661538461538461,0.007583850796225338,0.0010498071007744181,0.28724680374599354,N
0.5663076923076923,0.007009714307627361,0.0016011741160217399,0.28993226225525925,N
0.5663076923076923,0.006461538461538424,0.005074605983707021,0.2958568655886314,N
0.5664615384615383,0.005930564697660391,0.004387546820656562,0.30057176861308665,N
0.5656923076923076,0.0040645676349608546,-0.009921011536102465,0.31110403290048666,N
0.5653846153846153,0.00902593239622928,-0.008189747593466164,0.3169978954686658,N
0.5655384615384615,0.00852701936033905,0.012320587983156963,0.3183572561306332,N
0.5653846153846153,0.007374993731819584,-0.003187478931763974,0.3117352070504995,N
0.5653846153846153,0.006343239424027135,-0.00011409040281645105,0.3084293247673111,N
0.5653846153846154,0.0051071362069839065,-0.002846842289424786,0.309917667271068,N
0.5638461538461539,0.006814533720107682,-0.003701287389166942,0.3152594647624981,N
0.5641538461538461,0.009717914890679198,-0.002118895789319171,0.31201929914599147,N
0.5647692307692307,0.008754373378742606,-0.002697662247653478,0.3077425576652567,N
0.5647692307692307,0.0077076769537694064,-0.009674227518603643,0.30622483515673193,N
0.5647692307692307,0.006862987084060107,-0.005027974107186613,0.3099014975660201,N
0.565076923076923,0.005797367286589739,0.0026488158987819895,0.31482755047940525,N
0.5638461538461538,0.005681903173113622,0.0003992318635354899,0.3159716415677303,N
0.564,0.008448941672459024,0.0009779365731419365,0.3133445484172386,N
0.5643076923076923,0.00944119138004074,-0.000737194437707823,0.3112019329513328,N
0.5633846153846154,0.009778614512043473,-0.009780020909036501,0.31090545678983805,N
0.5633846153846154,0.007820470785931554,-0.003429375986363445,0.3115916239167941,N
0.563076923076923,0.006545245349594619,0.0004203124881571544,0.3077911437582149,N
0.562153846153846,0.006814533720107682,0.012952914172929252,0.3112282614531413,N
0.5624615384615385,0.010958771580620346,0.009950627847958346,0.30790468215050854,N
5.752,0.0,0.020570130424041034,0.12234166963456482,N
3.485,2.2649999999999997,0.025572131882824034,0.1330021004481563,N
0.606,0.10199999999999998,0.0015060291020421142,0.10434378615062435,N
0.66,0.10435835695653063,-0.0018609746382874561,0.10503693387666584,N
0.8340000000000001,0.10200000000000004,0.011593753560680136,0.1442753895148872,N
0.8353333333333333,0.1695667682327197,0.014701975847113734,0.14746979814499234,N
0.8386666666666667,0.17356138843520338,-0.004185300708282685,0.14894319891421853,N
0.8453333333333334,0.07073581522507218,0.013959411827532115,0.16956307091982567,N
0.9425,0.19732397218787182,0.007065963407269414,0.16501389683886825,N
0.9620000000000001,0.24944738924270185,-0.008507412887049485,0.16840291229687307,N
0.6164000000000001,0.16313135811363802,-0.013264252551039803,0.24512266061993607,N
0.6121818181818183,0.15594976940833355,-0.00938391465891452,0.2495016937595751,N
0.5607272727272726,0.011545096630099994,0.0075190609755641825,0.2619631082422851,N
0.5646153846153846,0.013344768272123934,0.007154639093555206,0.2651985027930444,N
0.5627692307692308,0.014283685401150934,0.0029402014034069636,0.2782242050121102,N
0.5636923076923077,0.014860296173591664,-0.0125837676317385,0.27746833146444644,N
0.5636923076923076,0.012790529040508605,-0.014988460099698057,0.2846187550138377,N
0.5652307692307692,0.010274343296654734,0.020439978311517462,0.2666766724854498,N
0.5664615384615385,0.012080597187323405,0.008368124063408243,0.25146858017785406,N
0.566,0.014904826270501957,-0.005566237653110147,0.25753187653115284,N
0.5666153846153846,0.015076923076923052,-0.00912418681183438,0.250301312227349,N
0.5655384615384615,0.013293233585986407,-0.013156984777984786,0.25267909113467635,N
0.5681538461538461,0.007583850796225352,0.01818905889102863,0.22661462329586138,N
0.5752307692307691,0.012783124970979044,-0.01669764142756257,0.220952885948674,N
0.5733846153846154,0.015499570522776805,-0.0019029331221757121,0.21558037589060666,N
0.5680000000000001,0.025371091968859096,-0.008819458851206953,0.21602180357358333,N
0.5747692307692308,0.03712381331157804,0.005600642804055586,0.21166626153398474,N
0.5756923076923077,0.037538461538461534,0.012938707950895202,0.1998766880541482,N
0.5756666666666667,0.03893441779311575,0.013393212404633712,0.2193853555549585,N
0.5748333333333333,0.0395513028300656,0.02350772150444961,0.23796102218463877,N
0.574,0.008664694055586881,-0.031033792576966215,0.20205700584716932,N
0.5738461538461538,0.010711935498787186,-0.002105933850943973,0.19517165643753817,N
0.5726153846153845,0.011104666112380647,0.005575489188049376,0.1902620346956378,N
0.5743076923076923,0.009176765102773368,0.010658343837615597,0.18712004036000107,N
0.5741538461538462,0.010272039373922194,-0.0007769718040779859,0.17628186972791637,N
0.572,0.010046047826039678,-0.0048360746441277955,0.17360477774910077,N
0.5704615384615385,0.00970816773186675,0.006306921905266156,0.17215049053633752,N
0.5708333333333334,0.01018031870271694,0.010557403884386458,0.15541333237208824,N
0.5706153846153846,0.010852425900645134,-0.0025807783445443923,0.13634187216288898,N
0.5709230769230769,0.010484138484554322,-0.0027884269477192304,0.1258363482333667,N
0.5704999999999999,0.00808805703903394,-0.001022011328995676,0.1177925976953518,N
0.5698181818181818,0.008632056342159406,0.003252015059258652,0.11400821129248202,N
0.586,0.009012811394385737,0.0054795004883173,0.2092513276808968,N
0.5853846153846153,0.007580729227541495,0.01620228445700189,0.2107491092441495,N
0.5853846153846153,0.006945263594028137,0.006372138495940179,0.20576578970421538,N
0.5850769230769232,0.007384615384615391,-0.004498671745814108,0.20953214751181554,N
0.5853846153846154,0.007976296244194298,-0.002695626971273946,0.2125873160995312,N
0.5849230769230769,0.00821313711694717,-0.0026190471024163027,0.21894161869532186,N
0.5847692307692308,0.006398964413257059,0.004590516148945219,0.22759745300827355,N
0.5849230769230769,0.006955479726435277,0.012722788990928515,0.23095491106846797,N
0.5849230769230769,0.008651025181236654,-0.0021687716365921535,0.2121975944365869,N
0.585076923076923,0.008615384615384624,-0.004620940015311298,0.21602681537006738,N
0.5849230769230769,0.007173257370384478,0.003510057366546384,0.22179172233061606,N
0.5850769230769229,0.008651025181236654,0.003962837896143174,0.2169725161762189,N
0.5869230769230769,0.008250515494025805,-0.0057766509548441095,0.2043733044333562,N
0.5863076923076922,0.008333293885508217,0.005181595564219271,0.20554803438538582,N
0.5863076923076922,0.00791672635708838,0.00011593865106777851,0.20307870992990823,N
0.586,0.008593378488473202,-0.002892952079075746,0.20949522943280693,N
0.5847692307692308,0.01209038935654678,0.008308379455851743,0.20842001159559181,N
0.587076923076923,0.013758698163268548,0.005839002142779057,0.19538972445631142,N
0.5872307692307692,0.011436472332335888,-0.0012726114203232273,0.18543223744759782,N
0.5866153846153845,0.016406089214484033,-0.0026999403534555813,0.19163589508579706,N
0.5867692307692307,0.011136591428217768,0.008616431965481269,0.19311353333105302,N
0.5867692307692307,0.010123497770068995,-0.0008766926420689578,0.18921072909046913,N
0.5864615384615385,0.010958771580620395,-0.0005128198972619276,0.19414352380742686,N
0.5866153846153845,0.01313561489608403,-0.008492649213656608,0.20926509044802208,N
0.5861538461538462,0.011934733755827358,0.004172054688247145,0.21231956325610277,N
0.5870769230769229,0.008361648148739203,0.004564361645432383,0.21081787586696374,N
0.5866153846153845,0.008014779247772996,0.014544857299159423,0.20795082192025988,N
0.6335,0.15929244593932673,-0.0022155012403377713,0.2192771849164802,N
0.6148333333333332,0.1095793725519949,-0.010102142125794748,0.21921984196936523,N
0.5856923076923075,0.014922283880593417,-0.00040586397676808494,0.2040845381594238,N
0.5844615384615384,0.008705571908181614,0.003757308921485179,0.20320271027402156,N
0.5846153846153845,0.009426137650486402,-0.0010490112759749307,0.20337715356072655,N
0.5852307692307692,0.009814854097068674,-7.442159743110434e-05,0.20648384902296568,N
0.5863076923076923,0.0070969615967204965,0.008926286568535035,0.2246102993270567,N
0.5853846153846154,0.007701532929713132,0.0025132729025652283,0.21431976543435852,N
0.5855384615384616,0.009253817379583126,-0.0036243945646711444,0.21120706544945603,N
0.5855384615384615,0.007652203147966707,-0.0003134412093765003,0.2121454910821924,N
0.5827692307692308,0.011355472053689817,-0.009043129880728614,0.21190772380560033,N
0.5852307692307692,0.013978851312739146,0.0021196284849291755,0.2161342510398181,N
0.5859999999999999,0.014443523968041352,-0.00047632175724683775,0.21480446772243164,N
0.5852307692307691,0.01221697335144113,0.006912813445692171,0.2581289234657142,N
0.5855384615384616,0.010202679773285704,0.003970632783351663,0.25327709144923993,N
0.5863076923076922,0.009243580852799888,0.0013859729577312078,0.2467386169941921,N
0.5853846153846154,0.011698378990523318,-9.067897064411494e-05,0.26370474907014374,N
0.5843076923076922,0.013808495798348842,0.001351909439120789,0.24411356602761508,N
0.5858461538461538,0.011647688141998595,-0.001355689601803646,0.22698730500181433,N
0.5861538461538461,0.010967407335767159,0.003557289429344396,0.22703805570149188,N
0.5847692307692307,0.009656833739369371,0.006906185415410552,0.24289474312151516,N
0.5852307692307692,0.01059864901516914,0.008503604563329862,0.2361715679468734,N
0.585076923076923,0.009466227731024722,-0.011652405255450327,0.24272837483199616,N
0.5852307692307692,0.009431158230150224,-0.003188424342444832,0.2456965990645397,N
0.5839999999999999,0.010756035872583723,-0.0006512118479422854,0.22804686778033212,N
0.5971666666666667,0.011327204225030809,0.025018597628204527,0.2529471452809839,N
0.5961666666666666,0.008183655798127284,-0.001832542292976294,0.20209328962387824,N
0.596,0.007302967433402222,0.0029820150138302488,0.19464265174757914,N
0.5963333333333333,0.012324321031557445,-0.001676222140579607,0.18667392726456475,N
0.5963333333333333,0.01267105187249882,-0.005801189867419791,0.1889670489088394,N
0.5915384615384615,0.012749753449292727,-0.004575349967391795,0.19873071514444257,N
0.6321666666666667,0.13679780293882246,0.006401777731273796,0.18868800092194613,N
0.6321666666666665,0.13674662295241113,-0.0005781754305750458,0.19408012192986437,N
0.6338333333333332,0.13535744859034873,-3.45491146373253e-06,0.20572140058846744,N
0.5868333333333332,0.012739919762524228,-0.0024661226174754395,0.19721857883321237,N
